-- phpMyAdmin SQL Dump
-- version 4.1.8
-- http://www.phpmyadmin.net
--
-- Host: engr-cpanel-mysql.engr.illinois.edu
-- Generation Time: Apr 27, 2014 at 09:21 PM
-- Server version: 5.1.73
-- PHP Version: 5.4.23

SET SQL_MODE = "NO_AUTO_VALUE_ON_ZERO";
SET time_zone = "+00:00";


/*!40101 SET @OLD_CHARACTER_SET_CLIENT=@@CHARACTER_SET_CLIENT */;
/*!40101 SET @OLD_CHARACTER_SET_RESULTS=@@CHARACTER_SET_RESULTS */;
/*!40101 SET @OLD_COLLATION_CONNECTION=@@COLLATION_CONNECTION */;
/*!40101 SET NAMES utf8 */;

--
-- Database: `cs411backend_food`
--

-- --------------------------------------------------------

--
-- Stand-in structure for view `bestFriendFood`
--
CREATE TABLE IF NOT EXISTS `bestFriendFood` (
`user_net_id` char(8)
,`friend_net_id` char(8)
,`food_name` varchar(255)
,`rating` int(11)
);
-- --------------------------------------------------------

--
-- Table structure for table `categories`
--

CREATE TABLE IF NOT EXISTS `categories` (
  `category_name` varchar(255) NOT NULL,
  PRIMARY KEY (`category_name`),
  UNIQUE KEY `name_UNIQUE` (`category_name`)
) ENGINE=InnoDB DEFAULT CHARSET=utf8;

--
-- Dumping data for table `categories`
--

INSERT INTO `categories` (`category_name`) VALUES
('Appetizers & Sides'),
('Breads'),
('Cheeses'),
('Desserts'),
('Dressings & Condiments'),
('Entrees'),
('Others'),
('Proteins'),
('Salads'),
('Sauces'),
('Second lunch'),
('Soups'),
('Starches'),
('Toppings'),
('Vegetables'),
('Whole Fruits');

-- --------------------------------------------------------

--
-- Table structure for table `facilities`
--

CREATE TABLE IF NOT EXISTS `facilities` (
  `facility_id` int(11) NOT NULL,
  `name` varchar(45) NOT NULL,
  PRIMARY KEY (`facility_id`),
  UNIQUE KEY `id_UNIQUE` (`facility_id`),
  UNIQUE KEY `name_UNIQUE` (`name`)
) ENGINE=InnoDB DEFAULT CHARSET=utf8;

--
-- Dumping data for table `facilities`
--

INSERT INTO `facilities` (`facility_id`, `name`) VALUES
(1, 'Busey Evans'),
(5, 'Florida Avenue'),
(10, 'Ikenberry'),
(23, 'Illinois Street'),
(28, 'Lincoln Avenue'),
(33, 'PAR');

-- --------------------------------------------------------

--
-- Table structure for table `food_items`
--

CREATE TABLE IF NOT EXISTS `food_items` (
  `food_name` varchar(255) NOT NULL,
  `category_name` varchar(255) NOT NULL,
  PRIMARY KEY (`food_name`),
  UNIQUE KEY `food_name_UNIQUE` (`food_name`),
  KEY `fk_food_items_categories1_idx` (`category_name`)
) ENGINE=InnoDB DEFAULT CHARSET=utf8;

--
-- Dumping data for table `food_items`
--

INSERT INTO `food_items` (`food_name`, `category_name`) VALUES
('Antipasto Platter', 'Appetizers & Sides'),
('Beef Kibbeh', 'Appetizers & Sides'),
('Black Beans', 'Appetizers & Sides'),
('Cheese Curds', 'Appetizers & Sides'),
('Chewda', 'Appetizers & Sides'),
('Chicken Eggroll', 'Appetizers & Sides'),
('Chicken Potstickers', 'Appetizers & Sides'),
('Chicken Wing Dings', 'Appetizers & Sides'),
('Crab Rangoons', 'Appetizers & Sides'),
('Creamy Polenta with Mushrooms', 'Appetizers & Sides'),
('Crinkle Fries', 'Appetizers & Sides'),
('Crispy Vegetable Potstickers', 'Appetizers & Sides'),
('French Fried Onion Rings', 'Appetizers & Sides'),
('Fried Battered Asparagus', 'Appetizers & Sides'),
('Fried Battered Green Beans', 'Appetizers & Sides'),
('Fried Chicken Wontons', 'Appetizers & Sides'),
('Fried Macaroni & Cheese', 'Appetizers & Sides'),
('Fried Pickles', 'Appetizers & Sides'),
('Fried Vegetarian Spring Rolls', 'Appetizers & Sides'),
('Hoback Jun ', 'Appetizers & Sides'),
('Jalapeno Bottle Caps', 'Appetizers & Sides'),
('Kale Chips', 'Appetizers & Sides'),
('Muhammara', 'Appetizers & Sides'),
('Onion Rings', 'Appetizers & Sides'),
('Pineapple Fried Rice', 'Appetizers & Sides'),
('Pinto Beans', 'Appetizers & Sides'),
('Pork Eggroll', 'Appetizers & Sides'),
('Red Bean Buns', 'Appetizers & Sides'),
('Refried Beans', 'Appetizers & Sides'),
('Shrimp Ceviche', 'Appetizers & Sides'),
('Spanakopita', 'Appetizers & Sides'),
('Steamed Pork Bun', 'Appetizers & Sides'),
('Toasted Garbanzo Beans', 'Appetizers & Sides'),
('Tomato Feta Quinoa', 'Appetizers & Sides'),
('Tri-Color Tortilla Chips', 'Appetizers & Sides'),
('Vegan Warm Cinnamon Pecan Quinoa', 'Appetizers & Sides'),
('Vegetable Egg Rolls', 'Appetizers & Sides'),
('Vegetarian Eggrolls', 'Appetizers & Sides'),
('Vegetarian Refried Beans', 'Appetizers & Sides'),
('Vietnamese Fresh Rolls', 'Appetizers & Sides'),
('12 Flour Tortilla', 'Breads'),
('4 Square Ciabatta Roll', 'Breads'),
('8 Flour Tortilla Shells', 'Breads'),
('Assorted Dinner Rolls', 'Breads'),
('Assorted Donuts', 'Breads'),
('Assorted Muffins', 'Breads'),
('Bagel Bar', 'Breads'),
('Banana Nut Muffin', 'Breads'),
('Bavarian Pretzel Roll', 'Breads'),
('Bavarian Pretzel Stick', 'Breads'),
('Biscuits', 'Breads'),
('Blueberry Muffin', 'Breads'),
('Bread Sticks', 'Breads'),
('Brioche Bun', 'Breads'),
('Cheese Danish', 'Breads'),
('Cheese Sticks', 'Breads'),
('Cheesy Garlic Bread', 'Breads'),
('Chocolate Donuts', 'Breads'),
('Cinnamon Twirls', 'Breads'),
('Coles Sticks', 'Breads'),
('Coles Sticks with Marinara', 'Breads'),
('Corn Tortilla', 'Breads'),
('Cornbread', 'Breads'),
('Country Club Roll', 'Breads'),
('Croutons', 'Breads'),
('Double Dutch Muffin', 'Breads'),
('Flour Tortilla', 'Breads'),
('French Bread', 'Breads'),
('French Dinner Roll', 'Breads'),
('French Sandwich Roll', 'Breads'),
('Garlic & Cheddar Biscuit', 'Breads'),
('Garlic Knot', 'Breads'),
('Grilled Pita Bread', 'Breads'),
('Hamburger Bun', 'Breads'),
('Herb Focaccia Bread', 'Breads'),
('Hot Dog Bun', 'Breads'),
('Hush Puppies', 'Breads'),
('Italian Herb Flat Focaccia Bread', 'Breads'),
('Jalapeno Tortilla', 'Breads'),
('Lemon Poppy Muffin', 'Breads'),
('Naan Flat Bread', 'Breads'),
('Pistachio Muffin', 'Breads'),
('Pita Bread', 'Breads'),
('Pretzel Bun', 'Breads'),
('Pumpernickel Dinner Roll', 'Breads'),
('Roti Bread', 'Breads'),
('Scones', 'Breads'),
('Sister Schubert Rolls', 'Breads'),
('Sliced Garlic Bread', 'Breads'),
('Slider Bun', 'Breads'),
('Slider Hot Dog Bun', 'Breads'),
('Southern Style Cornbread', 'Breads'),
('Spinach Tortilla Wrap', 'Breads'),
('Sweet Hawaiian Bread', 'Breads'),
('Taco Shells', 'Breads'),
('Tomato Basil Tortilla', 'Breads'),
('Vanilla Donut', 'Breads'),
('Vegan Breakfast Cookie', 'Breads'),
('Waffles', 'Breads'),
('Wrap Tortilla 12 Garlic and Herb', 'Breads'),
('Yeast Rolls', 'Breads'),
('American Cheese', 'Cheeses'),
('Combination Cheese Platter', 'Cheeses'),
('Feta Cheese', 'Cheeses'),
('Provolone Cheese Slices', 'Cheeses'),
('Shredded Cheddar Cheese', 'Cheeses'),
('Shredded Mozz/Prov Mix', 'Cheeses'),
('Shredded Parmesean Cheese', 'Cheeses'),
('Sliced Swiss Cheese', 'Cheeses'),
('Almond Apricot Bar', 'Desserts'),
('Almond Cookie', 'Desserts'),
('Almond Danish', 'Desserts'),
('Andes Mint Pie', 'Desserts'),
('Angel Food Cake', 'Desserts'),
('Apple Crisp', 'Desserts'),
('Apple Danish', 'Desserts'),
('Apple Pie', 'Desserts'),
('Apricot Danish', 'Desserts'),
('Assorted Caramel & Chocolate Cheesecakes', 'Desserts'),
('Assorted Cookies', 'Desserts'),
('Assorted Danish', 'Desserts'),
('Assorted Danishes', 'Desserts'),
('Banana Cream Pie', 'Desserts'),
('Banana Nut Brownie', 'Desserts'),
('Blondie', 'Desserts'),
('Blondie Bar', 'Desserts'),
('Blueberry Danish', 'Desserts'),
('Blueberry Pie', 'Desserts'),
('Blueberry Walnut Bar', 'Desserts'),
('Boston Cream Pie', 'Desserts'),
('Brownies', 'Desserts'),
('Butter Sugar Cookies', 'Desserts'),
('Butterscotch Brownies', 'Desserts'),
('Candy Cookie', 'Desserts'),
('Caramel Peanut Bar', 'Desserts'),
('Carrot Cake', 'Desserts'),
('Cheesecake Pie', 'Desserts'),
('Cherry Crumble Pie', 'Desserts'),
('Cherry Danish', 'Desserts'),
('Cherry Pie', 'Desserts'),
('Cherry Pie Square', 'Desserts'),
('Choc Peanut Butter Rice Krispy Treat', 'Desserts'),
('Chocolate Candy Cookies', 'Desserts'),
('Chocolate Cherry Cake', 'Desserts'),
('Chocolate Chip Pecan Pie', 'Desserts'),
('Chocolate Chip Rice Krispy Treats', 'Desserts'),
('Chocolate Chunk Cookie', 'Desserts'),
('Chocolate Coconut Cookie', 'Desserts'),
('Chocolate Coffee Rice Krispy Treat ', 'Desserts'),
('Chocolate Cream Pie', 'Desserts'),
('Chocolate Danish ', 'Desserts'),
('Chocolate Marshmallow S''Mores Pie', 'Desserts'),
('Chocolate Peanut Butter Pie', 'Desserts'),
('Chocolate Pudding', 'Desserts'),
('Chocolate Walnut Raspberry Bar', 'Desserts'),
('Coconut Cream Pie', 'Desserts'),
('Coconut Layer Cake', 'Desserts'),
('Coffee Cake', 'Desserts'),
('Cookies & Cream Pie', 'Desserts'),
('Count Chocula Treats', 'Desserts'),
('Creme Puff', 'Desserts'),
('Double Chocolate Layer Cake', 'Desserts'),
('Double Fudge Cookie', 'Desserts'),
('Dutch Apple Pie', 'Desserts'),
('Fudge Brownie', 'Desserts'),
('Funnel Cakes', 'Desserts'),
('German Chocolate Cake', 'Desserts'),
('Hand Dipped Ice Cream', 'Desserts'),
('Ice Cream Cookies and Cream', 'Desserts'),
('Ice Cream Hand Dipped', 'Desserts'),
('Ice Cream Novelties', 'Desserts'),
('Ice Cream Sundae Bar', 'Desserts'),
('Iced Chocolate Cake', 'Desserts'),
('Jell-O', 'Desserts'),
('Key Lime Pie', 'Desserts'),
('Layered Strawberry Shortcake', 'Desserts'),
('Lemon Bar', 'Desserts'),
('Lemon Bars', 'Desserts'),
('Lemon Blueberry Cake', 'Desserts'),
('Lemon Buttermilk Cake', 'Desserts'),
('Lemon Meringue Pie', 'Desserts'),
('Lemon Mist Cake', 'Desserts'),
('M&M; Blondie Bars', 'Desserts'),
('M&M; Rice Krispie Treat', 'Desserts'),
('Macadamia Nut Cookie', 'Desserts'),
('Marshmallow Brownies', 'Desserts'),
('Mocha Brownie', 'Desserts'),
('Mocha Mousse Cake', 'Desserts'),
('Molasses Ginger Cake', 'Desserts'),
('New York Cheesecake', 'Desserts'),
('New York Style Cheesecake', 'Desserts'),
('No Gluten Added Vegan Rice Krispy Treats', 'Desserts'),
('Oatmeal Cookie', 'Desserts'),
('Oatmeal Raisin Pecan Cookies', 'Desserts'),
('Orange Sheet Cake', 'Desserts'),
('Oreo Brownies', 'Desserts'),
('Peach Danish', 'Desserts'),
('Peach Pie', 'Desserts'),
('Peanut Butter Chocolate Chunk Cookies', 'Desserts'),
('Peanut Butter Cookie', 'Desserts'),
('Pineapple Upside Down Cake', 'Desserts'),
('Pound Cake with Berries', 'Desserts'),
('Pumpkin Bars', 'Desserts'),
('Pumpkin Pie', 'Desserts'),
('Raspberry Bars', 'Desserts'),
('Raspberry Chocolate Crepe Cake', 'Desserts'),
('Raspberry Pound Cake', 'Desserts'),
('Raspberry Yogurt Rice Krispy Treat', 'Desserts'),
('Red Raspberry Danish', 'Desserts'),
('Red Velvet Brownies', 'Desserts'),
('Red Velvet Layer Cake', 'Desserts'),
('Red Velvet Sheet Cake', 'Desserts'),
('Reese''s Pieces Rice Krispie on a Stick', 'Desserts'),
('Rice Krispie Treats', 'Desserts'),
('Rocky Road Cookie', 'Desserts'),
('S''mores Bar', 'Desserts'),
('Snickerdoodle Cookies', 'Desserts'),
('Sponge Cake', 'Desserts'),
('Strawberry Cheesecake Swirl Bar', 'Desserts'),
('Strawberry Danish', 'Desserts'),
('Strawberry Rhubarb Pie', 'Desserts'),
('Super Chocolate Chip Cookie', 'Desserts'),
('Sweet Potato Crunch Pie', 'Desserts'),
('Tiramisu', 'Desserts'),
('Toasted Marshmallow and Chocolate Bar', 'Desserts'),
('Toll House Pie', 'Desserts'),
('Tollhouse Pie', 'Desserts'),
('Tres Leches Fruit Cake', 'Desserts'),
('Turtle Cookie', 'Desserts'),
('Vanilla Pudding', 'Desserts'),
('Vanilla Sheet Cake', 'Desserts'),
('Vegan Brownies', 'Desserts'),
('Vegan Chocolate Cupcake', 'Desserts'),
('Vegan Fruit Cake', 'Desserts'),
('Very Berry Pie', 'Desserts'),
('Walnut Brownies', 'Desserts'),
('White Chocolate Cherry Cookies', 'Desserts'),
('White Chocolate Cranberry Blondies', 'Desserts'),
('White Chocolate Macadamia Nut Cookies', 'Desserts'),
('Whoopie Pie', 'Desserts'),
('Balsamic Vinegar', 'Dressings & Condiments'),
('BBQ Sauce', 'Dressings & Condiments'),
('Blue Cheese Dressing', 'Dressings & Condiments'),
('Chicago Style Hot Dog Toppings', 'Dressings & Condiments'),
('Chipotle Sour Cream', 'Dressings & Condiments'),
('Cilantro Mint Chutney', 'Dressings & Condiments'),
('Cocina Mexicana Salsa', 'Dressings & Condiments'),
('Cocktail Sauce', 'Dressings & Condiments'),
('Corriander Chutney', 'Dressings & Condiments'),
('Creamy Caesar Dressing', 'Dressings & Condiments'),
('Cucumber Raita', 'Dressings & Condiments'),
('Garlicky Soy Korean Dipping Sauce', 'Dressings & Condiments'),
('Gehl''s Cheese Sauce', 'Dressings & Condiments'),
('Go Chu Jang Chili Sauce', 'Dressings & Condiments'),
('Heidi''s Guacamole', 'Dressings & Condiments'),
('Honey Mustard', 'Dressings & Condiments'),
('Medium Salsa', 'Dressings & Condiments'),
('Melon Raita', 'Dressings & Condiments'),
('Olive Oil', 'Dressings & Condiments'),
('Pepperoncini Peppers', 'Dressings & Condiments'),
('Ranch Dressing', 'Dressings & Condiments'),
('Roasted Corn and Black Beans', 'Dressings & Condiments'),
('Salsa Verde', 'Dressings & Condiments'),
('Scrambled Egg Toppings', 'Dressings & Condiments'),
('Sweet Tamarind Chutney', 'Dressings & Condiments'),
('Taco Toppings', 'Dressings & Condiments'),
('Tapenade Verte', 'Dressings & Condiments'),
('Tartar Sauce', 'Dressings & Condiments'),
('Tzatziki Sauce', 'Dressings & Condiments'),
('Whipped Sweet Cream Butter', 'Dressings & Condiments'),
('White Cheese Sauce', 'Dressings & Condiments'),
('Whole Grain Dijon Mustard', 'Dressings & Condiments'),
(' Beef Enchilada Casserole', 'Entrees'),
('10oz Sirloin Steak', 'Entrees'),
('12oz Ribeye Steak', 'Entrees'),
('All-Beef Hot Dog', 'Entrees'),
('Aloo Gobi', 'Entrees'),
('Apple Cinnamon Pancakes', 'Entrees'),
('Apple Crepes', 'Entrees'),
('Apple Smoked Chicken Sausage', 'Entrees'),
('Apple, Gouda, Bacon & Cheddar Pizza', 'Entrees'),
('Asian Chicken with Sesame Orange Sauce', 'Entrees'),
('Autumn Stew', 'Entrees'),
('Avocado Ranch Chicken Breast', 'Entrees'),
('Bacon', 'Entrees'),
('Bacon Cheddar Burger', 'Entrees'),
('Bacon Cheeseburger Pizza', 'Entrees'),
('Bacon Tomato Onion Pizza', 'Entrees'),
('Baked Cajun Catfish', 'Entrees'),
('Baked Cheese Ravioli', 'Entrees'),
('Baked Chicken Pieces', 'Entrees'),
('Baked Chicken w/ BBQ Sauce', 'Entrees'),
('Baked Sweet Potato Falafel', 'Entrees'),
('Baked Ziti w/ Italian Sausage & Mushroom', 'Entrees'),
('Battered Cod', 'Entrees'),
('BBQ Bacon Burger', 'Entrees'),
('BBQ Beef Sandwich', 'Entrees'),
('BBQ Blueberry Chipotle Tofu', 'Entrees'),
('BBQ Brisket Sandwich', 'Entrees'),
('BBQ Chicken Pizza', 'Entrees'),
('BBQ Pork Pizza', 'Entrees'),
('BBQ Pork Ribs', 'Entrees'),
('BBQ Pork Sandwich', 'Entrees'),
('Bean and Cheese and Burrito', 'Entrees'),
('Bean Enchilada Casserole', 'Entrees'),
('Beef & Broccoli Stirfry', 'Entrees'),
('Beef & Chihuahua Cheese Quesadillas', 'Entrees'),
('Beef and Broccoli Stir Fry', 'Entrees'),
('Beef and Noodles', 'Entrees'),
('Beef Bourguignon', 'Entrees'),
('Beef Brisket', 'Entrees'),
('Beef Bulgogi', 'Entrees'),
('Beef Bulgogi Pizza', 'Entrees'),
('Beef Corned Cabbage', 'Entrees'),
('Beef Fajitas', 'Entrees'),
('Beef Fusilli Cheddar Bake', 'Entrees'),
('Beef Lasagna', 'Entrees'),
('Beef n Cheddar Sandwich', 'Entrees'),
('Beef Rouladen', 'Entrees'),
('Beef Sirloin Roast', 'Entrees'),
('Beef Steak Tenderloin', 'Entrees'),
('Beef Stew', 'Entrees'),
('Beef Thai Satay', 'Entrees'),
('Beef Veg Stir Fry', 'Entrees'),
('Beef with Snow Peas', 'Entrees'),
('Biscuits and Gravy', 'Entrees'),
('Black Bean Burger Wrap', 'Entrees'),
('Black Rice Paella', 'Entrees'),
('Blackened Chicken', 'Entrees'),
('Blackened Sirloin Steak', 'Entrees'),
('BLT Wrap', 'Entrees'),
('Blueberry Casserole', 'Entrees'),
('Blueberry Crepes', 'Entrees'),
('Blueberry Pancakes', 'Entrees'),
('Bon Vivant Pizza', 'Entrees'),
('Boneless Buffalo Chicken Wings', 'Entrees'),
('Boneless Carving Leg of Lamb ', 'Entrees'),
('Boneless Chicken Wings', 'Entrees'),
('Bratwurst Slider', 'Entrees'),
('Brazilian Salmon', 'Entrees'),
('Breaded Cheese Ravioli', 'Entrees'),
('Breaded Chicken Patty Sandwich', 'Entrees'),
('Breaded Chicken Slider', 'Entrees'),
('Breaded Tilapia', 'Entrees'),
('Breakfast Pizza', 'Entrees'),
('Breakfast Sausage Corn Dog', 'Entrees'),
('Brisket BBQ', 'Entrees'),
('Buckwheat Noodle Stir Fry', 'Entrees'),
('Buffalo Chicken Pizza', 'Entrees'),
('Buffalo Chicken Stromboli', 'Entrees'),
('Buffalo Posole', 'Entrees'),
('Butter Herb Tilapia', 'Entrees'),
('Buttermilk Pancakes', 'Entrees'),
('Cajun Pizza', 'Entrees'),
('Calamari with Bacon and Scallions', 'Entrees'),
('California Vegetable Pizza', 'Entrees'),
('Captain Crunch French Toast', 'Entrees'),
('Carm. Onion Bacon Blue Cheese Pizza', 'Entrees'),
('Carmelizd Onion,Blue Cheese&Walnut; Pizza', 'Entrees'),
('Carne Asada With Peppers and Onions', 'Entrees'),
('Chaeyuk Kui', 'Entrees'),
('Char Grilled Carne Asada', 'Entrees'),
('Cheese Grits', 'Entrees'),
('Cheese Quesadilla', 'Entrees'),
('Cheese Ravioli', 'Entrees'),
('Cherry Crepes', 'Entrees'),
('Chicken Alambres', 'Entrees'),
('Chicken Alfredo', 'Entrees'),
('Chicken and Noodles', 'Entrees'),
('Chicken and Rice Casserole', 'Entrees'),
('Chicken Bacon', 'Entrees'),
('Chicken Bacon Ranch Pizza', 'Entrees'),
('Chicken Breast', 'Entrees'),
('Chicken Chimichurri', 'Entrees'),
('Chicken Enchilada Pizza', 'Entrees'),
('Chicken Enchiladas', 'Entrees'),
('Chicken Fajitas', 'Entrees'),
('Chicken Fried Rice', 'Entrees'),
('Chicken Giardiniera', 'Entrees'),
('Chicken in Garlic Sauce', 'Entrees'),
('Chicken Lasagna', 'Entrees'),
('Chicken Marsala', 'Entrees'),
('Chicken Philly Pizza', 'Entrees'),
('Chicken Pot Pie', 'Entrees'),
('Chicken Quesadillas', 'Entrees'),
('Chicken Saltimbocca', 'Entrees'),
('Chicken Slider with Biscuit', 'Entrees'),
('Chicken Spring Rolls', 'Entrees'),
('Chicken Stir Fry', 'Entrees'),
('Chicken Stir Fry with Broccoli', 'Entrees'),
('Chicken Tandoori', 'Entrees'),
('Chicken Tenders', 'Entrees'),
('Chicken Teriyaki Pizza', 'Entrees'),
('Chicken Wing', 'Entrees'),
('Chili Dog', 'Entrees'),
('Chili Garlic Shrimp', 'Entrees'),
('Chimichurri Flank Steak', 'Entrees'),
('Chimichurri Tri Tip Roast', 'Entrees'),
('Chocolate Chip Pancakes', 'Entrees'),
('Chocolate Malt-o-Meal', 'Entrees'),
('Chocolate Pancakes', 'Entrees'),
('Chop Chae', 'Entrees'),
('Chop House Tater', 'Entrees'),
('Chorizo Avocado Pizza', 'Entrees'),
('Chorizo Sausage Patty', 'Entrees'),
('Cider-Roasted Pork Loin', 'Entrees'),
('Cocina Grilled Chicken', 'Entrees'),
('Cod Fish Nuggets', 'Entrees'),
('Corn Casserole ', 'Entrees'),
('Corn Dog', 'Entrees'),
('Corned Beef Hash', 'Entrees'),
('Country Fried Steak', 'Entrees'),
('Country Fried Steak Slider with Biscuit', 'Entrees'),
('Crab Legs', 'Entrees'),
('Crab Rangoon Pizza', 'Entrees'),
('Cranberry Sriacha and Mint Chicken Wings', 'Entrees'),
('Crazy Monkey Panini', 'Entrees'),
('Cream of Wheat', 'Entrees'),
('Creamy Polenta w/ Sausage Mushroom Ragu', 'Entrees'),
('Cuban Black Beans', 'Entrees'),
('Cuban Sandwich', 'Entrees'),
('Curried Chicken Stew', 'Entrees'),
('Curried Egg Tofu Salad', 'Entrees'),
('Curried Vegetable Stew', 'Entrees'),
('Egg White Breakfast Sandwich', 'Entrees'),
('Egg, Cheese & Canadian Bacon Sandwich', 'Entrees'),
('Eggplant Parmesan', 'Entrees'),
('Eggs Benedict', 'Entrees'),
('Eggs Blackstone', 'Entrees'),
('Everything Pizza', 'Entrees'),
('Extreme Sausage Pizza', 'Entrees'),
('Falafel', 'Entrees'),
('Falafel with Pita', 'Entrees'),
('Fantail Shrimp', 'Entrees'),
('Farfalle with Vegetables and Herbs', 'Entrees'),
('Fish Tacos', 'Entrees'),
('Flatbread Bar', 'Entrees'),
('Florentine Pizza', 'Entrees'),
('Four Cheese Pizza', 'Entrees'),
('Four Cheese White Pizza w/Basil & Garlic', 'Entrees'),
('French Dip Sandwich', 'Entrees'),
('French Toast', 'Entrees'),
('French Toast Sticks', 'Entrees'),
('Fried Calamari', 'Entrees'),
('Fried Catfish Filets', 'Entrees'),
('Fried Catfish Fillet', 'Entrees'),
('Fried Chicken', 'Entrees'),
('Fried Tofu', 'Entrees'),
('Gallo Pinto', 'Entrees'),
('Gardenburger Sandwich', 'Entrees'),
('Garlic Asiago Ravioli with Pesto Cream', 'Entrees'),
('Garlic White Chicken Pizza', 'Entrees'),
('Gemuse mit der Huhnchenbrust', 'Entrees'),
('General Tso''s Chicken', 'Entrees'),
('General Tso''s Pizza', 'Entrees'),
('General Tso''s Tofu', 'Entrees'),
('Giant Hamburger On Bun', 'Entrees'),
('Gnocchi with Gorgonzola Sauce', 'Entrees'),
('Golden Fried Tofu with Chili Sauce', 'Entrees'),
('Grandma''s Pot Roast', 'Entrees'),
('Granola Pancakes', 'Entrees'),
('Greek Chicken', 'Entrees'),
('Greek Pizza', 'Entrees'),
('Grilled Apple Honey Glazed Chicken', 'Entrees'),
('Grilled Beer Bratwurst', 'Entrees'),
('Grilled Bratwurst with Peppers & Onions', 'Entrees'),
('Grilled Buffalo Chicken', 'Entrees'),
('Grilled Cheddar on Sourdough', 'Entrees'),
('Grilled Cheddar on Wheat Berry', 'Entrees'),
('Grilled Cheese Bar', 'Entrees'),
('Grilled Cheese Sandwich', 'Entrees'),
('Grilled Chicken Breast', 'Entrees'),
('Grilled Chicken Parmesan Sandwich ', 'Entrees'),
('Grilled Chicken Sandwich', 'Entrees'),
('Grilled Ham', 'Entrees'),
('Grilled Muenster & Bacon on Sourdough', 'Entrees'),
('Grilled Muenster on Sourdough', 'Entrees'),
('Grilled NY Strip Steak', 'Entrees'),
('Grilled Piri Piri Shrimp', 'Entrees'),
('Grilled Pork Loin Sandwich', 'Entrees'),
('Grilled Ranch Chicken Breast', 'Entrees'),
('Grilled Salmon', 'Entrees'),
('Grilled Smoked Turkey with Cheddar', 'Entrees'),
('Grinder Bar', 'Entrees'),
('Grits', 'Entrees'),
('Ground Beef Tacos', 'Entrees'),
('Gyro Meat', 'Entrees'),
('Gyro Sandwich', 'Entrees'),
('Ham', 'Entrees'),
('Ham & Cheese Crepes', 'Entrees'),
('Hamburger on Bun', 'Entrees'),
('Hard Cooked Eggs', 'Entrees'),
('Harissa Pasta Saute', 'Entrees'),
('Hawaiian Pizza', 'Entrees'),
('Hawaiian Sticky Tofu', 'Entrees'),
('Herb Grilled Chicken', 'Entrees'),
('Herb Roasted Chicken', 'Entrees'),
('Herb Roasted Sliced Pork Loin', 'Entrees'),
('Herb Smoked Turkey Breast', 'Entrees'),
('Herbed Grilled Turkey', 'Entrees'),
('Honey Baked Ham', 'Entrees'),
('Honey Chipotle Chicken', 'Entrees'),
('Honey Dijon Chicken', 'Entrees'),
('Hummus & Vegetable Wrap', 'Entrees'),
('Italian Beef Sandwich', 'Entrees'),
('Italian Herb Chicken', 'Entrees'),
('Italian Marinated Pork Loin', 'Entrees'),
('Italian Sausage Lasagna', 'Entrees'),
('Italian Sausage Slider', 'Entrees'),
('Jerk Chicken Breast', 'Entrees'),
('Kielbasa Sausage', 'Entrees'),
('Korean BBQ Chicken Skewer', 'Entrees'),
('Korean Bean Thread Noodles w/ Vegetables', 'Entrees'),
('Korean Bibim Bap', 'Entrees'),
('Korean Kim Chi', 'Entrees'),
('Korean Spicy Chicken Pizza', 'Entrees'),
('Kung Pao Chicken', 'Entrees'),
('Latin Strata', 'Entrees'),
('Le Hog Pizza', 'Entrees'),
('Lemon and Garlic Grilled Prawns', 'Entrees'),
('Lemon Garlic Chicken Skewers', 'Entrees'),
('Lemon Pepper Chicken Breast', 'Entrees'),
('Lentil Shepherd''s Pie', 'Entrees'),
('Lentils with Spinach', 'Entrees'),
('Lettuce & Tofu Wraps', 'Entrees'),
('Lighter Side of Italy Panini', 'Entrees'),
('Lomo Saltado', 'Entrees'),
('London Broil', 'Entrees'),
('Mac N Cheese BBQ Pork Sandwich', 'Entrees'),
('Macaroni & Cheese', 'Entrees'),
('Madras Curry Tofu', 'Entrees'),
('Makanek', 'Entrees'),
('Make Your Own Chorizo Breakfast Burrito', 'Entrees'),
('Malibu Burger', 'Entrees'),
('Malt-o-Meal', 'Entrees'),
('Mango Chutney', 'Entrees'),
('Maple Pecan French Toast Casserole', 'Entrees'),
('Margherita Pizza', 'Entrees'),
('Margherita Stromboli', 'Entrees'),
('Marinated Leg of Lamb', 'Entrees'),
('Marinated Pork Chop', 'Entrees'),
('Masala Fried Fish', 'Entrees'),
('Meatball Sub Sandwich', 'Entrees'),
('Meatloaf', 'Entrees'),
('Meatzza Lovers Pizza', 'Entrees'),
('Mediterranean Vegetable Risotto', 'Entrees'),
('Milk Steak boiled over hard', 'Entrees'),
('Miso Cod', 'Entrees'),
('Mongolian Beef', 'Entrees'),
('Mongolian Drumsticks', 'Entrees'),
('Moorish Pork', 'Entrees'),
('Moroccan Vegetable Ragout', 'Entrees'),
('Muffaleta Pizza', 'Entrees'),
('Mushroom Rice Bowl', 'Entrees'),
('Mushroom Swiss Burger', 'Entrees'),
('Mussels w/Tomatoes & Tarragon', 'Entrees'),
('Muttar Paneer', 'Entrees'),
('Nacho Pizza', 'Entrees'),
('Neapolitan Spaghetti', 'Entrees'),
('Oatmeal', 'Entrees'),
('Okonomiyaki', 'Entrees'),
('Omelet Station', 'Entrees'),
('Orange Chicken', 'Entrees'),
('Original Popcorn Chicken', 'Entrees'),
('Panang Curry w/ Beef', 'Entrees'),
('Pasta Primavera', 'Entrees'),
('Peach Crepes', 'Entrees'),
('Peking Duck Pizza', 'Entrees'),
('Penne w/ Velvety Sun Dried Tomato Sauce', 'Entrees'),
('Penne with Sundried Tomato & Artichokes', 'Entrees'),
('Pepper Melange and Fontina Pizza', 'Entrees'),
('Pepperoni Pizza', 'Entrees'),
('Pepperoni Roll', 'Entrees'),
('Pepperoni Stromboli', 'Entrees'),
('Pesto Turkey Filet', 'Entrees'),
('Philly Cheese Steak Pizza', 'Entrees'),
('Philly Cheese Steak Sandwich', 'Entrees'),
('Pistachio Stuffed Leg of Lamb', 'Entrees'),
('Pizza Bianca', 'Entrees'),
('Plain Scrambled Eggs', 'Entrees'),
('Polenta with Spinach & Garlic', 'Entrees'),
('Polynesian Chicken', 'Entrees'),
('Popcorn Shrimp', 'Entrees'),
('Pork Bulgogi', 'Entrees'),
('Pork Carnita IKE', 'Entrees'),
('Pork Fajitas Chipotle', 'Entrees'),
('Pork Fritter Sandwich', 'Entrees'),
('Pork Loin Diane with Sauce', 'Entrees'),
('Pork Sausage Links', 'Entrees'),
('Pork Sausage Patties', 'Entrees'),
('Pork with Sweet and Spicy Plum Sauce', 'Entrees'),
('Portobello and Red Pepper Pizza', 'Entrees'),
('Potato Onion Pierogie w/ Sauteed Veggies', 'Entrees'),
('Potato, Caramelized Onion &Cheddar; Pizza', 'Entrees'),
('Princess Chicken', 'Entrees'),
('Pulled Pork', 'Entrees'),
('Pulled Pork Lasagna', 'Entrees'),
('Quiche Lorraine', 'Entrees'),
('Quinoa Stuffed Poblano Peppers', 'Entrees'),
('Ratatouille', 'Entrees'),
('Red Pepper and Avocado Wrap', 'Entrees'),
('Ribeye Roast', 'Entrees'),
('Rigatoni Pizza Pasta Bake', 'Entrees'),
('Roasted Cornish Hens', 'Entrees'),
('Roasted Jerk Chicken', 'Entrees'),
('Roasted Red Pork', 'Entrees'),
('Roasted Tomato & Pesto Sandwich', 'Entrees'),
('Roasted Turkey Breast', 'Entrees'),
('Roasted Vegetable Lasagna', 'Entrees'),
('Roasted Vegetable Rustica Pizza', 'Entrees'),
('Rosemary and Garlic Tri Tip Churassco', 'Entrees'),
('Salmon Teriyaki', 'Entrees'),
('Salmon with Julienne Vegetables', 'Entrees'),
('Sausage Carmlized Onion Smkd Gouda Pizza', 'Entrees'),
('Sausage Donut Breakfast Sandwich', 'Entrees'),
('Sausage Gravy', 'Entrees'),
('Sausage Mushroom & Pepperoni Pizza', 'Entrees'),
('Sausage Mushroom Pizza', 'Entrees'),
('Sausage Pizza', 'Entrees'),
('Sausage Stromboli', 'Entrees'),
('Scrambled Eggs', 'Entrees'),
('Seadog Sandwich', 'Entrees'),
('Seafood Pizza', 'Entrees'),
('Shredded Chicken Carnitas', 'Entrees'),
('Shrimp & Vegetable Stir Fry', 'Entrees'),
('Shrimp Alfredo', 'Entrees'),
('Shrimp and Grits', 'Entrees'),
('Shrimp Cocktail', 'Entrees'),
('Shrimp Creole', 'Entrees'),
('Shrimp Hunan', 'Entrees'),
('Shrimp Mojo Skewer', 'Entrees'),
('Shrimp Pad Thai', 'Entrees'),
('Shrimp Po'' Boy Sandwich', 'Entrees'),
('Shrimp Quesadilla', 'Entrees'),
('Sirloin Tri-Tip Roast', 'Entrees'),
('Sloppy Joe Sandwiches', 'Entrees'),
('Slow Roasted Pork Loin', 'Entrees'),
('Smoked Mozzarella & Tomato Empanadas', 'Entrees'),
('Smoked Pork Loin Sandwich', 'Entrees'),
('Smoked Tofu Steak', 'Entrees'),
('Smoked Tofu Steak w/ Mango Chutney', 'Entrees'),
('Soo Hwa Wrap', 'Entrees'),
('Soup Ramen Condiments', 'Entrees'),
('Southern Dry Rub Baby Back Ribs', 'Entrees'),
('Southern Style Tofu', 'Entrees'),
('Soy Honey Grilled Salmon', 'Entrees'),
('Spicy Black Bean Burger', 'Entrees'),
('Spicy Italian Burger', 'Entrees'),
('Spicy Italian Pizza ', 'Entrees'),
('Spicy Italian Sausage Pizza', 'Entrees'),
('Spinach and Feta Quiche', 'Entrees'),
('Spinach and Feta Stuffed Rigatoni', 'Entrees'),
('Spinach Artichoke Pizza', 'Entrees'),
('Spinach Broccoli Pizza', 'Entrees'),
('Spinach Lasagna', 'Entrees'),
('Spinach, Leek, & Mushroom Pizza', 'Entrees'),
('Spiral Sliced Ham', 'Entrees'),
('Squash Sweet Potato & Plantain Curry', 'Entrees'),
('Steak & Potato Pizza', 'Entrees'),
('Strawberry Crepes', 'Entrees'),
('Strawberry Hummus Wrap', 'Entrees'),
('Stuffed Portabella Mushroom', 'Entrees'),
('Sun Dried Tomato Pizza', 'Entrees'),
('Supreme Pizza', 'Entrees'),
('Sweet & Sour Tofu', 'Entrees'),
('Sweet ''n'' Sour Pork Pizza', 'Entrees'),
('Sweet and Sour Chicken', 'Entrees'),
('Sweet and Sour Cod', 'Entrees'),
('Sweet and Sour Pork', 'Entrees'),
('Sweet and Spicy BBQ Pork', 'Entrees'),
('Szechuan Chicken', 'Entrees'),
('T-bone Steak', 'Entrees'),
('Taco Meat', 'Entrees'),
('Taco Nacho Bar', 'Entrees'),
('Tamarind Shrimp', 'Entrees'),
('Tandoori Chicken Curry', 'Entrees'),
('Tempeh-Stuffed Bell Peppers', 'Entrees'),
('Thai Basil Tofu Stir Fry', 'Entrees'),
('Thai Chili Chicken', 'Entrees'),
('Thai Chili Chicken Drumsticks', 'Entrees'),
('Thai Tofu Pizza', 'Entrees'),
('Thin Crust Chicken Pesto Pizza', 'Entrees'),
('Three Cheese Lasagna', 'Entrees'),
('Three Cheese Pizza', 'Entrees'),
('Three Cheese Stromboli', 'Entrees'),
('Three Cheese, Potato, and Spinach Bake', 'Entrees'),
('TLT Sandwich', 'Entrees'),
('Tofu and Vegetable Stir Fry', 'Entrees'),
('Tofu Pizza Casserole', 'Entrees'),
('Tofu with Mango Chutney', 'Entrees'),
('Top Sirloin Beef Steak ', 'Entrees'),
('Tortellini with Pesto Cream', 'Entrees'),
('Tortilla Crusted Tilapia', 'Entrees'),
('Tortilla Española', 'Entrees'),
('Tropical Grilled Chicken Breast', 'Entrees'),
('Tropical Island Wrap', 'Entrees'),
('Turkey Bacon Panini', 'Entrees'),
('Turkey Burger', 'Entrees'),
('Turkey Pot Pie', 'Entrees'),
('Turkey Sausage Patty', 'Entrees'),
('Vegan BBQ Riblets', 'Entrees'),
('Vegan Cabbage Rolls', 'Entrees'),
('Vegan Cantonese Almond Chicken', 'Entrees'),
('Vegan Chicken Bang Bang', 'Entrees'),
('Vegan Chicken Sukiyaki', 'Entrees'),
('Vegan Fajitas', 'Entrees'),
('Vegan Fiesta Wrap', 'Entrees'),
('Vegan Grilled Ham & Cheese Sandwich', 'Entrees'),
('Vegan Gumbo', 'Entrees'),
('Vegan Jerk Chicken', 'Entrees'),
('Vegan Lighter Side of Italy Panini', 'Entrees'),
('Vegan Meatballs and Marinara', 'Entrees'),
('Vegan Mediterranean Pasta Toss', 'Entrees'),
('Vegan Mousaka', 'Entrees'),
('Vegan Muffaletta Sandwich', 'Entrees'),
('Vegan Sloppy Joe', 'Entrees'),
('Vegan Soo Hwa Wrap', 'Entrees'),
('Vegan Spaghetti & Meatballs', 'Entrees'),
('Vegan Spinach Lasagna', 'Entrees'),
('Vegan Stuffed Portabella Mushrooms', 'Entrees'),
('Vegan Sweet N Sour Chick''n Nuggets', 'Entrees'),
('Vegan Tacos', 'Entrees'),
('Vegan Tamale Pie', 'Entrees'),
('Vegan Thanksgiving Day Sandwich', 'Entrees'),
('Vegan Thanksgiving Meat Loaf', 'Entrees'),
('Vegan Tikka Masala', 'Entrees'),
('Vegan Tofu & Vegetable Wrap', 'Entrees'),
('Vegetable Chow Mein', 'Entrees'),
('Vegetable Lo Mein', 'Entrees'),
('Vegetable Pad Thai', 'Entrees'),
('Vegetarian Buddha''s Delight', 'Entrees'),
('Vegetarian Buffalo Wings', 'Entrees'),
('Vegetarian Burrito Casserole', 'Entrees'),
('Vegetarian Chicken Enchilada Casserole', 'Entrees'),
('Vegetarian Cupos', 'Entrees'),
('Vegetarian Hot Dog', 'Entrees'),
('Vegetarian Meatloaf', 'Entrees'),
('Vegetarian Nuggets', 'Entrees'),
('Vegetarian Paella', 'Entrees'),
('Vegetarian Quiche Lorraine ', 'Entrees'),
('Vegetarian Sausage Gravy', 'Entrees'),
('Vegetarian Stroganoff', 'Entrees'),
('Veggie Sausage Patty', 'Entrees'),
('Venezuelan Shrimp with Feta', 'Entrees'),
('White Garlic Salami Pizza', 'Entrees'),
('White Pesto Pizza', 'Entrees'),
('White Pesto Thin Crust Pizza', 'Entrees'),
('Wild Mushroom Lasagna', 'Entrees'),
('Yaki Udon', 'Entrees'),
('Yucatecan Chicken', 'Entrees'),
('Zucchini Quinoa Lasagna', 'Entrees'),
('Fresh Cilantro', 'Others'),
('Gelatin-Free Yogurt', 'Others'),
('Limes', 'Others'),
('Smoked Salmon, Cream Cheese, Onion', 'Others'),
('Waffle Bar', 'Others'),
('Yogurt Bar', 'Others'),
('Italian Sausage', 'Proteins'),
('Meatballs', 'Proteins'),
('Sausage', 'Proteins'),
('Shrimp ', 'Proteins'),
('Turkey Breast', 'Proteins'),
(' Yukon Gold Potato Salad with Artichoke', 'Salads'),
('Ambrosia Fruit Salad', 'Salads'),
('Apple & Candied Pecan Salad', 'Salads'),
('Artichoke, Arugula & Mushroom Salad', 'Salads'),
('Autumn Fruit & Nut Salad', 'Salads'),
('Bi Bim Bap Salad', 'Salads'),
('Black Bean Salad w/ Chiles and Lime', 'Salads'),
('Blackeyed Pea Salad', 'Salads'),
('Broccoli Raisin Salad', 'Salads'),
('Broccoli Ramen Salad', 'Salads'),
('Broccoli Slaw', 'Salads'),
('Broccoli, Chickpea and Millet Salad', 'Salads'),
('Buffalo Chicken Salad', 'Salads'),
('Bulgur, Walnut, Celery & Grape Salad', 'Salads'),
('Cactus And Vegetable Salad', 'Salads'),
('Caesar Salad', 'Salads'),
('Cannelini Bean Salad', 'Salads'),
('Cannellini Salad w/ Artichokes and Spelt', 'Salads'),
('Caprese Pasta Salad', 'Salads'),
('Caprese Salad', 'Salads'),
('Carrot, White Bean, and Dill Salad', 'Salads'),
('Chef Salad', 'Salads'),
('Chicken Caesar Salad', 'Salads'),
('Chicken Salad', 'Salads'),
('Chicken Sesame Salad', 'Salads'),
('Chopped Miso Salad', 'Salads'),
('Chopped Romaine', 'Salads'),
('Chow Mein Salad', 'Salads'),
('Cobb Salad', 'Salads'),
('Confetti Pasta Salad', 'Salads'),
('Crab and Pasta Salad', 'Salads'),
('Crab Salad', 'Salads'),
('Creamy Cole Slaw', 'Salads'),
('Creamy Fruit Salad', 'Salads'),
('Creamy Herb Coleslaw', 'Salads'),
('Creamy Shrimp Twist Salad', 'Salads'),
('Crisp Garden Salad', 'Salads'),
('Croque Monsieur Salad', 'Salads'),
('Cucumber & Onion Salad', 'Salads'),
('Curried Egg Salad', 'Salads'),
('Daikon Noodle Salad with Tofu', 'Salads'),
('Dang Cold Noodle Salad', 'Salads'),
('Deviled Egg Salad', 'Salads'),
('Don''s Pasta Salad', 'Salads'),
('Egg Salad', 'Salads'),
('Eggplant Hummus', 'Salads'),
('Fire Island Coleslaw', 'Salads'),
('Five Cup Salad', 'Salads'),
('Fruit & Nut Chicken Salad', 'Salads'),
('Fruit Salad', 'Salads'),
('Gravlax Egg Salad', 'Salads'),
('Greek Orzo Pasta Salad', 'Salads'),
('Greek Salad', 'Salads'),
('Grilled Shrimp and Chipotle Salad', 'Salads'),
('Ham Salad', 'Salads'),
('Hummus', 'Salads'),
('Illini Salad', 'Salads'),
('Israeli Couscous Salad w/ Fruit & Nuts', 'Salads'),
('Italian Chop Salad', 'Salads'),
('Italian Tomato Basil & Pasta Salad', 'Salads'),
('Kale Market Salad', 'Salads'),
('Key West Pineapple Slaw', 'Salads'),
('Kim Chee', 'Salads'),
('Kim Chi', 'Salads'),
('Lemon Goat Cheese Hummus', 'Salads'),
('Loaded Baked Potato Salad', 'Salads'),
('Lobster Waldorf Salad', 'Salads'),
('Macaroni Salad', 'Salads'),
('Mango Couscous', 'Salads'),
('Marinated Vegetable Salad', 'Salads'),
('Mediterranean Couscous', 'Salads'),
('Mexicali Twist', 'Salads'),
('Nicoise Salad', 'Salads'),
('Olive Medley Tapas Tray', 'Salads'),
('Orange Chicken Salad with Dill', 'Salads'),
('Pasta Salad with Soy Vinaigrette', 'Salads'),
('Pear and Spinach Salad', 'Salads'),
('Pesto Pasta Salad', 'Salads'),
('Pesto Powerhouse Salad', 'Salads'),
('Purple Potato, Artichoke, & Millet Salad', 'Salads'),
('Quinoa Lentil Salad', 'Salads'),
('Quinoa, Apple, Cranberry & Feta Salad', 'Salads'),
('Ranch Egg Salad', 'Salads'),
('Red Pepper Hummus', 'Salads'),
('Roasted Beet and Orange Salad', 'Salads'),
('Roasted Corn & Black Bean Salad', 'Salads'),
('Roasted Edamame Salad', 'Salads'),
('Roasted Potato Salad', 'Salads'),
('Roasted Vegetable and Quinoa Salad', 'Salads'),
('Seafood Salad', 'Salads'),
('Sesame Broccoli Slaw', 'Salads'),
('Simple Salad w/ Miso Dressing', 'Salads'),
('Smoked Hummus', 'Salads'),
('Smoked Turkey Salad', 'Salads'),
('Soul''s Potato Salad', 'Salads'),
('Southeast Asian Salad', 'Salads'),
('Southwest Caesar Salad', 'Salads'),
('Southwest Chicken Pasta Salad', 'Salads'),
('Southwest Vegetable Salad', 'Salads'),
('Spelt and Edamame Salad', 'Salads'),
('Spelt, Arugula & Chimichurri Salad', 'Salads'),
('Spicy Southwest Potato Salad', 'Salads'),
('Spinach and Strawberry Salad', 'Salads'),
('Spinach Salad with Poppy Seed Dressing', 'Salads'),
('Spring Break Salad', 'Salads'),
('Steak Fajita Salad', 'Salads'),
('Strawberry Hummus', 'Salads'),
('Sweet Potato Hummus', 'Salads'),
('Tabbouleh Salad', 'Salads'),
('Taco Salad', 'Salads'),
('Taffy Apple Salad', 'Salads'),
('Tapas Platter', 'Salads'),
('Tex Mex Quinoa', 'Salads'),
('Thai Beef Salad', 'Salads'),
('Tofu Salad with Rice Wine Vinaigrette', 'Salads'),
('Tortellini Salad', 'Salads'),
('Tropical Chicken Salad', 'Salads'),
('Tuna Salad', 'Salads'),
('Twice Baked Potato Salad', 'Salads'),
('Vegan Illini Salad', 'Salads'),
('Vegan Strawberry Panzanella Salad', 'Salads'),
('Vinaigrette Cole Slaw', 'Salads'),
('Waldorf Salad', 'Salads'),
('Warm Roasted Red Potato Salad', 'Salads'),
('When Grapes Get the Bleus Salad', 'Salads'),
('White Bean & Arugula Salad', 'Salads'),
('Zesty Pasta Bean Salad', 'Salads'),
('Alabama White BBQ Sauce', 'Sauces'),
('Alfredo Sauce', 'Sauces'),
('Apricot Sweet & Sour Sauce', 'Sauces'),
('Asian Garlic Chili Sauce', 'Sauces'),
('Balsamic Reduction', 'Sauces'),
('Beef Gravy', 'Sauces'),
('Bolognese Sauce', 'Sauces'),
('Broccoli and Cheese Sauce', 'Sauces'),
('Carolina BBQ Sauce', 'Sauces'),
('Cheese Sauce', 'Sauces'),
('Chicken Gravy', 'Sauces'),
('Creamy Pesto Sauce', 'Sauces'),
('Frank''s Hot Sauce', 'Sauces'),
('Go Chu Jang Sauce', 'Sauces'),
('Hoisin', 'Sauces'),
('Italian Garden Sauce', 'Sauces'),
('Italian Meat Sauce', 'Sauces'),
('Italian Sausage Sauce', 'Sauces'),
('Light Soy Sauce', 'Sauces'),
('Marinara Sauce', 'Sauces'),
('Mint Pesto Sauce', 'Sauces'),
('Oodles Dipping Sauce', 'Sauces'),
('Oodles Peanut Sauce', 'Sauces'),
('Pancake Syrup', 'Sauces'),
('Pepper Gravy', 'Sauces'),
('Pizza Sauce', 'Sauces'),
('Ponzu Sauce', 'Sauces'),
('Puttanesca Sauce', 'Sauces'),
('Roasted Red Pepper Sauce', 'Sauces'),
('Seasoned Chicken Gravy', 'Sauces'),
('Sharp Cheddar Cheese Sauce', 'Sauces'),
('Smoked Gouda Cheese Sauce', 'Sauces'),
('Sour Cream', 'Sauces'),
('Spicy BBQ Sauce', 'Sauces'),
('Sriracha Sauce', 'Sauces'),
('Strawberry Pretzel Salad', 'Sauces'),
('Sweet & Sour Sauce', 'Sauces'),
('Sweet & Spicy Plum Sauce', 'Sauces'),
('Teriyaki Sauce', 'Sauces'),
('Thai Basil Sauce', 'Sauces'),
('Thai Chili Sauce', 'Sauces'),
('Turkey Gravy', 'Sauces'),
('Vegetable Spread', 'Sauces'),
('African Sweet Potato and Peanut Soup', 'Soups'),
('Baked Potato Soup', 'Soups'),
('Beef Barley Soup', 'Soups'),
('Beef Vegetable Soup', 'Soups'),
('Beer Cheese Soup', 'Soups'),
('Black Bean Chili', 'Soups'),
('Black Eye Pea Soup w/ Sweet Potato', 'Soups'),
('Broccoli Cheese Soup', 'Soups'),
('Cajun Shrimp Soup', 'Soups'),
('California Medley Soup', 'Soups'),
('Chicken Dumpling Soup', 'Soups'),
('Chicken Gumbo Soup', 'Soups'),
('Chicken Gumbo with Andouille Sausage', 'Soups'),
('Chicken Noodle Soup', 'Soups'),
('Chicken Posole Soup', 'Soups'),
('Chicken Ramen Broth', 'Soups'),
('Chicken Tortellini with Pesto Soup', 'Soups'),
('Chicken Tortilla Soup', 'Soups'),
('Chicken Wonton Soup', 'Soups'),
('Chicken, White & Wild Rice Soup', 'Soups'),
('Chickpea & Tomato Soup', 'Soups'),
('Chili', 'Soups'),
('Corn & Shrimp Chowder', 'Soups'),
('Corn Chowder Soup with Bacon', 'Soups'),
('Cream of Mushroom Soup', 'Soups'),
('Cream of Potato Soup', 'Soups'),
('Cream of Tomato Soup', 'Soups'),
('Curried Carrot Puree Soup', 'Soups'),
('Egg Drop Soup', 'Soups'),
('Five Bean & Ham Hock Soup', 'Soups'),
('French Onion Soup', 'Soups'),
('Ham and Bean Soup', 'Soups'),
('Hot & Sour Soup', 'Soups'),
('Italian Wedding Soup', 'Soups'),
('Korean Miso Soup', 'Soups'),
('Lentil Soup', 'Soups'),
('Manhattan Clam Chowder', 'Soups'),
('Minestrone Soup', 'Soups'),
('Miso Soup', 'Soups'),
('Moroccan Lentil Soup', 'Soups'),
('Navy Bean Soup', 'Soups'),
('New England Clam Chowder', 'Soups'),
('Pasta Fagioli Soup ', 'Soups'),
('Pho', 'Soups'),
('Pinto Bean and Ham Hock Soup', 'Soups'),
('Potato Leek Soup', 'Soups'),
('Potato Sausage Soup', 'Soups'),
('Roasted Red Pepper Soup', 'Soups'),
('Roasted Tomato with Basil Soup', 'Soups'),
('Spicy Adobo Pork Soup', 'Soups'),
('Squash Soup with Apple Confit', 'Soups'),
('Tom Yum Soup', 'Soups'),
('Tomato Basil Soup', 'Soups'),
('Tomato Soup', 'Soups'),
('Tuscan Soup', 'Soups'),
('Vegan Chili', 'Soups'),
('Vegan Split Pea Soup', 'Soups'),
('Vegan Sweet Potato Soup', 'Soups'),
('Vegetable Barley Soup', 'Soups'),
('Vegetable Pho', 'Soups'),
('Vegetable Ramen Broth', 'Soups'),
('Vegetarian Beer Cheese Soup', 'Soups'),
('Vegetarian Chili', 'Soups'),
('Vegetarian Corn Chowder', 'Soups'),
('White Chicken Chili', 'Soups'),
('Zesty Garden Soup', 'Soups'),
('American Fried Potatoes', 'Starches'),
('Baked Potatoes', 'Starches'),
('Baked Sweet Potato', 'Starches'),
('Balila (Chickpeas in Cumin & Olive Oil)', 'Starches'),
('Basmati Rice', 'Starches'),
('Bi Bim Bap Rice', 'Starches'),
('Bottleneck Fries', 'Starches'),
('Bread Dressing', 'Starches'),
('Brown Rice', 'Starches'),
('Brown Rice Pilaf', 'Starches'),
('Bulgur', 'Starches'),
('Bulgur Pilavi', 'Starches'),
('Buttered Noodles', 'Starches'),
('Chana Masala (Curried Chickpeas)', 'Starches'),
('Chicken Chow Mein', 'Starches'),
('Chow Mein Noodles', 'Starches'),
('Cilantro Rice', 'Starches'),
('Coconut Jasmine Rice with Mango', 'Starches'),
('Couscous ', 'Starches'),
('Couscous with Dried Fruit and Pine Nuts', 'Starches'),
('Cranberry Orange Rice', 'Starches'),
('Dauphinoise Potatoes', 'Starches'),
('Elbow Macaroni', 'Starches'),
('Farfalle Pasta', 'Starches'),
('Fettuccine', 'Starches'),
('French Fries', 'Starches'),
('Fresh Potato Chips', 'Starches'),
('Fusilli Pasta', 'Starches'),
('Garlic Red Skin Mashed Potatoes', 'Starches'),
('Garlic Whipped Potatoes', 'Starches'),
('Hash Brown Patty', 'Starches'),
('Hash Brown Potato Patties', 'Starches'),
('Hash Browns', 'Starches'),
('Hashbrown Potato and Cheese Casserole', 'Starches'),
('Herbed Spaetzle in Brown Butter', 'Starches'),
('Israeli Couscous', 'Starches'),
('Jasmine Rice', 'Starches'),
('Korean Happy Rice', 'Starches'),
('Lentil Rice Pilaf', 'Starches'),
('Linguine Pasta', 'Starches'),
('Madras Potatoes', 'Starches'),
('Malabar Coconut Rice', 'Starches'),
('Mashed Potatoes', 'Starches'),
('Mexican Rice', 'Starches'),
('Millet', 'Starches'),
('Moroccan Couscous', 'Starches'),
('O''Brien Potatoes ', 'Starches'),
('O''Brien Potatoes with Green Chiles', 'Starches'),
('Orzo Pasta', 'Starches'),
('Parslied New Potatoes', 'Starches'),
('Pasta Shells', 'Starches'),
('Penne Pasta', 'Starches'),
('Purple Rice', 'Starches'),
('Quinoa', 'Starches'),
('Red Rice', 'Starches'),
('Red Roasted Potatoes w/ Rosemary', 'Starches'),
('Rice Noodles', 'Starches'),
('Risotto', 'Starches'),
('Risotto with Asparagus', 'Starches'),
('Roasted Yukon Gold Potatoes', 'Starches'),
('Rotini', 'Starches'),
('Seasoned Cubed Potatoes', 'Starches'),
('Seasoned Curly Fries', 'Starches'),
('Seasoned Waffle Fries', 'Starches'),
('Shoestring Fries', 'Starches'),
('Southwest Tater Tots', 'Starches'),
('Spaghetti', 'Starches'),
('Spanish Spicy Potatoes', 'Starches'),
('Spelt', 'Starches'),
('Steak Fries', 'Starches'),
('Steamed Long Grain Rice', 'Starches'),
('Sweet Potato Fries', 'Starches'),
('Sweet Potato Gratin', 'Starches'),
('Tater-Tots', 'Starches'),
('Thai Sticky Rice', 'Starches'),
('Thin Ramen Noodle', 'Starches'),
('Tri-Color Rotini', 'Starches'),
('Tri-tater Potatoes', 'Starches'),
('Twice Baked Potato Casserole', 'Starches'),
('Vegetarian Fried Rice', 'Starches'),
('Vegetarian Spanish Rice', 'Starches'),
('Waffle Fries', 'Starches'),
('Whipped Potatoes', 'Starches'),
('White and Wild Rice', 'Starches'),
('White and Wild Rice Blend (vegan)', 'Starches'),
('White Rice', 'Starches'),
('Wild Rice Pilaf', 'Starches'),
('Yellow Rice', 'Starches'),
('Anchovy Filet', 'Toppings'),
('Carrot Slaw', 'Toppings'),
('Cinnamon Sugar', 'Toppings'),
('Crushed Red Pepper', 'Toppings'),
('Daikon Slaw', 'Toppings'),
('Egg Patty', 'Toppings'),
('Grape Tomatoes', 'Toppings'),
('Grated Parmesan Cheese', 'Toppings'),
('Pho Soup Condiments', 'Toppings'),
('Pico de Gallo', 'Toppings'),
('Real Bacon Bits', 'Toppings'),
('Ricotta Cheese', 'Toppings'),
('Spread Banh Mi', 'Toppings'),
('Sweet Potato Bar', 'Toppings'),
('Asparagus', 'Vegetables'),
('Asparagus Spears', 'Vegetables'),
('Baby Carrots', 'Vegetables'),
('Bi Bim Bap Pickled Cucumber', 'Vegetables'),
('Bi Bim Bap Pickled Daikon', 'Vegetables'),
('Bi Bim Bap Poached Bean Sprouts', 'Vegetables'),
('Bi Bim Bap Poached Spinach', 'Vegetables'),
('Bi Bim Bap Poached Zucchini', 'Vegetables'),
('Bi Bim Bap Sauteed Mushrooms', 'Vegetables'),
('Black Olives', 'Vegetables'),
('Braised Bok Choy', 'Vegetables'),
('Braised Bok Choy & Shiitake Mushroom', 'Vegetables'),
('Braised Red Cabbage', 'Vegetables'),
('Broccoli', 'Vegetables'),
('Broccoli Florets', 'Vegetables'),
('Broccoli with Cheese Sauce', 'Vegetables'),
('Brussels Sprouts with Apples', 'Vegetables'),
('Brussels Sprouts with Caramelized Onions', 'Vegetables'),
('California Blend Vegetables', 'Vegetables'),
('Cape Cod Vegetable Blend', 'Vegetables'),
('Capri Blend Vegetables', 'Vegetables'),
('Caribbean Blend Vegetables', 'Vegetables'),
('Carrot Rings', 'Vegetables'),
('Cauliflower', 'Vegetables'),
('Celery Sticks', 'Vegetables'),
('Corn', 'Vegetables'),
('Corn Elotes', 'Vegetables'),
('Corn on the Cob', 'Vegetables'),
('Cucumbers', 'Vegetables'),
('Fiesta Corn', 'Vegetables'),
('Fingerling Carrots', 'Vegetables'),
('Fresh Bean Sprouts', 'Vegetables'),
('Fresh Diced Tomatoes', 'Vegetables'),
('Fresh Steamed Broccoli', 'Vegetables'),
('Fried Cabbage', 'Vegetables'),
('Fried Mushrooms', 'Vegetables'),
('Gado Gado', 'Vegetables'),
('Glazed Carrots', 'Vegetables'),
('Green Bean Casserole', 'Vegetables'),
('Green Beans', 'Vegetables'),
('Green Beans Szechuan', 'Vegetables'),
('Green Beans w/ Lemon Zest', 'Vegetables'),
('Greens Collard with Ham Hocks', 'Vegetables'),
('Grilled Fresh Zucchini and Yellow Squash', 'Vegetables'),
('Grilled Portabella Mushroom', 'Vegetables'),
('Honey Miso Roasted Butternut Squash', 'Vegetables'),
('Italian Vegetables', 'Vegetables'),
('Jalapeno Peppers', 'Vegetables'),
('Leaf Lettuce', 'Vegetables'),
('Mixed Vegetables', 'Vegetables'),
('Moroccan Carrots', 'Vegetables'),
('Nori', 'Vegetables'),
('Onions', 'Vegetables'),
('Oven Roasted Vegetables', 'Vegetables'),
('Peas', 'Vegetables'),
('Peas and Carrots', 'Vegetables'),
('Peas and Pearl Onions', 'Vegetables'),
('Pickle Slices', 'Vegetables'),
('Prince Edward Vegetable Blend', 'Vegetables'),
('Red Onion', 'Vegetables'),
('Roasted Broccoli', 'Vegetables'),
('Roasted Carrots with Dill', 'Vegetables'),
('Roasted Cauliflower', 'Vegetables'),
('Roasted Cauliflower (Vegan)', 'Vegetables'),
('Roasted Root Vegetable', 'Vegetables'),
('Sautéed Mushrooms', 'Vegetables'),
('Sautéed Onions', 'Vegetables'),
('Sauteed Miso Squash ', 'Vegetables'),
('Sauteed Squash Medley', 'Vegetables'),
('Sauteed Vegetable Medley', 'Vegetables'),
('Sauteed Yellow Squash', 'Vegetables'),
('Scalloped Corn', 'Vegetables'),
('Seedless Cucumbers', 'Vegetables'),
('Sesame Eggplant', 'Vegetables'),
('Shredded Carrot', 'Vegetables'),
('Shredded Carrots', 'Vegetables'),
('Shredded Lettuce', 'Vegetables'),
('Sliced Mushrooms', 'Vegetables'),
('Sliced Scallions', 'Vegetables'),
('Sliced Tomatoes', 'Vegetables'),
('Southern Green Beans', 'Vegetables'),
('Spinach', 'Vegetables'),
('Spinach Aglio e Olio', 'Vegetables'),
('Spring Vegetable Blend', 'Vegetables'),
('Steamed Kyoto Blend Vegetables', 'Vegetables'),
('Steamed Prince Edward Blend Vegetables', 'Vegetables'),
('Steamed Spinach', 'Vegetables'),
('Sugar Snap Peas', 'Vegetables'),
('Sugar Snap Peas & Carrots w/ Ginger', 'Vegetables'),
('Szechwan Green Beans', 'Vegetables'),
('Vegetable Blend with Edamame', 'Vegetables'),
('Vegetable Crudite', 'Vegetables'),
('Vegetable Pot Pie', 'Vegetables'),
('Whole Kernel Corn', 'Vegetables'),
('Zucchini & Tomato Casserole', 'Vegetables'),
('Banana', 'Whole Fruits'),
('Cantaloupe Wedge', 'Whole Fruits'),
('Fried Plantains', 'Whole Fruits'),
('Fruit Tray', 'Whole Fruits'),
('Grapefruit Halves', 'Whole Fruits'),
('Honeydew Wedges', 'Whole Fruits'),
('Hot Buttered Apples', 'Whole Fruits'),
('Kiwi', 'Whole Fruits'),
('Navel Orange', 'Whole Fruits'),
('Pineapple Churrasco', 'Whole Fruits'),
('Red Delicious Apples', 'Whole Fruits'),
('Red Grapefruit', 'Whole Fruits'),
('Sliced Kiwi', 'Whole Fruits'),
('Sliced Strawberries', 'Whole Fruits');

-- --------------------------------------------------------

--
-- Stand-in structure for view `goodFood`
--
CREATE TABLE IF NOT EXISTS `goodFood` (
`food_name` varchar(255)
,`avg_rating` decimal(14,4)
);
-- --------------------------------------------------------

--
-- Table structure for table `menus`
--

CREATE TABLE IF NOT EXISTS `menus` (
  `menus_id` int(11) NOT NULL,
  `date` date NOT NULL,
  `facility_id` int(11) NOT NULL,
  `meal_type` varchar(255) NOT NULL,
  PRIMARY KEY (`menus_id`),
  KEY `fk_menus_facilities1_idx` (`facility_id`)
) ENGINE=InnoDB DEFAULT CHARSET=utf8;

--
-- Dumping data for table `menus`
--

INSERT INTO `menus` (`menus_id`, `date`, `facility_id`, `meal_type`) VALUES
(42, '2014-07-22', 1, ''),
(514547, '2014-03-16', 1, 'Dinner'),
(514632, '2014-03-16', 1, 'Breakfast'),
(514633, '2014-03-17', 1, 'Breakfast'),
(514634, '2014-03-18', 1, 'Breakfast'),
(514635, '2014-03-19', 1, 'Breakfast'),
(514636, '2014-03-20', 1, 'Breakfast'),
(514637, '2014-03-21', 1, 'Breakfast'),
(514639, '2014-03-16', 1, 'Lunch'),
(514640, '2014-03-17', 1, 'Lunch'),
(514641, '2014-03-18', 1, 'Lunch'),
(514642, '2014-03-19', 1, 'Lunch'),
(514643, '2014-03-20', 1, 'Lunch'),
(514644, '2014-03-21', 1, 'Lunch'),
(514646, '2014-03-16', 1, 'Dinner'),
(514647, '2014-03-17', 1, 'Dinner'),
(514648, '2014-03-18', 1, 'Dinner'),
(514649, '2014-03-20', 1, 'Dinner'),
(514650, '2014-03-21', 1, 'Dinner'),
(514652, '2014-03-17', 1, 'Specialty Restaurant L'),
(514653, '2014-03-18', 1, 'Specialty Restaurant L'),
(514654, '2014-03-19', 1, 'Specialty Restaurant L'),
(514655, '2014-03-20', 1, 'Specialty Restaurant L'),
(514656, '2014-03-21', 1, 'Specialty Restaurant L'),
(514657, '2014-03-19', 1, 'Specialty Restaurant'),
(514658, '2014-03-19', 1, 'Specialty Restaurant'),
(515406, '2014-04-26', 33, 'Lunch'),
(515407, '2014-04-26', 33, 'Dinner'),
(515411, '2014-04-26', 10, 'Breakfast'),
(515412, '2014-04-26', 10, 'Lunch'),
(515413, '2014-04-26', 10, 'Dinner'),
(515432, '2014-04-26', 23, 'Breakfast'),
(515433, '2014-04-26', 23, 'Lunch'),
(515434, '2014-04-26', 23, 'Dinner'),
(515438, '2014-04-26', 28, 'Breakfast'),
(515439, '2014-04-26', 28, 'Lunch'),
(515440, '2014-04-26', 28, 'Dinner'),
(515448, '2014-04-26', 33, 'Breakfast'),
(524732, '2014-04-14', 1, 'Breakfast'),
(524733, '2014-04-15', 1, 'Breakfast'),
(524734, '2014-04-16', 1, 'Breakfast'),
(524735, '2014-04-17', 1, 'Breakfast'),
(524736, '2014-04-18', 1, 'Breakfast'),
(524738, '2014-04-14', 1, 'Lunch'),
(524739, '2014-04-15', 1, 'Lunch'),
(524740, '2014-04-16', 1, 'Lunch'),
(524741, '2014-04-17', 1, 'Lunch'),
(524742, '2014-04-14', 1, 'Dinner'),
(524743, '2014-04-15', 1, 'Dinner'),
(524744, '2014-04-16', 1, 'Dinner'),
(524745, '2014-04-17', 1, 'Dinner'),
(524746, '2014-04-18', 1, 'Dinner'),
(524810, '2014-04-14', 5, 'Lunch'),
(524811, '2014-04-15', 5, 'Lunch'),
(524812, '2014-04-16', 5, 'Lunch'),
(524813, '2014-04-17', 5, 'Lunch'),
(524814, '2014-04-18', 5, 'Lunch'),
(524816, '2014-04-14', 5, 'Dinner'),
(524817, '2014-04-16', 5, 'Dinner'),
(524909, '2014-04-14', 28, 'Breakfast'),
(524910, '2014-04-15', 28, 'Breakfast'),
(524911, '2014-04-16', 28, 'Breakfast'),
(524912, '2014-04-17', 28, 'Breakfast'),
(524913, '2014-04-18', 28, 'Breakfast'),
(524916, '2014-04-14', 28, 'Lunch'),
(524917, '2014-04-15', 28, 'Lunch'),
(524918, '2014-04-16', 28, 'Lunch'),
(524919, '2014-04-17', 28, 'Lunch'),
(524920, '2014-04-18', 28, 'Lunch'),
(524923, '2014-04-14', 28, 'Dinner'),
(524925, '2014-04-17', 28, 'Dinner'),
(524926, '2014-04-18', 28, 'Dinner'),
(526559, '2014-04-21', 1, 'Breakfast'),
(526560, '2014-04-22', 1, 'Breakfast'),
(526561, '2014-04-23', 1, 'Breakfast'),
(526562, '2014-04-24', 1, 'Breakfast'),
(526563, '2014-04-25', 1, 'Breakfast'),
(526564, '2014-04-21', 1, 'Lunch'),
(526565, '2014-04-22', 1, 'Lunch'),
(526566, '2014-04-23', 1, 'Lunch'),
(526567, '2014-04-24', 1, 'Lunch'),
(526568, '2014-04-21', 1, 'Dinner'),
(526571, '2014-04-24', 1, 'Dinner'),
(526572, '2014-04-25', 1, 'Dinner'),
(527791, '2014-04-28', 33, 'Lunch'),
(527792, '2014-04-29', 33, 'Lunch'),
(527793, '2014-04-30', 33, 'Lunch'),
(527794, '2014-05-01', 33, 'Lunch'),
(527795, '2014-05-02', 33, 'Lunch'),
(527796, '2014-05-03', 33, 'Lunch'),
(527797, '2014-04-28', 33, 'Dinner'),
(527798, '2014-04-29', 33, 'Dinner'),
(527799, '2014-04-30', 33, 'Dinner'),
(527800, '2014-05-01', 33, 'Dinner'),
(527801, '2014-05-02', 33, 'Dinner'),
(527802, '2014-05-03', 33, 'Dinner'),
(527827, '2014-04-28', 10, 'Breakfast'),
(527828, '2014-04-29', 10, 'Breakfast'),
(527829, '2014-04-30', 10, 'Breakfast'),
(527830, '2014-05-01', 10, 'Breakfast'),
(527831, '2014-05-02', 10, 'Breakfast'),
(527832, '2014-05-03', 10, 'Breakfast'),
(527833, '2014-04-28', 10, 'Lunch'),
(527834, '2014-04-29', 10, 'Lunch'),
(527835, '2014-04-30', 10, 'Lunch'),
(527836, '2014-05-01', 10, 'Lunch'),
(527837, '2014-05-02', 10, 'Lunch'),
(527838, '2014-05-03', 10, 'Lunch'),
(527839, '2014-04-28', 10, 'Dinner'),
(527840, '2014-04-29', 10, 'Dinner'),
(527841, '2014-04-30', 10, 'Dinner'),
(527842, '2014-05-01', 10, 'Dinner'),
(527843, '2014-05-02', 10, 'Dinner'),
(527844, '2014-05-03', 10, 'Dinner'),
(527925, '2014-04-28', 1, 'Breakfast'),
(527926, '2014-04-29', 1, 'Breakfast'),
(527927, '2014-04-30', 1, 'Breakfast'),
(527928, '2014-05-01', 1, 'Breakfast'),
(527929, '2014-05-02', 1, 'Breakfast'),
(527930, '2014-04-28', 1, 'Lunch'),
(527931, '2014-04-29', 1, 'Lunch'),
(527932, '2014-04-30', 1, 'Lunch'),
(527933, '2014-05-01', 1, 'Lunch'),
(527934, '2014-04-28', 1, 'Dinner'),
(527935, '2014-04-29', 1, 'Dinner'),
(527936, '2014-04-30', 1, 'Dinner'),
(527937, '2014-05-01', 1, 'Dinner'),
(527938, '2014-05-02', 1, 'Dinner'),
(527994, '2014-04-28', 5, 'Lunch'),
(527995, '2014-04-29', 5, 'Lunch'),
(527996, '2014-04-30', 5, 'Lunch'),
(527997, '2014-05-01', 5, 'Lunch'),
(527998, '2014-05-02', 5, 'Lunch'),
(527999, '2014-04-28', 5, 'Dinner'),
(528000, '2014-04-30', 5, 'Dinner'),
(528042, '2014-04-28', 23, 'Breakfast'),
(528043, '2014-04-29', 23, 'Breakfast'),
(528044, '2014-04-30', 23, 'Breakfast'),
(528045, '2014-05-01', 23, 'Breakfast'),
(528046, '2014-05-02', 23, 'Breakfast'),
(528047, '2014-05-03', 23, 'Breakfast'),
(528048, '2014-04-28', 23, 'Lunch'),
(528049, '2014-04-29', 23, 'Lunch'),
(528050, '2014-04-30', 23, 'Lunch'),
(528051, '2014-05-01', 23, 'Lunch'),
(528052, '2014-05-02', 23, 'Lunch'),
(528053, '2014-05-03', 23, 'Lunch'),
(528054, '2014-04-28', 23, 'Dinner'),
(528055, '2014-04-29', 23, 'Dinner'),
(528056, '2014-05-01', 23, 'Dinner'),
(528057, '2014-05-03', 23, 'Dinner'),
(528073, '2014-04-28', 28, 'Breakfast'),
(528074, '2014-04-29', 28, 'Breakfast'),
(528075, '2014-04-30', 28, 'Breakfast'),
(528076, '2014-05-01', 28, 'Breakfast'),
(528077, '2014-05-02', 28, 'Breakfast'),
(528078, '2014-05-03', 28, 'Breakfast'),
(528079, '2014-04-28', 28, 'Lunch'),
(528080, '2014-04-29', 28, 'Lunch'),
(528081, '2014-04-30', 28, 'Lunch'),
(528082, '2014-05-01', 28, 'Lunch'),
(528083, '2014-05-02', 28, 'Lunch'),
(528084, '2014-05-03', 28, 'Lunch'),
(528085, '2014-04-28', 28, 'Dinner'),
(528086, '2014-04-29', 28, 'Dinner'),
(528087, '2014-05-01', 28, 'Dinner'),
(528088, '2014-05-02', 28, 'Dinner'),
(528089, '2014-05-03', 28, 'Dinner'),
(528157, '2014-04-28', 33, 'Breakfast'),
(528158, '2014-04-29', 33, 'Breakfast'),
(528159, '2014-04-30', 33, 'Breakfast'),
(528160, '2014-05-01', 33, 'Breakfast'),
(528161, '2014-05-02', 33, 'Breakfast'),
(528162, '2014-05-03', 33, 'Breakfast'),
(528300, '2014-04-27', 33, 'Lunch'),
(528301, '2014-04-27', 33, 'Dinner'),
(528306, '2014-04-27', 10, 'Breakfast'),
(528307, '2014-04-27', 10, 'Lunch'),
(528308, '2014-04-27', 10, 'Dinner'),
(528317, '2014-04-27', 1, 'Lunch'),
(528326, '2014-04-27', 5, 'Dinner'),
(528334, '2014-04-27', 23, 'Lunch'),
(528335, '2014-04-27', 23, 'Dinner'),
(528340, '2014-04-27', 28, 'Breakfast'),
(528341, '2014-04-27', 28, 'Lunch'),
(528342, '2014-04-27', 28, 'Dinner'),
(528351, '2014-04-27', 33, 'Breakfast'),
(529040, '2014-05-04', 33, 'Lunch'),
(529041, '2014-05-05', 33, 'Lunch'),
(529042, '2014-05-06', 33, 'Lunch'),
(529043, '2014-05-07', 33, 'Lunch'),
(529044, '2014-05-08', 33, 'Lunch'),
(529045, '2014-05-09', 33, 'Lunch'),
(529047, '2014-05-04', 33, 'Dinner'),
(529048, '2014-05-05', 33, 'Dinner'),
(529049, '2014-05-06', 33, 'Dinner'),
(529050, '2014-05-07', 33, 'Dinner'),
(529051, '2014-05-09', 33, 'Dinner'),
(529080, '2014-05-04', 10, 'Breakfast'),
(529081, '2014-05-05', 10, 'Breakfast'),
(529082, '2014-05-06', 10, 'Breakfast'),
(529083, '2014-05-07', 10, 'Breakfast'),
(529084, '2014-05-08', 10, 'Breakfast'),
(529085, '2014-05-09', 10, 'Breakfast'),
(529087, '2014-05-04', 10, 'Lunch'),
(529088, '2014-05-05', 10, 'Lunch'),
(529089, '2014-05-06', 10, 'Lunch'),
(529090, '2014-05-07', 10, 'Lunch'),
(529091, '2014-05-08', 10, 'Lunch'),
(529092, '2014-05-09', 10, 'Lunch'),
(529094, '2014-05-04', 10, 'Dinner'),
(529095, '2014-05-05', 10, 'Dinner'),
(529096, '2014-05-06', 10, 'Dinner'),
(529097, '2014-05-07', 10, 'Dinner'),
(529098, '2014-05-08', 10, 'Dinner'),
(529099, '2014-05-09', 10, 'Dinner'),
(529193, '2014-05-05', 1, 'Breakfast'),
(529194, '2014-05-06', 1, 'Breakfast'),
(529195, '2014-05-07', 1, 'Breakfast'),
(529196, '2014-05-08', 1, 'Breakfast'),
(529197, '2014-05-09', 1, 'Breakfast'),
(529198, '2014-05-05', 1, 'Lunch'),
(529199, '2014-05-06', 1, 'Lunch'),
(529200, '2014-05-07', 1, 'Lunch'),
(529201, '2014-05-08', 1, 'Lunch'),
(529202, '2014-05-05', 1, 'Dinner'),
(529203, '2014-05-06', 1, 'Dinner'),
(529204, '2014-05-07', 1, 'Dinner'),
(529206, '2014-05-09', 1, 'Dinner'),
(529261, '2014-05-10', 10, 'Lunch'),
(529268, '2014-05-10', 10, 'Dinner'),
(529269, '2014-05-05', 5, 'Lunch'),
(529270, '2014-05-06', 5, 'Lunch'),
(529271, '2014-05-07', 5, 'Lunch'),
(529272, '2014-05-08', 5, 'Lunch'),
(529273, '2014-05-09', 5, 'Lunch'),
(529274, '2014-05-04', 5, 'Dinner'),
(529275, '2014-05-05', 5, 'Dinner'),
(529276, '2014-05-07', 5, 'Dinner'),
(529290, '2014-05-10', 10, 'Breakfast'),
(529321, '2014-05-05', 23, 'Breakfast'),
(529322, '2014-05-06', 23, 'Breakfast'),
(529323, '2014-05-07', 23, 'Breakfast'),
(529324, '2014-05-08', 23, 'Breakfast'),
(529325, '2014-05-09', 23, 'Breakfast'),
(529326, '2014-05-10', 23, 'Breakfast'),
(529327, '2014-05-04', 23, 'Lunch'),
(529328, '2014-05-05', 23, 'Lunch'),
(529329, '2014-05-06', 23, 'Lunch'),
(529330, '2014-05-07', 23, 'Lunch'),
(529331, '2014-05-08', 23, 'Lunch'),
(529332, '2014-05-09', 23, 'Lunch'),
(529333, '2014-05-10', 23, 'Lunch'),
(529335, '2014-05-05', 23, 'Dinner'),
(529336, '2014-05-06', 23, 'Dinner'),
(529338, '2014-05-10', 23, 'Dinner'),
(529348, '2014-05-10', 33, 'Lunch'),
(529354, '2014-05-10', 33, 'Dinner'),
(529359, '2014-05-04', 28, 'Breakfast'),
(529360, '2014-05-05', 28, 'Breakfast'),
(529361, '2014-05-06', 28, 'Breakfast'),
(529362, '2014-05-07', 28, 'Breakfast'),
(529363, '2014-05-08', 28, 'Breakfast'),
(529364, '2014-05-09', 28, 'Breakfast'),
(529365, '2014-05-10', 28, 'Breakfast'),
(529366, '2014-05-04', 28, 'Lunch'),
(529367, '2014-05-05', 28, 'Lunch'),
(529368, '2014-05-06', 28, 'Lunch'),
(529369, '2014-05-07', 28, 'Lunch'),
(529370, '2014-05-08', 28, 'Lunch'),
(529371, '2014-05-09', 28, 'Lunch'),
(529372, '2014-05-10', 28, 'Lunch'),
(529373, '2014-05-04', 28, 'Dinner'),
(529374, '2014-05-05', 28, 'Dinner'),
(529375, '2014-05-06', 28, 'Dinner'),
(529377, '2014-05-09', 28, 'Dinner'),
(529378, '2014-05-10', 28, 'Dinner'),
(529452, '2014-05-04', 33, 'Breakfast'),
(529453, '2014-05-05', 33, 'Breakfast'),
(529454, '2014-05-06', 33, 'Breakfast'),
(529455, '2014-05-07', 33, 'Breakfast'),
(529456, '2014-05-08', 33, 'Breakfast'),
(529457, '2014-05-09', 33, 'Breakfast'),
(529458, '2014-05-10', 33, 'Breakfast'),
(529488, '2014-05-08', 1, 'Dinner'),
(529490, '2014-05-08', 23, 'Dinner'),
(529492, '2014-05-08', 28, 'Dinner'),
(529625, '2014-05-08', 33, 'Dinner'),
(529848, '2014-05-04', 23, 'Dinner'),
(529990, '2014-05-12', 1, 'Breakfast'),
(529991, '2014-05-13', 1, 'Breakfast'),
(529992, '2014-05-14', 1, 'Breakfast'),
(529993, '2014-05-15', 1, 'Breakfast'),
(529994, '2014-05-16', 1, 'Breakfast'),
(529995, '2014-05-11', 1, 'Lunch'),
(529996, '2014-05-12', 1, 'Lunch'),
(529997, '2014-05-13', 1, 'Lunch'),
(529998, '2014-05-14', 1, 'Lunch'),
(529999, '2014-05-15', 1, 'Lunch'),
(530000, '2014-05-12', 1, 'Dinner'),
(530001, '2014-05-13', 1, 'Dinner'),
(530002, '2014-05-14', 1, 'Dinner'),
(530003, '2014-05-15', 1, 'Dinner'),
(530018, '2014-05-12', 10, 'Lunch'),
(530019, '2014-05-13', 10, 'Lunch'),
(530020, '2014-05-14', 10, 'Lunch'),
(530021, '2014-05-15', 10, 'Lunch'),
(530022, '2014-05-16', 10, 'Lunch'),
(530023, '2014-05-11', 10, 'Dinner'),
(530024, '2014-05-12', 10, 'Dinner'),
(530025, '2014-05-13', 10, 'Dinner'),
(530026, '2014-05-14', 10, 'Dinner'),
(530027, '2014-05-15', 10, 'Dinner'),
(530028, '2014-05-11', 10, 'Lunch'),
(530040, '2014-05-12', 5, 'Lunch'),
(530041, '2014-05-13', 5, 'Lunch'),
(530042, '2014-05-14', 5, 'Lunch'),
(530043, '2014-05-15', 5, 'Lunch'),
(530044, '2014-05-16', 5, 'Lunch'),
(530045, '2014-05-11', 5, 'Dinner'),
(530046, '2014-05-12', 5, 'Dinner'),
(530047, '2014-05-14', 5, 'Dinner'),
(530057, '2014-05-11', 10, 'Breakfast'),
(530058, '2014-05-12', 10, 'Breakfast'),
(530059, '2014-05-13', 10, 'Breakfast'),
(530060, '2014-05-14', 10, 'Breakfast'),
(530061, '2014-05-15', 10, 'Breakfast'),
(530062, '2014-05-16', 10, 'Breakfast'),
(530091, '2014-05-12', 23, 'Breakfast'),
(530092, '2014-05-13', 23, 'Breakfast'),
(530093, '2014-05-14', 23, 'Breakfast'),
(530094, '2014-05-15', 23, 'Breakfast'),
(530095, '2014-05-16', 23, 'Breakfast'),
(530096, '2014-05-11', 23, 'Lunch'),
(530097, '2014-05-12', 23, 'Lunch'),
(530098, '2014-05-13', 23, 'Lunch'),
(530099, '2014-05-14', 23, 'Lunch'),
(530100, '2014-05-15', 23, 'Lunch'),
(530101, '2014-05-16', 23, 'Lunch'),
(530102, '2014-05-11', 23, 'Dinner'),
(530103, '2014-05-12', 23, 'Dinner'),
(530104, '2014-05-13', 23, 'Dinner'),
(530105, '2014-05-15', 23, 'Dinner'),
(530111, '2014-05-11', 33, 'Lunch'),
(530112, '2014-05-11', 33, 'Dinner'),
(530113, '2014-05-12', 33, 'Dinner'),
(530114, '2014-05-13', 33, 'Dinner'),
(530115, '2014-05-14', 33, 'Dinner'),
(530116, '2014-05-15', 33, 'Dinner'),
(530120, '2014-05-11', 28, 'Breakfast'),
(530121, '2014-05-12', 28, 'Breakfast'),
(530122, '2014-05-13', 28, 'Breakfast'),
(530123, '2014-05-14', 28, 'Breakfast'),
(530124, '2014-05-15', 28, 'Breakfast'),
(530125, '2014-05-16', 28, 'Breakfast'),
(530126, '2014-05-11', 28, 'Lunch'),
(530127, '2014-05-12', 28, 'Lunch'),
(530128, '2014-05-13', 28, 'Lunch'),
(530129, '2014-05-14', 28, 'Lunch'),
(530130, '2014-05-15', 28, 'Lunch'),
(530131, '2014-05-16', 28, 'Lunch'),
(530132, '2014-05-11', 28, 'Dinner'),
(530133, '2014-05-12', 28, 'Dinner'),
(530134, '2014-05-13', 28, 'Dinner'),
(530135, '2014-05-15', 28, 'Dinner'),
(530190, '2014-05-12', 33, 'Lunch'),
(530191, '2014-05-13', 33, 'Lunch'),
(530192, '2014-05-14', 33, 'Lunch'),
(530193, '2014-05-15', 33, 'Lunch'),
(530194, '2014-05-16', 33, 'Lunch'),
(530204, '2014-05-11', 33, 'Breakfast'),
(530205, '2014-05-12', 33, 'Breakfast'),
(530206, '2014-05-13', 33, 'Breakfast'),
(530207, '2014-05-14', 33, 'Breakfast'),
(530208, '2014-05-15', 33, 'Breakfast'),
(530209, '2014-05-16', 33, 'Breakfast'),
(530246, '2014-05-14', 28, 'Dinner'),
(530247, '2014-05-16', 1, 'Lunch'),
(530249, '2014-05-13', 5, 'Dinner'),
(530250, '2014-05-15', 5, 'Dinner'),
(530251, '2014-05-14', 23, 'Dinner');

-- --------------------------------------------------------

--
-- Table structure for table `menus_have_food_items`
--

CREATE TABLE IF NOT EXISTS `menus_have_food_items` (
  `menus_id` int(11) NOT NULL,
  `food_name` varchar(255) NOT NULL,
  PRIMARY KEY (`menus_id`,`food_name`),
  KEY `fk_menus_has_food_items_menus1_idx` (`menus_id`),
  KEY `fk_menus_has_food_items_food_items1_idx` (`food_name`)
) ENGINE=InnoDB DEFAULT CHARSET=utf8;

--
-- Dumping data for table `menus_have_food_items`
--

INSERT INTO `menus_have_food_items` (`menus_id`, `food_name`) VALUES
(514547, 'Brown Rice'),
(514547, 'Cookies & Cream Pie'),
(514547, 'Cornbread'),
(514547, 'Creamy Pesto Sauce'),
(514547, 'Farfalle Pasta'),
(514547, 'Greek Salad'),
(514547, 'Green Beans'),
(514547, 'Hummus'),
(514547, 'Jell-O'),
(514547, 'Lentil Shepherd''s Pie'),
(514547, 'Marinara Sauce'),
(514547, 'Nicoise Salad'),
(514547, 'Pasta Fagioli Soup '),
(514547, 'Roasted Turkey Breast'),
(514547, 'Soy Honey Grilled Salmon'),
(514547, 'Spelt and Edamame Salad'),
(514547, 'Turkey Gravy'),
(514547, 'Vegan Sweet Potato Soup'),
(514547, 'Whipped Potatoes'),
(514632, 'Assorted Danishes'),
(514632, 'Assorted Donuts'),
(514632, 'Fruit Tray'),
(514632, 'Hard Cooked Eggs'),
(514632, 'Waffle Bar'),
(514632, 'Yogurt Bar'),
(514633, 'Assorted Donuts'),
(514633, 'Biscuits'),
(514633, 'Chicken Slider with Biscuit'),
(514633, 'Coffee Cake'),
(514633, 'Fruit Tray'),
(514633, 'Grapefruit Halves'),
(514633, 'Grits'),
(514633, 'Hard Cooked Eggs'),
(514633, 'Hash Browns'),
(514633, 'Oatmeal'),
(514633, 'Scrambled Egg Toppings'),
(514633, 'Scrambled Eggs'),
(514633, 'Vegetarian Sausage Gravy'),
(514633, 'Veggie Sausage Patty'),
(514633, 'Yogurt Bar'),
(514634, 'Assorted Donuts'),
(514634, 'Bacon'),
(514634, 'Blueberry Pancakes'),
(514634, 'Cheese Danish'),
(514634, 'Fruit Tray'),
(514634, 'Grapefruit Halves'),
(514634, 'Hard Cooked Eggs'),
(514634, 'Hash Brown Patty'),
(514634, 'Malt-o-Meal'),
(514634, 'Oatmeal'),
(514634, 'Pancake Syrup'),
(514634, 'Scrambled Egg Toppings'),
(514634, 'Scrambled Eggs'),
(514634, 'Veggie Sausage Patty'),
(514634, 'Yogurt Bar'),
(514635, 'Assorted Donuts'),
(514635, 'Assorted Muffins'),
(514635, 'Cheese Grits'),
(514635, 'French Toast'),
(514635, 'Fruit Tray'),
(514635, 'Grapefruit Halves'),
(514635, 'Hard Cooked Eggs'),
(514635, 'Oatmeal'),
(514635, 'Pancake Syrup'),
(514635, 'Pork Sausage Patties'),
(514635, 'Scrambled Egg Toppings'),
(514635, 'Scrambled Eggs'),
(514635, 'Tri-tater Potatoes'),
(514635, 'Veggie Sausage Patty'),
(514635, 'Yogurt Bar'),
(514636, 'Assorted Donuts'),
(514636, 'Assorted Muffins'),
(514636, 'Buttermilk Pancakes'),
(514636, 'Cream of Wheat'),
(514636, 'Egg, Cheese & Canadian Bacon Sandwich'),
(514636, 'Fruit Tray'),
(514636, 'Grapefruit Halves'),
(514636, 'Hard Cooked Eggs'),
(514636, 'Hash Brown Patty'),
(514636, 'Oatmeal'),
(514636, 'Pancake Syrup'),
(514636, 'Scrambled Egg Toppings'),
(514636, 'Scrambled Eggs'),
(514636, 'Veggie Sausage Patty'),
(514636, 'Yogurt Bar'),
(514637, 'Assorted Donuts'),
(514637, 'Chocolate Malt-o-Meal'),
(514637, 'Cinnamon Twirls'),
(514637, 'French Toast'),
(514637, 'Fruit Tray'),
(514637, 'Grapefruit Halves'),
(514637, 'Hard Cooked Eggs'),
(514637, 'Oatmeal'),
(514637, 'Pancake Syrup'),
(514637, 'Scrambled Egg Toppings'),
(514637, 'Scrambled Eggs'),
(514637, 'Tater-Tots'),
(514637, 'Turkey Sausage Patty'),
(514637, 'Veggie Sausage Patty'),
(514637, 'Yogurt Bar'),
(514639, 'Blueberry Muffin'),
(514639, 'Blueberry Pancakes'),
(514639, 'Double Dutch Muffin'),
(514639, 'Egg White Breakfast Sandwich'),
(514639, 'Fruit Tray'),
(514639, 'Greek Salad'),
(514639, 'Honey Baked Ham'),
(514639, 'Hummus'),
(514639, 'Jell-O'),
(514639, 'Nicoise Salad'),
(514639, 'Pancake Syrup'),
(514639, 'Pasta Fagioli Soup '),
(514639, 'Pistachio Muffin'),
(514639, 'Pork Sausage Links'),
(514639, 'Scrambled Egg Toppings'),
(514639, 'Scrambled Eggs'),
(514639, 'Spelt and Edamame Salad'),
(514639, 'Spring Vegetable Blend'),
(514639, 'Tofu Pizza Casserole'),
(514639, 'Vanilla Pudding'),
(514639, 'Vegan Sweet Potato Soup'),
(514639, 'Veggie Sausage Patty'),
(514639, 'White Rice'),
(514640, 'All-Beef Hot Dog'),
(514640, 'Bottleneck Fries'),
(514640, 'Broccoli Ramen Salad'),
(514640, 'Brown Rice Pilaf'),
(514640, 'Chicago Style Hot Dog Toppings'),
(514640, 'Chicken Fajitas'),
(514640, 'Chili'),
(514640, 'Chocolate Pudding'),
(514640, 'Fried Tofu'),
(514640, 'Fruit & Nut Chicken Salad'),
(514640, 'Fruit Tray'),
(514640, 'Jell-O'),
(514640, 'Marinara Sauce'),
(514640, 'Pepperoni Roll'),
(514640, 'Red Pepper Hummus'),
(514640, 'Tabbouleh Salad'),
(514640, 'Toll House Pie'),
(514640, 'Vegan Split Pea Soup'),
(514640, 'Whole Kernel Corn'),
(514641, 'Baked Potato Soup'),
(514641, 'Basmati Rice'),
(514641, 'Chana Masala (Curried Chickpeas)'),
(514641, 'Dang Cold Noodle Salad'),
(514641, 'Fruit Tray'),
(514641, 'Grilled Muenster & Bacon on Sourdough'),
(514641, 'Honey Dijon Chicken'),
(514641, 'Hummus'),
(514641, 'Jell-O'),
(514641, 'Meatball Sub Sandwich'),
(514641, 'Peanut Butter Chocolate Chunk Cookies'),
(514641, 'Peas and Pearl Onions'),
(514641, 'Smoked Turkey Salad'),
(514641, 'Tomato Basil Soup'),
(514641, 'Vanilla Pudding'),
(514641, 'Waffle Fries'),
(514641, 'Waldorf Salad'),
(514642, ' Yukon Gold Potato Salad with Artichoke'),
(514642, 'Beef Vegetable Soup'),
(514642, 'Broccoli Cheese Soup'),
(514642, 'Brown Rice'),
(514642, 'Brownies'),
(514642, 'Buffalo Chicken Salad'),
(514642, 'Buffalo Chicken Stromboli'),
(514642, 'Chocolate Pudding'),
(514642, 'Crinkle Fries'),
(514642, 'Fruit Tray'),
(514642, 'Hamburger on Bun'),
(514642, 'Hummus'),
(514642, 'Jell-O'),
(514642, 'Miso Cod'),
(514642, 'Pear and Spinach Salad'),
(514642, 'Quinoa Stuffed Poblano Peppers'),
(514642, 'Zucchini & Tomato Casserole'),
(514643, 'Beef and Broccoli Stir Fry'),
(514643, 'Black Eye Pea Soup w/ Sweet Potato'),
(514643, 'Blondie Bar'),
(514643, 'Chicken Noodle Soup'),
(514643, 'Chicken Salad'),
(514643, 'Crisp Garden Salad'),
(514643, 'French Fried Onion Rings'),
(514643, 'Fruit Tray'),
(514643, 'Grilled Chicken Parmesan Sandwich '),
(514643, 'Jell-O'),
(514643, 'Shrimp Alfredo'),
(514643, 'Steamed Kyoto Blend Vegetables'),
(514643, 'Strawberry Hummus'),
(514643, 'Strawberry Hummus Wrap'),
(514643, 'Tortellini Salad'),
(514643, 'Vanilla Pudding'),
(514643, 'White Rice'),
(514644, 'Black Bean Salad w/ Chiles and Lime'),
(514644, 'Breaded Chicken Slider'),
(514644, 'Broccoli Florets'),
(514644, 'Butter Herb Tilapia'),
(514644, 'Chocolate Candy Cookies'),
(514644, 'Chocolate Pudding'),
(514644, 'Fruit Tray'),
(514644, 'Grilled Bratwurst with Peppers & Onions'),
(514644, 'Hummus'),
(514644, 'Jell-O'),
(514644, 'New England Clam Chowder'),
(514644, 'Seasoned Curly Fries'),
(514644, 'Slider Bun'),
(514644, 'Southeast Asian Salad'),
(514644, 'Tuna Salad'),
(514644, 'Vegan Chicken Bang Bang'),
(514644, 'White and Wild Rice'),
(514644, 'Zesty Garden Soup'),
(514646, 'Brown Rice'),
(514646, 'Cookies & Cream Pie'),
(514646, 'Cornbread'),
(514646, 'Creamy Pesto Sauce'),
(514646, 'Farfalle Pasta'),
(514646, 'Greek Salad'),
(514646, 'Green Beans'),
(514646, 'Hummus'),
(514646, 'Jell-O'),
(514646, 'Lentil Shepherd''s Pie'),
(514646, 'Marinara Sauce'),
(514646, 'Nicoise Salad'),
(514646, 'Pasta Fagioli Soup '),
(514646, 'Roasted Turkey Breast'),
(514646, 'Soy Honey Grilled Salmon'),
(514646, 'Spelt and Edamame Salad'),
(514646, 'Turkey Gravy'),
(514646, 'Vegan Sweet Potato Soup'),
(514646, 'Whipped Potatoes'),
(514647, 'Baked Chicken Pieces'),
(514647, 'Beef Corned Cabbage'),
(514647, 'Broccoli Ramen Salad'),
(514647, 'Chili'),
(514647, 'Chimichurri Tri Tip Roast'),
(514647, 'Corn Tortilla'),
(514647, 'Flour Tortilla'),
(514647, 'Fruit & Nut Chicken Salad'),
(514647, 'Italian Meat Sauce'),
(514647, 'Jell-O'),
(514647, 'Marinara Sauce'),
(514647, 'Red Pepper Hummus'),
(514647, 'Roasted Corn and Black Beans'),
(514647, 'Spaghetti'),
(514647, 'Tabbouleh Salad'),
(514647, 'Tiramisu'),
(514647, 'Vegan Split Pea Soup'),
(514647, 'Vegetable Chow Mein'),
(514647, 'Yellow Rice'),
(514648, 'Alfredo Sauce'),
(514648, 'Baked Potato Soup'),
(514648, 'Bread Sticks'),
(514648, 'Creamy Polenta w/ Sausage Mushroom Ragu'),
(514648, 'Dang Cold Noodle Salad'),
(514648, 'Fettuccine'),
(514648, 'General Tso''s Tofu'),
(514648, 'Herb Grilled Chicken'),
(514648, 'Hummus'),
(514648, 'Italian Vegetables'),
(514648, 'Jasmine Rice'),
(514648, 'Jell-O'),
(514648, 'Marinara Sauce'),
(514648, 'Smoked Turkey Salad'),
(514648, 'Super Chocolate Chip Cookie'),
(514648, 'Tomato Basil Soup'),
(514648, 'Waldorf Salad'),
(514649, 'Basmati Rice'),
(514649, 'Black Eye Pea Soup w/ Sweet Potato'),
(514649, 'Breaded Cheese Ravioli'),
(514649, 'Chicken Noodle Soup'),
(514649, 'Chicken Salad'),
(514649, 'Chicken Stir Fry'),
(514649, 'Chocolate Peanut Butter Pie'),
(514649, 'Cider-Roasted Pork Loin'),
(514649, 'Crisp Garden Salad'),
(514649, 'Fingerling Carrots'),
(514649, 'Glazed Carrots'),
(514649, 'Herb Focaccia Bread'),
(514649, 'Italian Meat Sauce'),
(514649, 'Jell-O'),
(514649, 'Linguine Pasta'),
(514649, 'Marinara Sauce'),
(514649, 'Strawberry Hummus'),
(514649, 'Tortellini Salad'),
(514650, 'Baked Chicken w/ BBQ Sauce'),
(514650, 'Black Bean Salad w/ Chiles and Lime'),
(514650, 'Cod Fish Nuggets'),
(514650, 'Fresh Potato Chips'),
(514650, 'Hummus'),
(514650, 'Hush Puppies'),
(514650, 'Jell-O'),
(514650, 'Macaroni & Cheese'),
(514650, 'Mixed Vegetables'),
(514650, 'New England Clam Chowder'),
(514650, 'Pound Cake with Berries'),
(514650, 'Southeast Asian Salad'),
(514650, 'Tuna Salad'),
(514650, 'White Rice'),
(514650, 'Zesty Garden Soup'),
(514652, 'Bottleneck Fries'),
(514652, 'Brown Rice Pilaf'),
(514652, 'Fried Tofu'),
(514652, 'Gelatin-Free Yogurt'),
(514652, 'Grilled Cheddar on Sourdough'),
(514652, 'Hummus'),
(514652, 'Marinara Sauce'),
(514652, 'Spaghetti'),
(514652, 'Tabbouleh Salad'),
(514652, 'Tollhouse Pie'),
(514652, 'Vegan Meatballs and Marinara'),
(514652, 'Vegan Split Pea Soup'),
(514652, 'Whole Kernel Corn'),
(514653, 'Baked Sweet Potato'),
(514653, 'Chana Masala (Curried Chickpeas)'),
(514653, 'Dang Cold Noodle Salad'),
(514653, 'Fried Battered Asparagus'),
(514653, 'Gelatin-Free Yogurt'),
(514653, 'Grilled Muenster on Sourdough'),
(514653, 'Hummus'),
(514653, 'Lemon Bar'),
(514653, 'Peas and Pearl Onions'),
(514653, 'Spinach Lasagna'),
(514653, 'Tomato Basil Soup'),
(514653, 'White Rice'),
(514654, ' Yukon Gold Potato Salad with Artichoke'),
(514654, 'Biscuits'),
(514654, 'Broccoli Cheese Soup'),
(514654, 'Brown Rice'),
(514654, 'Brownies'),
(514654, 'Chocolate Chip Pancakes'),
(514654, 'Gelatin-Free Yogurt'),
(514654, 'Hummus'),
(514654, 'Omelet Station'),
(514654, 'Quinoa Stuffed Poblano Peppers'),
(514654, 'Vegetarian Sausage Gravy'),
(514654, 'Zucchini & Tomato Casserole'),
(514655, 'Black Eye Pea Soup w/ Sweet Potato'),
(514655, 'Blondie'),
(514655, 'Honey Miso Roasted Butternut Squash'),
(514655, 'Hummus'),
(514655, 'Onion Rings'),
(514655, 'Pasta Primavera'),
(514655, 'Steamed Kyoto Blend Vegetables'),
(514655, 'Tortellini Salad'),
(514655, 'Vegetarian Chicken Enchilada Casserole'),
(514655, 'Vegetarian Hot Dog'),
(514655, 'White Rice'),
(514656, 'Apricot Sweet & Sour Sauce'),
(514656, 'Black Bean Salad w/ Chiles and Lime'),
(514656, 'Broccoli Florets'),
(514656, 'Candy Cookie'),
(514656, 'Gelatin-Free Yogurt'),
(514656, 'Hummus'),
(514656, 'Sweet & Spicy Plum Sauce'),
(514656, 'Vegan Chicken Bang Bang'),
(514656, 'Vegetarian Nuggets'),
(514656, 'White and Wild Rice'),
(514656, 'Zesty Garden Soup'),
(514657, 'Broccoli Cheese Soup'),
(514657, 'Cannelini Bean Salad'),
(514657, 'Cheese Quesadilla'),
(514657, 'Curried Carrot Puree Soup'),
(514657, 'Florentine Pizza'),
(514657, 'Kale Chips'),
(514657, 'Muhammara'),
(514657, 'Pear and Spinach Salad'),
(514657, 'Pita Bread'),
(514657, 'Roasted Edamame Salad'),
(514657, 'Sister Schubert Rolls'),
(514657, 'Smoked Mozzarella & Tomato Empanadas'),
(514657, 'Vegan Mediterranean Pasta Toss'),
(514657, 'Vegan Tikka Masala'),
(514657, 'Yellow Rice'),
(514658, 'Broccoli Cheese Soup'),
(514658, 'Cannelini Bean Salad'),
(514658, 'Cheese Quesadilla'),
(514658, 'Curried Carrot Puree Soup'),
(514658, 'Florentine Pizza'),
(514658, 'Kale Chips'),
(514658, 'Muhammara'),
(514658, 'Pear and Spinach Salad'),
(514658, 'Pita Bread'),
(514658, 'Roasted Edamame Salad'),
(514658, 'Sister Schubert Rolls'),
(514658, 'Smoked Mozzarella & Tomato Empanadas'),
(514658, 'Vegan Mediterranean Pasta Toss'),
(514658, 'Vegan Tikka Masala'),
(514658, 'Yellow Rice'),
(515406, 'Alfredo Sauce'),
(515406, 'Baked Potato Soup'),
(515406, 'Beef Brisket'),
(515406, 'Bottleneck Fries'),
(515406, 'Breaded Chicken Patty Sandwich'),
(515406, 'Chicken Breast'),
(515406, 'Everything Pizza'),
(515406, 'Grilled Cheese Sandwich'),
(515406, 'Gyro Sandwich'),
(515406, 'Ham Salad'),
(515406, 'Hamburger Bun'),
(515406, 'Lentil Soup'),
(515406, 'Marinara Sauce'),
(515406, 'Marinated Vegetable Salad'),
(515406, 'Pepperoni Pizza'),
(515406, 'Pesto Pasta Salad'),
(515406, 'Pita Bread'),
(515406, 'Spaghetti'),
(515406, 'Sweet Hawaiian Bread'),
(515406, 'Three Cheese Pizza'),
(515406, 'Vegan Jerk Chicken'),
(515406, 'Zucchini & Tomato Casserole'),
(515407, 'Alfredo Sauce'),
(515407, 'Apricot Sweet & Sour Sauce'),
(515407, 'Baked Potato Soup'),
(515407, 'BBQ Sauce'),
(515407, 'Beef Thai Satay'),
(515407, 'Chicken Breast'),
(515407, 'Chicken Tenders'),
(515407, 'Couscous with Dried Fruit and Pine Nuts'),
(515407, 'Crinkle Fries'),
(515407, 'Grated Parmesan Cheese'),
(515407, 'Grilled Fresh Zucchini and Yellow Squash'),
(515407, 'Hamburger Bun'),
(515407, 'Hawaiian Pizza'),
(515407, 'Honey Mustard'),
(515407, 'Italian Sausage'),
(515407, 'Lentil Soup'),
(515407, 'Macaroni & Cheese'),
(515407, 'Marinara Sauce'),
(515407, 'Onions'),
(515407, 'Pepperoni Pizza'),
(515407, 'Pita Bread'),
(515407, 'Shredded Mozz/Prov Mix'),
(515407, 'Sliced Tomatoes'),
(515407, 'Spinach Aglio e Olio'),
(515407, 'Sweet Hawaiian Bread'),
(515407, 'Three Cheese Pizza'),
(515407, 'Vegan Mousaka'),
(515407, 'Vegetarian Nuggets'),
(515411, 'Apricot Danish'),
(515411, 'Banana'),
(515411, 'Blueberry Muffin'),
(515411, 'Chocolate Donuts'),
(515411, 'Double Dutch Muffin'),
(515411, 'Hard Cooked Eggs'),
(515411, 'Navel Orange'),
(515411, 'Red Delicious Apples'),
(515412, 'Bon Vivant Pizza'),
(515412, 'Broccoli Florets'),
(515412, 'Broccoli Raisin Salad'),
(515412, 'Brown Rice'),
(515412, 'Cheese Sticks'),
(515412, 'Chicken Salad'),
(515412, 'Chocolate Walnut Raspberry Bar'),
(515412, 'French Onion Soup'),
(515412, 'Fried Chicken Wontons'),
(515412, 'Hummus'),
(515412, 'Lettuce & Tofu Wraps'),
(515412, 'M&M; Rice Krispie Treat'),
(515412, 'Pepperoni Pizza'),
(515412, 'Philly Cheese Steak Pizza'),
(515412, 'Seafood Salad'),
(515412, 'Spanakopita'),
(515412, 'Spinach and Strawberry Salad'),
(515412, 'Sweet and Sour Pork'),
(515412, 'Three Cheese Pizza'),
(515412, 'Turtle Cookie'),
(515412, 'Vegan Cabbage Rolls'),
(515412, 'Venezuelan Shrimp with Feta'),
(515412, 'White Rice'),
(515413, 'Baked Potatoes'),
(515413, 'Bon Vivant Pizza'),
(515413, 'Broccoli Raisin Salad'),
(515413, 'Brown Rice'),
(515413, 'Cauliflower'),
(515413, 'Cheese Sauce'),
(515413, 'Cheese Sticks'),
(515413, 'Chicken and Rice Casserole'),
(515413, 'Chicken Breast'),
(515413, 'Chicken Salad'),
(515413, 'Creamy Pesto Sauce'),
(515413, 'Cucumber & Onion Salad'),
(515413, 'French Onion Soup'),
(515413, 'Hummus'),
(515413, 'Marinara Sauce'),
(515413, 'Meatballs'),
(515413, 'Pasta Shells'),
(515413, 'Pepperoni Pizza'),
(515413, 'Philly Cheese Steak Pizza'),
(515413, 'Pumpkin Pie'),
(515413, 'Raspberry Pound Cake'),
(515413, 'Red Velvet Sheet Cake'),
(515413, 'Sautéed Mushrooms'),
(515413, 'Sautéed Onions'),
(515413, 'Seafood Salad'),
(515413, 'Sirloin Tri-Tip Roast'),
(515413, 'Sliced Garlic Bread'),
(515413, 'Spaghetti'),
(515413, 'Spinach and Strawberry Salad'),
(515413, 'Strawberry Rhubarb Pie'),
(515413, 'Three Cheese Pizza'),
(515413, 'Vegetable Lo Mein'),
(515413, 'White Rice'),
(515432, 'Assorted Danishes'),
(515432, 'Assorted Donuts'),
(515432, 'Fruit Tray'),
(515432, 'Grapefruit Halves'),
(515432, 'Yogurt Bar'),
(515433, 'Beef Barley Soup'),
(515433, 'Biscuits'),
(515433, 'Black Bean Burger Wrap'),
(515433, 'Breaded Chicken Slider'),
(515433, 'California Blend Vegetables'),
(515433, 'California Medley Soup'),
(515433, 'Chicken Salad'),
(515433, 'Chocolate Pudding'),
(515433, 'Cobb Salad'),
(515433, 'Count Chocula Treats'),
(515433, 'French Toast'),
(515433, 'Fruit Salad'),
(515433, 'Fruit Tray'),
(515433, 'Jell-O'),
(515433, 'Lemon Goat Cheese Hummus'),
(515433, 'Pancake Syrup'),
(515433, 'Sausage Gravy'),
(515433, 'Tri-tater Potatoes'),
(515433, 'Vegetarian Sausage Gravy'),
(515433, 'White Rice'),
(515434, 'Angel Food Cake'),
(515434, 'Assorted Dinner Rolls'),
(515434, 'Beef Barley Soup'),
(515434, 'California Medley Soup'),
(515434, 'Chicken Salad'),
(515434, 'Cobb Salad'),
(515434, 'Fried Calamari'),
(515434, 'Fruit Salad'),
(515434, 'Italian Meat Sauce'),
(515434, 'Jell-O'),
(515434, 'Marinara Sauce'),
(515434, 'Mongolian Beef'),
(515434, 'Penne Pasta'),
(515434, 'Sliced Strawberries'),
(515434, 'Steamed Long Grain Rice'),
(515434, 'Vegetable Blend with Edamame'),
(515434, 'Vegetable Chow Mein'),
(515438, 'Assorted Danishes'),
(515438, 'Assorted Donuts'),
(515438, 'Fruit Tray'),
(515438, 'Grapefruit Halves'),
(515438, 'Yogurt Bar'),
(515439, 'Bacon'),
(515439, 'Bottleneck Fries'),
(515439, 'Brussels Sprouts with Caramelized Onions'),
(515439, 'Caprese Pasta Salad'),
(515439, 'Chicken, White & Wild Rice Soup'),
(515439, 'Cobb Salad'),
(515439, 'Corn Dog'),
(515439, 'Corn Tortilla'),
(515439, 'Flour Tortilla'),
(515439, 'Fruit Tray'),
(515439, 'Giant Hamburger On Bun'),
(515439, 'Ham Salad'),
(515439, 'Hummus'),
(515439, 'Jasmine Rice'),
(515439, 'Jell-O'),
(515439, 'Pork Bulgogi'),
(515439, 'S''mores Bar'),
(515439, 'Sautéed Mushrooms'),
(515439, 'Sautéed Onions'),
(515439, 'Vanilla Pudding'),
(515439, 'Vegetarian Chili'),
(515439, 'Vegetarian Nuggets'),
(515440, 'Alfredo Sauce'),
(515440, 'California Blend Vegetables'),
(515440, 'Caprese Pasta Salad'),
(515440, 'Chicken Enchiladas'),
(515440, 'Chicken, White & Wild Rice Soup'),
(515440, 'Chimichurri Flank Steak'),
(515440, 'Cobb Salad'),
(515440, 'Flour Tortilla'),
(515440, 'Garlic Asiago Ravioli with Pesto Cream'),
(515440, 'Ham Salad'),
(515440, 'Hummus'),
(515440, 'Iced Chocolate Cake'),
(515440, 'Jell-O'),
(515440, 'Marinara Sauce'),
(515440, 'Penne Pasta'),
(515440, 'Sweet Potato Fries'),
(515440, 'Vegetarian Chili'),
(515440, 'White Rice'),
(515448, 'Assorted Danishes'),
(515448, 'Assorted Donuts'),
(515448, 'Fruit Tray'),
(515448, 'Yogurt Bar'),
(524732, 'Assorted Donuts'),
(524732, 'Assorted Muffins'),
(524732, 'Biscuits'),
(524732, 'Country Fried Steak Slider with Biscuit'),
(524732, 'Fruit Tray'),
(524732, 'Grapefruit Halves'),
(524732, 'Grits'),
(524732, 'Hard Cooked Eggs'),
(524732, 'Hash Browns'),
(524732, 'Oatmeal'),
(524732, 'Scrambled Egg Toppings'),
(524732, 'Scrambled Eggs'),
(524732, 'Vegetarian Sausage Gravy'),
(524732, 'Veggie Sausage Patty'),
(524733, 'Assorted Danishes'),
(524733, 'Assorted Donuts'),
(524733, 'Bacon'),
(524733, 'Blueberry Pancakes'),
(524733, 'Fruit Tray'),
(524733, 'Grapefruit Halves'),
(524733, 'Hard Cooked Eggs'),
(524733, 'Hash Brown Patty'),
(524733, 'Malt-o-Meal'),
(524733, 'Oatmeal'),
(524733, 'Pancake Syrup'),
(524733, 'Scrambled Egg Toppings'),
(524733, 'Scrambled Eggs'),
(524733, 'Veggie Sausage Patty'),
(524734, 'Assorted Donuts'),
(524734, 'Cheese Grits'),
(524734, 'French Toast'),
(524734, 'Fruit Tray'),
(524734, 'Grapefruit Halves'),
(524734, 'Hard Cooked Eggs'),
(524734, 'Oatmeal'),
(524734, 'Pork Sausage Patties'),
(524734, 'Scones'),
(524734, 'Scrambled Egg Toppings'),
(524734, 'Scrambled Eggs'),
(524734, 'Tri-tater Potatoes'),
(524734, 'Veggie Sausage Patty'),
(524735, 'Assorted Donuts'),
(524735, 'Assorted Muffins'),
(524735, 'Buttermilk Pancakes'),
(524735, 'Fruit Tray'),
(524735, 'Grapefruit Halves'),
(524735, 'Hard Cooked Eggs'),
(524735, 'Hash Brown Patty'),
(524735, 'Malt-o-Meal'),
(524735, 'Oatmeal'),
(524735, 'Pancake Syrup'),
(524735, 'Pork Sausage Links'),
(524735, 'Scrambled Egg Toppings'),
(524735, 'Scrambled Eggs'),
(524735, 'Veggie Sausage Patty'),
(524736, 'Assorted Donuts'),
(524736, 'Captain Crunch French Toast'),
(524736, 'Cinnamon Twirls'),
(524736, 'Cream of Wheat'),
(524736, 'Fruit Tray'),
(524736, 'Grapefruit Halves'),
(524736, 'Hard Cooked Eggs'),
(524736, 'Oatmeal'),
(524736, 'Scrambled Egg Toppings'),
(524736, 'Scrambled Eggs'),
(524736, 'Southwest Tater Tots'),
(524736, 'Turkey Sausage Patty'),
(524736, 'Veggie Sausage Patty'),
(524738, 'Basmati Rice'),
(524738, 'Butter Herb Tilapia'),
(524738, 'Cauliflower'),
(524738, 'Chicken Fajitas'),
(524738, 'Chocolate Pudding'),
(524738, 'Corn & Shrimp Chowder'),
(524738, 'Fruit Tray'),
(524738, 'Fudge Brownie'),
(524738, 'Hamburger on Bun'),
(524738, 'Italian Tomato Basil & Pasta Salad'),
(524738, 'Jell-O'),
(524738, 'Pear and Spinach Salad'),
(524738, 'Red Pepper Hummus'),
(524738, 'Roasted Cauliflower'),
(524738, 'Seasoned Curly Fries'),
(524738, 'Spicy Black Bean Burger'),
(524738, 'Vegetable Spread'),
(524738, 'Vegetarian Chili'),
(524739, 'All-Beef Hot Dog'),
(524739, 'Chicago Style Hot Dog Toppings'),
(524739, 'Chocolate Chunk Cookie'),
(524739, 'Cream of Potato Soup'),
(524739, 'French Fried Onion Rings'),
(524739, 'Fruit Tray'),
(524739, 'Grilled Chicken Sandwich'),
(524739, 'Grilled Shrimp and Chipotle Salad'),
(524739, 'Hummus'),
(524739, 'Jell-O'),
(524739, 'Shrimp Quesadilla'),
(524739, 'Smoked Turkey Salad'),
(524739, 'Tofu with Mango Chutney'),
(524739, 'Tom Yum Soup'),
(524739, 'Vanilla Pudding'),
(524739, 'White Rice'),
(524739, 'Zucchini & Tomato Casserole'),
(524740, 'Apple Crisp'),
(524740, 'Bottleneck Fries'),
(524740, 'Capri Blend Vegetables'),
(524740, 'Chocolate Pudding'),
(524740, 'Cornbread'),
(524740, 'Egg Salad'),
(524740, 'French Dip Sandwich'),
(524740, 'Fruit Tray'),
(524740, 'Greek Orzo Pasta Salad'),
(524740, 'Ham and Bean Soup'),
(524740, 'Jasmine Rice'),
(524740, 'Jell-O'),
(524740, 'Lemon Goat Cheese Hummus'),
(524740, 'Shrimp & Vegetable Stir Fry'),
(524740, 'Southwest Caesar Salad'),
(524740, 'Squash Soup with Apple Confit'),
(524740, 'Turkey Burger'),
(524740, 'Zucchini Quinoa Lasagna'),
(524741, 'Basmati Rice'),
(524741, 'Beef Bulgogi'),
(524741, 'California Medley Soup'),
(524741, 'Candy Cookie'),
(524741, 'Corn Dog'),
(524741, 'French Onion Soup'),
(524741, 'Fruit & Nut Chicken Salad'),
(524741, 'Fruit Tray'),
(524741, 'Green Beans'),
(524741, 'Hummus'),
(524741, 'Jell-O'),
(524741, 'Macaroni & Cheese'),
(524741, 'Soul''s Potato Salad'),
(524741, 'Steak Fries'),
(524741, 'Sweet & Sour Sauce'),
(524741, 'Sweet and Sour Chicken'),
(524741, 'Vanilla Pudding'),
(524741, 'When Grapes Get the Bleus Salad'),
(524742, 'Alfredo Sauce'),
(524742, 'Asparagus Spears'),
(524742, 'Carrot Cake'),
(524742, 'Corn & Shrimp Chowder'),
(524742, 'Farfalle Pasta'),
(524742, 'Garlic & Cheddar Biscuit'),
(524742, 'Honey Dijon Chicken'),
(524742, 'Italian Tomato Basil & Pasta Salad'),
(524742, 'Jasmine Rice'),
(524742, 'Jell-O'),
(524742, 'London Broil'),
(524742, 'Marinara Sauce'),
(524742, 'Pear and Spinach Salad'),
(524742, 'Red Pepper Hummus'),
(524742, 'Red Roasted Potatoes w/ Rosemary'),
(524742, 'Southern Style Tofu'),
(524742, 'Vegetable Spread'),
(524742, 'Vegetarian Chili'),
(524743, 'Assorted Caramel & Chocolate Cheesecakes'),
(524743, 'Brazilian Salmon'),
(524743, 'Cream of Potato Soup'),
(524743, 'Creamy Pesto Sauce'),
(524743, 'Grilled Shrimp and Chipotle Salad'),
(524743, 'Hummus'),
(524743, 'Jell-O'),
(524743, 'Marinara Sauce'),
(524743, 'Polynesian Chicken'),
(524743, 'Roasted Root Vegetable'),
(524743, 'Sister Schubert Rolls'),
(524743, 'Smoked Turkey Salad'),
(524743, 'Spaghetti'),
(524743, 'Spinach Lasagna'),
(524743, 'Tom Yum Soup'),
(524743, 'White Rice'),
(524744, 'Beef Gravy'),
(524744, 'Biscuits'),
(524744, 'Breaded Cheese Ravioli'),
(524744, 'California Blend Vegetables'),
(524744, 'Chicken Ramen Broth'),
(524744, 'Egg Salad'),
(524744, 'Garlic Whipped Potatoes'),
(524744, 'Greek Orzo Pasta Salad'),
(524744, 'Ham and Bean Soup'),
(524744, 'Jell-O'),
(524744, 'Lemon Goat Cheese Hummus'),
(524744, 'Marinara Sauce'),
(524744, 'Meatloaf'),
(524744, 'Pound Cake with Berries'),
(524744, 'Roasted Cornish Hens'),
(524744, 'Southwest Caesar Salad'),
(524744, 'Squash Soup with Apple Confit'),
(524744, 'Vegetable Ramen Broth'),
(524744, 'White Rice'),
(524745, 'Alfredo Sauce'),
(524745, 'Baked Sweet Potato'),
(524745, 'Bread Sticks'),
(524745, 'California Medley Soup'),
(524745, 'Cookies & Cream Pie'),
(524745, 'Creamy Polenta with Mushrooms'),
(524745, 'French Onion Soup'),
(524745, 'Fruit & Nut Chicken Salad'),
(524745, 'Herb Grilled Chicken'),
(524745, 'Hummus'),
(524745, 'Italian Garden Sauce'),
(524745, 'Jell-O'),
(524745, 'Pistachio Stuffed Leg of Lamb'),
(524745, 'Sauteed Squash Medley'),
(524745, 'Soul''s Potato Salad'),
(524745, 'Tri-Color Rotini'),
(524745, 'When Grapes Get the Bleus Salad'),
(524745, 'White Rice'),
(524746, 'Assorted Dinner Rolls'),
(524746, 'Basmati Rice'),
(524746, 'Chocolate Pudding'),
(524746, 'Confetti Pasta Salad'),
(524746, 'Fish Tacos'),
(524746, 'Ice Cream Hand Dipped'),
(524746, 'Ice Cream Sundae Bar'),
(524746, 'Jell-O'),
(524746, 'Madras Curry Tofu'),
(524746, 'Peas'),
(524746, 'Sweet Potato Fries'),
(524746, 'Sweet Potato Hummus'),
(524746, 'Tomato Soup'),
(524746, 'Tuna Salad'),
(524746, 'Turkey Pot Pie'),
(524746, 'Vinaigrette Cole Slaw'),
(524810, 'Apricot Sweet & Sour Sauce'),
(524810, 'Baby Carrots'),
(524810, 'BBQ Brisket Sandwich'),
(524810, 'BBQ Sauce'),
(524810, 'Brown Rice Pilaf'),
(524810, 'Buffalo Chicken Salad'),
(524810, 'Chana Masala (Curried Chickpeas)'),
(524810, 'Chicken Tenders'),
(524810, 'Chocolate Pudding'),
(524810, 'Cream of Mushroom Soup'),
(524810, 'French Onion Soup'),
(524810, 'Fruit Tray'),
(524810, 'Honey Mustard'),
(524810, 'Jell-O'),
(524810, 'Orange Sheet Cake'),
(524810, 'Ranch Dressing'),
(524810, 'Red Pepper Hummus'),
(524810, 'Seasoned Curly Fries'),
(524810, 'Taffy Apple Salad'),
(524810, 'Tuna Salad'),
(524810, 'Venezuelan Shrimp with Feta'),
(524811, 'All-Beef Hot Dog'),
(524811, 'Basmati Rice'),
(524811, 'Chicken Caesar Salad'),
(524811, 'Cream of Tomato Soup'),
(524811, 'Eggplant Hummus'),
(524811, 'French Fries'),
(524811, 'Fruit Tray'),
(524811, 'Green Beans'),
(524811, 'Gyro Sandwich'),
(524811, 'Herbed Grilled Turkey'),
(524811, 'Hot & Sour Soup'),
(524811, 'Jell-O'),
(524811, 'Madras Potatoes'),
(524811, 'Pita Bread'),
(524811, 'Smoked Turkey Salad'),
(524811, 'Tomato Feta Quinoa'),
(524811, 'Vanilla Pudding'),
(524811, 'White Chocolate Macadamia Nut Cookies'),
(524812, 'Apple Smoked Chicken Sausage'),
(524812, 'Chocolate Pudding'),
(524812, 'Corn Tortilla'),
(524812, 'Cornbread'),
(524812, 'Fiesta Corn'),
(524812, 'Flour Tortilla'),
(524812, 'Fruit Tray'),
(524812, 'Ground Beef Tacos'),
(524812, 'Ham and Bean Soup'),
(524812, 'Heidi''s Guacamole'),
(524812, 'Honey Dijon Chicken'),
(524812, 'Hummus'),
(524812, 'Jell-O'),
(524812, 'Ranch Egg Salad'),
(524812, 'Refried Beans'),
(524812, 'Seafood Salad'),
(524812, 'Seasoned Waffle Fries'),
(524812, 'Spinach and Strawberry Salad'),
(524812, 'Taco Toppings'),
(524812, 'Toasted Marshmallow and Chocolate Bar'),
(524812, 'Vegan Fajitas'),
(524812, 'Vegetable Barley Soup'),
(524812, 'Whole Kernel Corn'),
(524812, 'Yellow Rice'),
(524813, 'Broccoli Florets'),
(524813, 'Butter Sugar Cookies'),
(524813, 'Chocolate Pudding'),
(524813, 'Cuban Sandwich'),
(524813, 'Falafel with Pita'),
(524813, 'Fruit Tray'),
(524813, 'Hamburger on Bun'),
(524813, 'Illini Salad'),
(524813, 'Jell-O'),
(524813, 'Minestrone Soup'),
(524813, 'Pita Bread'),
(524813, 'Soul''s Potato Salad'),
(524813, 'Steak Fries'),
(524813, 'Sweet Potato Hummus'),
(524813, 'Thai Chili Chicken Drumsticks'),
(524813, 'Tuna Salad'),
(524813, 'Tuscan Soup'),
(524813, 'White Rice'),
(524814, 'Boneless Buffalo Chicken Wings'),
(524814, 'Brown Rice'),
(524814, 'Cape Cod Vegetable Blend'),
(524814, 'Confetti Pasta Salad'),
(524814, 'Fire Island Coleslaw'),
(524814, 'French Fried Onion Rings'),
(524814, 'Fruit Tray'),
(524814, 'Hummus'),
(524814, 'Jell-O'),
(524814, 'Lentil Soup'),
(524814, 'Malibu Burger'),
(524814, 'New England Clam Chowder'),
(524814, 'S''mores Bar'),
(524814, 'Salmon Teriyaki'),
(524814, 'Sloppy Joe Sandwiches'),
(524814, 'Vanilla Pudding'),
(524814, 'Vegetable Spread'),
(524816, 'Alfredo Sauce'),
(524816, 'Beef Lasagna'),
(524816, 'Buffalo Chicken Salad'),
(524816, 'Cream of Mushroom Soup'),
(524816, 'Farfalle Pasta'),
(524816, 'French Onion Soup'),
(524816, 'Honey Chipotle Chicken'),
(524816, 'Jell-O'),
(524816, 'Marinara Sauce'),
(524816, 'Red Pepper Hummus'),
(524816, 'Sister Schubert Rolls'),
(524816, 'Sponge Cake'),
(524816, 'Steamed Spinach'),
(524816, 'Taffy Apple Salad'),
(524816, 'Vegan Chicken Bang Bang'),
(524816, 'White Rice'),
(524816, 'Whole Kernel Corn'),
(524817, 'Cauliflower'),
(524817, 'Cookies & Cream Pie'),
(524817, 'Cornbread'),
(524817, 'Creamy Pesto Sauce'),
(524817, 'Fettuccine'),
(524817, 'Golden Fried Tofu with Chili Sauce'),
(524817, 'Ham and Bean Soup'),
(524817, 'Hummus'),
(524817, 'Jasmine Rice'),
(524817, 'Jell-O'),
(524817, 'Marinara Sauce'),
(524817, 'Marinated Pork Chop'),
(524817, 'Princess Chicken'),
(524817, 'Ranch Egg Salad'),
(524817, 'Roasted Yukon Gold Potatoes'),
(524817, 'Seafood Salad'),
(524817, 'Spinach and Strawberry Salad'),
(524817, 'Vegetable Barley Soup'),
(524909, 'Apple Cinnamon Pancakes'),
(524909, 'Assorted Donuts'),
(524909, 'Cinnamon Twirls'),
(524909, 'Fruit Tray'),
(524909, 'Grapefruit Halves'),
(524909, 'Grilled Ham'),
(524909, 'Hard Cooked Eggs'),
(524909, 'Malt-o-Meal'),
(524909, 'Oatmeal'),
(524909, 'Pancake Syrup'),
(524909, 'Scrambled Egg Toppings'),
(524909, 'Scrambled Eggs'),
(524909, 'Tri-tater Potatoes'),
(524909, 'Veggie Sausage Patty'),
(524909, 'Yogurt Bar'),
(524910, 'Assorted Donuts'),
(524910, 'Biscuits'),
(524910, 'Coffee Cake'),
(524910, 'Cream of Wheat'),
(524910, 'Fruit Tray'),
(524910, 'Grapefruit Halves'),
(524910, 'Hard Cooked Eggs'),
(524910, 'Hash Browns'),
(524910, 'Oatmeal'),
(524910, 'Sausage Gravy'),
(524910, 'Scrambled Egg Toppings'),
(524910, 'Scrambled Eggs'),
(524910, 'Vegetarian Sausage Gravy'),
(524910, 'Veggie Sausage Patty'),
(524910, 'Yogurt Bar'),
(524911, 'Assorted Danishes'),
(524911, 'Assorted Donuts'),
(524911, 'Bacon'),
(524911, 'Blueberry Pancakes'),
(524911, 'Fruit Tray'),
(524911, 'Grapefruit Halves'),
(524911, 'Grits'),
(524911, 'Hard Cooked Eggs'),
(524911, 'Oatmeal'),
(524911, 'Pancake Syrup'),
(524911, 'Scrambled Egg Toppings'),
(524911, 'Scrambled Eggs'),
(524911, 'Tater-Tots'),
(524911, 'Yogurt Bar'),
(524912, 'Assorted Donuts'),
(524912, 'Assorted Muffins'),
(524912, 'Chocolate Malt-o-Meal'),
(524912, 'French Toast'),
(524912, 'Fruit Tray'),
(524912, 'Grapefruit Halves'),
(524912, 'Hard Cooked Eggs'),
(524912, 'Hash Brown Patty'),
(524912, 'Oatmeal'),
(524912, 'Pork Sausage Links'),
(524912, 'Scrambled Egg Toppings'),
(524912, 'Scrambled Eggs'),
(524912, 'Veggie Sausage Patty'),
(524912, 'Yogurt Bar'),
(524913, 'Assorted Donuts'),
(524913, 'Assorted Muffins'),
(524913, 'Chicken Bacon'),
(524913, 'Cream of Wheat'),
(524913, 'Fruit Tray'),
(524913, 'Grapefruit Halves'),
(524913, 'Hard Cooked Eggs'),
(524913, 'Make Your Own Chorizo Breakfast Burrito'),
(524913, 'Oatmeal'),
(524913, 'Scrambled Egg Toppings'),
(524913, 'Scrambled Eggs'),
(524913, 'Southwest Tater Tots'),
(524913, 'Veggie Sausage Patty'),
(524913, 'Yogurt Bar'),
(524916, 'Apricot Sweet & Sour Sauce'),
(524916, 'Baby Carrots'),
(524916, 'BBQ Brisket Sandwich'),
(524916, 'BBQ Sauce'),
(524916, 'Brown Rice Pilaf'),
(524916, 'Buffalo Chicken Salad'),
(524916, 'Chana Masala (Curried Chickpeas)'),
(524916, 'Chicken Tenders'),
(524916, 'Chocolate Pudding'),
(524916, 'Cream of Mushroom Soup'),
(524916, 'French Onion Soup'),
(524916, 'Fruit Tray'),
(524916, 'Honey Mustard'),
(524916, 'Jell-O'),
(524916, 'Orange Sheet Cake'),
(524916, 'Ranch Dressing'),
(524916, 'Red Pepper Hummus'),
(524916, 'Seasoned Curly Fries'),
(524916, 'Taffy Apple Salad'),
(524916, 'Tuna Salad'),
(524916, 'Venezuelan Shrimp with Feta'),
(524917, 'All-Beef Hot Dog'),
(524917, 'Basmati Rice'),
(524917, 'Chicken Caesar Salad'),
(524917, 'Cream of Tomato Soup'),
(524917, 'Eggplant Hummus'),
(524917, 'French Fries'),
(524917, 'Fruit Tray'),
(524917, 'Green Beans'),
(524917, 'Gyro Sandwich'),
(524917, 'Herbed Grilled Turkey'),
(524917, 'Hot & Sour Soup'),
(524917, 'Jell-O'),
(524917, 'Madras Potatoes'),
(524917, 'Pita Bread'),
(524917, 'Smoked Turkey Salad'),
(524917, 'Tomato Feta Quinoa'),
(524917, 'Vanilla Pudding'),
(524917, 'White Chocolate Macadamia Nut Cookies'),
(524918, 'Apple Smoked Chicken Sausage'),
(524918, 'Chocolate Pudding'),
(524918, 'Corn Tortilla'),
(524918, 'Cornbread'),
(524918, 'Fiesta Corn'),
(524918, 'Flour Tortilla'),
(524918, 'Fruit Tray'),
(524918, 'Ground Beef Tacos'),
(524918, 'Ham and Bean Soup'),
(524918, 'Heidi''s Guacamole'),
(524918, 'Honey Dijon Chicken'),
(524918, 'Hummus'),
(524918, 'Jell-O'),
(524918, 'Ranch Egg Salad'),
(524918, 'Refried Beans'),
(524918, 'Seafood Salad'),
(524918, 'Seasoned Waffle Fries'),
(524918, 'Spinach and Strawberry Salad'),
(524918, 'Taco Toppings'),
(524918, 'Toasted Marshmallow and Chocolate Bar'),
(524918, 'Vegan Fajitas'),
(524918, 'Vegetable Barley Soup'),
(524918, 'Whole Kernel Corn'),
(524918, 'Yellow Rice'),
(524919, 'Broccoli Florets'),
(524919, 'Butter Sugar Cookies'),
(524919, 'Chocolate Pudding'),
(524919, 'Cuban Sandwich'),
(524919, 'Falafel with Pita'),
(524919, 'Fruit Tray'),
(524919, 'Hamburger on Bun'),
(524919, 'Illini Salad'),
(524919, 'Jell-O'),
(524919, 'Minestrone Soup'),
(524919, 'Pita Bread'),
(524919, 'Soul''s Potato Salad'),
(524919, 'Steak Fries'),
(524919, 'Sweet Potato Hummus'),
(524919, 'Thai Chili Chicken Drumsticks'),
(524919, 'Tuna Salad'),
(524919, 'Tuscan Soup'),
(524919, 'White Rice'),
(524920, 'Boneless Buffalo Chicken Wings'),
(524920, 'Brown Rice'),
(524920, 'Cape Cod Vegetable Blend'),
(524920, 'Confetti Pasta Salad'),
(524920, 'Fire Island Coleslaw'),
(524920, 'French Fried Onion Rings'),
(524920, 'Fruit Tray'),
(524920, 'Hummus'),
(524920, 'Jell-O'),
(524920, 'Lentil Soup'),
(524920, 'Malibu Burger'),
(524920, 'New England Clam Chowder'),
(524920, 'S''mores Bar'),
(524920, 'Salmon Teriyaki'),
(524920, 'Sloppy Joe Sandwiches'),
(524920, 'Vanilla Pudding'),
(524920, 'Vegetable Spread'),
(524923, 'Alfredo Sauce'),
(524923, 'Beef Lasagna'),
(524923, 'Buffalo Chicken Salad'),
(524923, 'Cream of Mushroom Soup'),
(524923, 'Farfalle Pasta'),
(524923, 'French Onion Soup'),
(524923, 'Honey Chipotle Chicken'),
(524923, 'Jell-O'),
(524923, 'Marinara Sauce'),
(524923, 'Red Pepper Hummus'),
(524923, 'Sister Schubert Rolls'),
(524923, 'Sponge Cake'),
(524923, 'Steamed Spinach'),
(524923, 'Taffy Apple Salad'),
(524923, 'Vegan Chicken Bang Bang'),
(524923, 'White Rice'),
(524925, 'Basmati Rice'),
(524925, 'Cheese Ravioli'),
(524925, 'French Dinner Roll'),
(524925, 'Iced Chocolate Cake'),
(524925, 'Illini Salad'),
(524925, 'Jell-O'),
(524925, 'Marinara Sauce'),
(524925, 'Meatloaf'),
(524925, 'Minestrone Soup'),
(524925, 'Prince Edward Vegetable Blend'),
(524925, 'Red Pepper Hummus'),
(524925, 'Roasted Turkey Breast'),
(524925, 'Soul''s Potato Salad'),
(524925, 'Turkey Gravy'),
(524925, 'Tuscan Soup'),
(524925, 'Whipped Potatoes'),
(524926, 'Baked Cajun Catfish'),
(524926, 'Baked Potatoes'),
(524926, 'Broccoli with Cheese Sauce'),
(524926, 'Chili'),
(524926, 'Chocolate Peanut Butter Pie'),
(524926, 'Confetti Pasta Salad'),
(524926, 'Fire Island Coleslaw'),
(524926, 'Green Beans'),
(524926, 'Herb Focaccia Bread'),
(524926, 'Herb Roasted Chicken'),
(524926, 'Hummus'),
(524926, 'Jell-O'),
(524926, 'Lentil Soup'),
(524926, 'Mediterranean Vegetable Risotto'),
(524926, 'New England Clam Chowder'),
(524926, 'Roasted Root Vegetable'),
(524926, 'Vegetable Spread'),
(526559, 'Apple Cinnamon Pancakes'),
(526559, 'Assorted Donuts'),
(526559, 'Cinnamon Twirls'),
(526559, 'Fruit Tray'),
(526559, 'Grapefruit Halves'),
(526559, 'Grilled Ham'),
(526559, 'Hard Cooked Eggs'),
(526559, 'Malt-o-Meal'),
(526559, 'Oatmeal'),
(526559, 'Pancake Syrup'),
(526559, 'Scrambled Egg Toppings'),
(526559, 'Scrambled Eggs'),
(526559, 'Tri-tater Potatoes'),
(526559, 'Veggie Sausage Patty'),
(526560, 'Assorted Donuts'),
(526560, 'Biscuits'),
(526560, 'Coffee Cake'),
(526560, 'Cream of Wheat'),
(526560, 'Fruit Tray'),
(526560, 'Grapefruit Halves'),
(526560, 'Hard Cooked Eggs'),
(526560, 'Hash Browns'),
(526560, 'Oatmeal'),
(526560, 'Sausage Gravy'),
(526560, 'Scrambled Egg Toppings'),
(526560, 'Scrambled Eggs'),
(526560, 'Vegetarian Sausage Gravy'),
(526560, 'Veggie Sausage Patty'),
(526561, 'Assorted Danishes'),
(526561, 'Assorted Donuts'),
(526561, 'Bacon'),
(526561, 'Blueberry Pancakes'),
(526561, 'Fruit Tray'),
(526561, 'Grapefruit Halves'),
(526561, 'Grits'),
(526561, 'Hard Cooked Eggs'),
(526561, 'Oatmeal'),
(526561, 'Pancake Syrup'),
(526561, 'Scrambled Egg Toppings'),
(526561, 'Scrambled Eggs'),
(526561, 'Tater-Tots'),
(526562, 'Assorted Donuts'),
(526562, 'Assorted Muffins'),
(526562, 'Chocolate Malt-o-Meal'),
(526562, 'French Toast'),
(526562, 'Fruit Tray'),
(526562, 'Grapefruit Halves'),
(526562, 'Hard Cooked Eggs'),
(526562, 'Hash Brown Patty'),
(526562, 'Oatmeal'),
(526562, 'Pork Sausage Links'),
(526562, 'Scrambled Egg Toppings'),
(526562, 'Scrambled Eggs'),
(526562, 'Veggie Sausage Patty'),
(526563, 'Assorted Donuts'),
(526563, 'Assorted Muffins'),
(526563, 'Chicken Bacon'),
(526563, 'Cream of Wheat'),
(526563, 'Fruit Tray'),
(526563, 'Grapefruit Halves'),
(526563, 'Hard Cooked Eggs'),
(526563, 'Make Your Own Chorizo Breakfast Burrito'),
(526563, 'Oatmeal'),
(526563, 'Scrambled Egg Toppings'),
(526563, 'Scrambled Eggs'),
(526563, 'Southwest Tater Tots'),
(526563, 'Veggie Sausage Patty'),
(526564, 'Apricot Sweet & Sour Sauce'),
(526564, 'Baby Carrots'),
(526564, 'BBQ Brisket Sandwich'),
(526564, 'BBQ Sauce'),
(526564, 'Brown Rice Pilaf'),
(526564, 'Buffalo Chicken Salad'),
(526564, 'Chana Masala (Curried Chickpeas)'),
(526564, 'Chicken Tenders'),
(526564, 'Chocolate Pudding'),
(526564, 'Cream of Mushroom Soup'),
(526564, 'French Onion Soup'),
(526564, 'Fruit Tray'),
(526564, 'Honey Mustard'),
(526564, 'Jell-O'),
(526564, 'Lemon Bars'),
(526564, 'Ranch Dressing'),
(526564, 'Red Pepper Hummus'),
(526564, 'Seasoned Curly Fries'),
(526564, 'Taffy Apple Salad'),
(526564, 'Tuna Salad'),
(526564, 'Venezuelan Shrimp with Feta'),
(526565, 'All-Beef Hot Dog'),
(526565, 'Basmati Rice'),
(526565, 'Chicken Caesar Salad'),
(526565, 'Cream of Tomato Soup'),
(526565, 'Eggplant Hummus'),
(526565, 'French Fries'),
(526565, 'Fruit Tray'),
(526565, 'Green Beans'),
(526565, 'Gyro Sandwich'),
(526565, 'Herbed Grilled Turkey'),
(526565, 'Hot & Sour Soup'),
(526565, 'Jell-O'),
(526565, 'Madras Potatoes'),
(526565, 'Pita Bread'),
(526565, 'Smoked Turkey Salad'),
(526565, 'Tomato Feta Quinoa'),
(526565, 'Vanilla Pudding'),
(526565, 'White Chocolate Macadamia Nut Cookies'),
(526566, 'Apple Smoked Chicken Sausage'),
(526566, 'Chocolate Pudding'),
(526566, 'Fiesta Corn'),
(526566, 'Flour Tortilla'),
(526566, 'Fruit Tray'),
(526566, 'Ground Beef Tacos'),
(526566, 'Ham and Bean Soup'),
(526566, 'Heidi''s Guacamole'),
(526566, 'Honey Dijon Chicken'),
(526566, 'Hot Dog Bun'),
(526566, 'Hummus'),
(526566, 'Jell-O'),
(526566, 'Ranch Egg Salad'),
(526566, 'Refried Beans'),
(526566, 'Seafood Salad'),
(526566, 'Seasoned Waffle Fries'),
(526566, 'Southern Style Cornbread'),
(526566, 'Spinach and Strawberry Salad'),
(526566, 'Taco Toppings'),
(526566, 'Toasted Marshmallow and Chocolate Bar'),
(526566, 'Vegan Fajitas'),
(526566, 'Vegetable Barley Soup'),
(526566, 'Whole Kernel Corn'),
(526566, 'Yellow Rice'),
(526567, 'Broccoli Florets'),
(526567, 'Butter Sugar Cookies'),
(526567, 'Chocolate Pudding'),
(526567, 'Cuban Sandwich'),
(526567, 'Falafel'),
(526567, 'Fruit Tray'),
(526567, 'Hamburger on Bun'),
(526567, 'Illini Salad'),
(526567, 'Jell-O'),
(526567, 'Minestrone Soup'),
(526567, 'Pita Bread'),
(526567, 'Soul''s Potato Salad'),
(526567, 'Steak Fries'),
(526567, 'Sweet Potato Hummus'),
(526567, 'Thai Chili Chicken Drumsticks'),
(526567, 'Tuna Salad'),
(526567, 'Tuscan Soup'),
(526567, 'White Rice'),
(526568, 'Alfredo Sauce'),
(526568, 'Beef Lasagna'),
(526568, 'Buffalo Chicken Salad'),
(526568, 'Cream of Mushroom Soup'),
(526568, 'Farfalle Pasta'),
(526568, 'French Onion Soup'),
(526568, 'Honey Chipotle Chicken'),
(526568, 'Jell-O'),
(526568, 'Marinara Sauce'),
(526568, 'Red Pepper Hummus'),
(526568, 'Sister Schubert Rolls'),
(526568, 'Steamed Spinach'),
(526568, 'Taffy Apple Salad'),
(526568, 'Vegan Chicken Bang Bang'),
(526568, 'White Rice'),
(526571, 'Basmati Rice'),
(526571, 'Cheese Ravioli'),
(526571, 'French Dinner Roll'),
(526571, 'Iced Chocolate Cake'),
(526571, 'Illini Salad'),
(526571, 'Jell-O'),
(526571, 'Marinara Sauce'),
(526571, 'Meatloaf'),
(526571, 'Minestrone Soup'),
(526571, 'Red Pepper Hummus'),
(526571, 'Roasted Turkey Breast'),
(526571, 'Soul''s Potato Salad'),
(526571, 'Steamed Prince Edward Blend Vegetables'),
(526571, 'Turkey Gravy'),
(526571, 'Tuscan Soup'),
(526571, 'Whipped Potatoes'),
(526572, 'Baked Cajun Catfish'),
(526572, 'Baked Potatoes'),
(526572, 'Broccoli with Cheese Sauce'),
(526572, 'Chili'),
(526572, 'Chocolate Peanut Butter Pie'),
(526572, 'Confetti Pasta Salad'),
(526572, 'Fire Island Coleslaw'),
(526572, 'Green Beans'),
(526572, 'Herb Focaccia Bread'),
(526572, 'Herb Roasted Chicken'),
(526572, 'Hummus'),
(526572, 'Jell-O'),
(526572, 'Mediterranean Vegetable Risotto'),
(526572, 'Roasted Root Vegetable'),
(526572, 'Vegetable Spread'),
(527791, 'Cheesy Garlic Bread'),
(527791, 'Chicken Tortellini with Pesto Soup'),
(527791, 'Florentine Pizza'),
(527791, 'Gravlax Egg Salad'),
(527791, 'Pepperoni Pizza'),
(527791, 'Pork with Sweet and Spicy Plum Sauce'),
(527791, 'Purple Rice'),
(527791, 'Rice Noodles'),
(527791, 'Soul''s Potato Salad'),
(527791, 'Southwest Vegetable Salad'),
(527791, 'Three Cheese Pizza'),
(527791, 'Vegetable Barley Soup'),
(527791, 'White Rice'),
(527792, 'Alfredo Sauce'),
(527792, 'Brown Rice'),
(527792, 'Chicken Breast'),
(527792, 'Coles Sticks with Marinara'),
(527792, 'Five Cup Salad'),
(527792, 'Ham and Bean Soup'),
(527792, 'Kale Market Salad'),
(527792, 'Kung Pao Chicken'),
(527792, 'Marinara Sauce'),
(527792, 'Nacho Pizza'),
(527792, 'Navy Bean Soup'),
(527792, 'Orange Chicken Salad with Dill'),
(527792, 'Pepperoni Pizza'),
(527792, 'Pork Eggroll'),
(527792, 'Rice Noodles'),
(527792, 'Rotini'),
(527792, 'Three Cheese Pizza'),
(527792, 'White Rice'),
(527793, 'Bread Sticks'),
(527793, 'Cobb Salad'),
(527793, 'French Onion Soup'),
(527793, 'General Tso''s Chicken'),
(527793, 'Ham Salad'),
(527793, 'Macaroni Salad'),
(527793, 'Pepperoni Pizza'),
(527793, 'Purple Rice'),
(527793, 'Rice Noodles'),
(527793, 'Sausage Pizza'),
(527793, 'Three Cheese Pizza'),
(527793, 'Vegetarian Corn Chowder'),
(527793, 'White Rice'),
(527794, 'Alfredo Sauce'),
(527794, 'Apple & Candied Pecan Salad'),
(527794, 'Broccoli, Chickpea and Millet Salad'),
(527794, 'Brown Rice'),
(527794, 'Marinara Sauce'),
(527794, 'Meatballs'),
(527794, 'Miso Soup'),
(527794, 'Pepperoni Pizza'),
(527794, 'Portobello and Red Pepper Pizza'),
(527794, 'Rice Noodles'),
(527794, 'Rotini'),
(527794, 'Sister Schubert Rolls'),
(527794, 'Smoked Turkey Salad'),
(527794, 'Spicy Adobo Pork Soup'),
(527794, 'Sweet and Sour Pork'),
(527794, 'Three Cheese Pizza'),
(527794, 'Vegetarian Eggrolls'),
(527794, 'White Rice'),
(527795, 'Crab and Pasta Salad'),
(527795, 'Crab Rangoons'),
(527795, 'Creamy Cole Slaw'),
(527795, 'Pepperoni Pizza'),
(527795, 'Potato Sausage Soup'),
(527795, 'Purple Rice'),
(527795, 'Rice Noodles'),
(527795, 'Sausage Mushroom Pizza'),
(527795, 'Sliced Garlic Bread'),
(527795, 'Sweet and Sour Cod'),
(527795, 'Three Cheese Pizza'),
(527795, 'Tomato Soup'),
(527795, 'Tuna Salad'),
(527795, 'White Rice'),
(527796, 'Alfredo Sauce'),
(527796, 'Beef Barley Soup'),
(527796, 'Beef Bulgogi Pizza'),
(527796, 'California Blend Vegetables'),
(527796, 'Chicken Wing Dings'),
(527796, 'Coconut Jasmine Rice with Mango'),
(527796, 'Cream of Mushroom Soup'),
(527796, 'Fried Macaroni & Cheese'),
(527796, 'Fruit & Nut Chicken Salad'),
(527796, 'Marinara Sauce'),
(527796, 'Penne Pasta'),
(527796, 'Pepperoni Pizza'),
(527796, 'Roasted Tomato & Pesto Sandwich'),
(527796, 'Roti Bread'),
(527796, 'Seasoned Waffle Fries'),
(527796, 'Soo Hwa Wrap'),
(527796, 'Spicy Southwest Potato Salad'),
(527796, 'Sweet Hawaiian Bread'),
(527796, 'Szechwan Green Beans'),
(527796, 'Thai Basil Tofu Stir Fry'),
(527796, 'Three Cheese Pizza'),
(527796, 'Tortellini Salad'),
(527797, 'Alfredo Sauce'),
(527797, 'Beef Lasagna'),
(527797, 'Braised Bok Choy & Shiitake Mushroom'),
(527797, 'Bread Sticks'),
(527797, 'California Blend Vegetables'),
(527797, 'Caribbean Blend Vegetables'),
(527797, 'Chicken Bacon Ranch Pizza'),
(527797, 'Chicken Breast'),
(527797, 'Chicken Tortellini with Pesto Soup'),
(527797, 'Gallo Pinto'),
(527797, 'Gravlax Egg Salad'),
(527797, 'Marinara Sauce'),
(527797, 'Meatballs'),
(527797, 'Orange Chicken'),
(527797, 'Penne Pasta'),
(527797, 'Pepperoni Pizza'),
(527797, 'Purple Rice'),
(527797, 'Rice Noodles'),
(527797, 'Roasted Jerk Chicken'),
(527797, 'Soul''s Potato Salad'),
(527797, 'Southwest Vegetable Salad'),
(527797, 'Steamed Pork Bun'),
(527797, 'Three Cheese Pizza'),
(527797, 'Vegan Jerk Chicken'),
(527797, 'Vegetable Barley Soup'),
(527797, 'White Rice'),
(527797, 'Wild Mushroom Lasagna'),
(527798, '4 Square Ciabatta Roll'),
(527798, 'Alabama White BBQ Sauce'),
(527798, 'Baked Potatoes'),
(527798, 'BBQ Sauce'),
(527798, 'Beef & Broccoli Stirfry'),
(527798, 'Broccoli and Cheese Sauce'),
(527798, 'Brown Rice'),
(527798, 'Carolina BBQ Sauce'),
(527798, 'Chili'),
(527798, 'Cobb Salad'),
(527798, 'Coles Sticks with Marinara'),
(527798, 'Creamy Cole Slaw'),
(527798, 'Farfalle with Vegetables and Herbs'),
(527798, 'Five Cup Salad'),
(527798, 'Golden Fried Tofu with Chili Sauce'),
(527798, 'Ham and Bean Soup'),
(527798, 'Italian Herb Chicken'),
(527798, 'Kale Market Salad'),
(527798, 'Macaroni & Cheese'),
(527798, 'Navy Bean Soup'),
(527798, 'Orange Chicken Salad with Dill'),
(527798, 'Pepperoni Pizza'),
(527798, 'Pork Eggroll'),
(527798, 'Pulled Pork'),
(527798, 'Rice Noodles'),
(527798, 'Sauteed Vegetable Medley'),
(527798, 'Slider Bun'),
(527798, 'Southern Green Beans'),
(527798, 'Spicy BBQ Sauce'),
(527798, 'Supreme Pizza'),
(527798, 'Sweet Potato Fries'),
(527798, 'Three Cheese Pizza'),
(527798, 'White Rice'),
(527799, 'Alfredo Sauce'),
(527799, 'Beef Gravy'),
(527799, 'Bi Bim Bap Poached Bean Sprouts'),
(527799, 'Bi Bim Bap Poached Spinach'),
(527799, 'Bi Bim Bap Rice'),
(527799, 'Bi Bim Bap Sauteed Mushrooms'),
(527799, 'Chicken Chow Mein'),
(527799, 'Chicken Spring Rolls'),
(527799, 'Cobb Salad'),
(527799, 'Egg Patty'),
(527799, 'Farfalle Pasta'),
(527799, 'French Onion Soup'),
(527799, 'Go Chu Jang Chili Sauce'),
(527799, 'Ham Salad'),
(527799, 'Hamburger Bun'),
(527799, 'Italian Sausage'),
(527799, 'Macaroni Salad'),
(527799, 'Marinara Sauce'),
(527799, 'Meatballs'),
(527799, 'Meatloaf'),
(527799, 'Okonomiyaki'),
(527799, 'Peas and Pearl Onions'),
(527799, 'Pepperoni Pizza'),
(527799, 'Philly Cheese Steak Pizza'),
(527799, 'Purple Rice'),
(527799, 'Rice Noodles'),
(527799, 'Salmon Teriyaki'),
(527799, 'Sister Schubert Rolls'),
(527799, 'Steamed Kyoto Blend Vegetables'),
(527799, 'Three Cheese Pizza'),
(527799, 'Vegetable Pad Thai'),
(527799, 'Vegetarian Corn Chowder'),
(527799, 'Vegetarian Meatloaf'),
(527799, 'Whipped Potatoes'),
(527799, 'White Rice'),
(527800, 'Apple & Candied Pecan Salad'),
(527800, 'Baby Carrots'),
(527800, 'Baked Potatoes'),
(527800, 'Black Beans'),
(527800, 'Broccoli and Cheese Sauce'),
(527800, 'Broccoli, Chickpea and Millet Salad'),
(527800, 'Brown Rice'),
(527800, 'Buffalo Chicken Pizza'),
(527800, 'Chicken Gravy'),
(527800, 'Chili'),
(527800, 'Flour Tortilla'),
(527800, 'Gehl''s Cheese Sauce'),
(527800, 'Green Beans Szechuan'),
(527800, 'Ground Beef Tacos'),
(527800, 'Medium Salsa'),
(527800, 'Mexican Rice'),
(527800, 'Miso Soup'),
(527800, 'Panang Curry w/ Beef'),
(527800, 'Penne Pasta'),
(527800, 'Pepperoni Pizza'),
(527800, 'Polenta with Spinach & Garlic'),
(527800, 'Rice Noodles'),
(527800, 'Sliced Garlic Bread'),
(527800, 'Slow Roasted Pork Loin'),
(527800, 'Smoked Turkey Salad'),
(527800, 'Spicy Adobo Pork Soup'),
(527800, 'Taco Salad'),
(527800, 'Three Cheese Pizza'),
(527800, 'Tri-Color Tortilla Chips'),
(527800, 'Vegan Fajitas'),
(527800, 'White Rice'),
(527800, 'Wild Rice Pilaf'),
(527801, 'Alfredo Sauce'),
(527801, 'Chicken Breast'),
(527801, 'Crab and Pasta Salad'),
(527801, 'Creamy Cole Slaw'),
(527801, 'Fried Catfish Fillet'),
(527801, 'Hush Puppies'),
(527801, 'Jalapeno Bottle Caps'),
(527801, 'Macaroni & Cheese'),
(527801, 'Marinara Sauce'),
(527801, 'Meatballs'),
(527801, 'Pepperoni Pizza'),
(527801, 'Potato Sausage Soup'),
(527801, 'Purple Rice'),
(527801, 'Rice Noodles'),
(527801, 'Rotini'),
(527801, 'Scalloped Corn'),
(527801, 'Tartar Sauce'),
(527801, 'Thai Chili Chicken Drumsticks'),
(527801, 'Three Cheese Pizza'),
(527801, 'Tomato Soup'),
(527801, 'Tuna Salad'),
(527801, 'Vegetarian Eggrolls'),
(527801, 'Vegetarian Fried Rice'),
(527801, 'White Pesto Pizza'),
(527801, 'White Rice'),
(527802, 'Alfredo Sauce'),
(527802, 'Beef Barley Soup'),
(527802, 'Beef Bulgogi'),
(527802, 'Braised Bok Choy'),
(527802, 'Chicken Breast'),
(527802, 'Coles Sticks with Marinara'),
(527802, 'Country Club Roll'),
(527802, 'Cream of Mushroom Soup'),
(527802, 'Farfalle Pasta'),
(527802, 'Fruit & Nut Chicken Salad'),
(527802, 'Italian Beef Sandwich'),
(527802, 'Italian Sausage'),
(527802, 'Italian Vegetables'),
(527802, 'Jasmine Rice'),
(527802, 'Marinara Sauce'),
(527802, 'Pepperoni Pizza'),
(527802, 'Roasted Vegetable Lasagna'),
(527802, 'Roti Bread'),
(527802, 'Spicy Italian Pizza '),
(527802, 'Spicy Southwest Potato Salad'),
(527802, 'Three Cheese Pizza'),
(527802, 'Tortellini Salad'),
(527802, 'Vegan Chicken Sukiyaki'),
(527827, 'Bacon'),
(527827, 'Banana'),
(527827, 'Banana Nut Muffin'),
(527827, 'Chocolate Donuts'),
(527827, 'Cream of Wheat'),
(527827, 'Eggs Blackstone'),
(527827, 'Hard Cooked Eggs'),
(527827, 'Hash Brown Potato Patties'),
(527827, 'Kiwi'),
(527827, 'Maple Pecan French Toast Casserole'),
(527827, 'Navel Orange'),
(527827, 'Oatmeal'),
(527827, 'Pancake Syrup'),
(527827, 'Peach Danish'),
(527827, 'Pistachio Muffin'),
(527827, 'Red Grapefruit'),
(527827, 'Scrambled Egg Toppings'),
(527827, 'Scrambled Eggs'),
(527828, 'Almond Danish'),
(527828, 'Banana'),
(527828, 'Buttermilk Pancakes'),
(527828, 'Double Dutch Muffin'),
(527828, 'Grilled Ham'),
(527828, 'Grits'),
(527828, 'Hard Cooked Eggs'),
(527828, 'Kiwi'),
(527828, 'Latin Strata'),
(527828, 'Lemon Poppy Muffin'),
(527828, 'Navel Orange'),
(527828, 'Oatmeal'),
(527828, 'Red Grapefruit'),
(527828, 'Scrambled Egg Toppings'),
(527828, 'Scrambled Eggs'),
(527828, 'Tri-tater Potatoes'),
(527828, 'Vanilla Donut'),
(527829, 'Apple Crepes'),
(527829, 'Banana'),
(527829, 'Blueberry Crepes'),
(527829, 'Blueberry Muffin'),
(527829, 'Cheese Danish'),
(527829, 'Cherry Crepes'),
(527829, 'Chocolate Donuts'),
(527829, 'French Toast Sticks'),
(527829, 'Hard Cooked Eggs'),
(527829, 'Hash Brown Potato Patties'),
(527829, 'Kiwi'),
(527829, 'Navel Orange'),
(527829, 'Pancake Syrup'),
(527829, 'Peach Crepes'),
(527829, 'Pistachio Muffin'),
(527829, 'Pork Sausage Patties'),
(527829, 'Red Grapefruit'),
(527829, 'Scrambled Egg Toppings'),
(527829, 'Scrambled Eggs'),
(527830, 'Banana'),
(527830, 'Banana Nut Muffin'),
(527830, 'Biscuits'),
(527830, 'Cheese Grits'),
(527830, 'Cherry Danish'),
(527830, 'Chocolate Chip Pancakes'),
(527830, 'Chorizo Sausage Patty'),
(527830, 'Double Dutch Muffin'),
(527830, 'Hard Cooked Eggs'),
(527830, 'Hash Browns'),
(527830, 'Kiwi'),
(527830, 'Navel Orange'),
(527830, 'Oatmeal'),
(527830, 'Pancake Syrup'),
(527830, 'Red Grapefruit'),
(527830, 'Sausage Gravy'),
(527830, 'Scrambled Egg Toppings'),
(527830, 'Scrambled Eggs'),
(527830, 'Vanilla Donut'),
(527831, 'Banana'),
(527831, 'Blueberry Danish'),
(527831, 'Chocolate Donuts'),
(527831, 'Cream of Wheat'),
(527831, 'Egg White Breakfast Sandwich'),
(527831, 'French Toast'),
(527831, 'Hard Cooked Eggs'),
(527831, 'Hash Brown Potato Patties'),
(527831, 'Kiwi'),
(527831, 'Lemon Poppy Muffin'),
(527831, 'Navel Orange'),
(527831, 'Oatmeal'),
(527831, 'Pancake Syrup'),
(527831, 'Pistachio Muffin'),
(527831, 'Red Grapefruit'),
(527831, 'Scrambled Egg Toppings'),
(527831, 'Scrambled Eggs'),
(527831, 'Turkey Sausage Patty'),
(527832, 'Assorted Danishes'),
(527832, 'Assorted Muffins'),
(527832, 'Blueberry Muffin'),
(527832, 'Cantaloupe Wedge'),
(527832, 'Chocolate Danish '),
(527832, 'Double Dutch Muffin'),
(527832, 'Grapefruit Halves'),
(527832, 'Hard Cooked Eggs'),
(527832, 'Vanilla Donut'),
(527833, 'African Sweet Potato and Peanut Soup'),
(527833, 'All-Beef Hot Dog'),
(527833, 'Autumn Fruit & Nut Salad'),
(527833, 'Basmati Rice'),
(527833, 'BBQ Sauce'),
(527833, 'Blueberry Walnut Bar'),
(527833, 'California Vegetable Pizza'),
(527833, 'Chicago Style Hot Dog Toppings'),
(527833, 'Chicken Noodle Soup'),
(527833, 'Chocolate Chip Rice Krispy Treats'),
(527833, 'Fettuccine'),
(527833, 'Fusilli Pasta'),
(527833, 'Garlic Knot'),
(527833, 'Gehl''s Cheese Sauce'),
(527833, 'Ham Salad'),
(527833, 'Hamburger Bun'),
(527833, 'Hummus & Vegetable Wrap'),
(527833, 'Italian Meat Sauce'),
(527833, 'Mango Chutney'),
(527833, 'Marinated Leg of Lamb'),
(527833, 'Meatball Sub Sandwich'),
(527833, 'Melon Raita'),
(527833, 'Muttar Paneer'),
(527833, 'Pepperoni Pizza'),
(527833, 'Quinoa');
INSERT INTO `menus_have_food_items` (`menus_id`, `food_name`) VALUES
(527833, 'Roasted Red Pepper Sauce'),
(527833, 'Roasted Tomato & Pesto Sandwich'),
(527833, 'Roti Bread'),
(527833, 'Shoestring Fries'),
(527833, 'Sliced Garlic Bread'),
(527833, 'Smoked Hummus'),
(527833, 'Smoked Pork Loin Sandwich'),
(527833, 'Spelt, Arugula & Chimichurri Salad'),
(527833, 'Sweet ''n'' Sour Pork Pizza'),
(527833, 'Sweet Potato Fries'),
(527833, 'Sweet Tamarind Chutney'),
(527833, 'Tandoori Chicken Curry'),
(527833, 'Three Cheese Pizza'),
(527833, 'Tropical Grilled Chicken Breast'),
(527833, 'Twice Baked Potato Salad'),
(527833, 'Vanilla Sheet Cake'),
(527833, 'Vegan Brownies'),
(527833, 'Vegan Meatballs and Marinara'),
(527833, 'White Chocolate Cherry Cookies'),
(527833, 'White Rice'),
(527833, 'Whole Kernel Corn'),
(527834, 'BBQ Sauce'),
(527834, 'Beef and Broccoli Stir Fry'),
(527834, 'Beef Fajitas'),
(527834, 'Bottleneck Fries'),
(527834, 'Caramel Peanut Bar'),
(527834, 'Cheese Sticks'),
(527834, 'Chicken Fajitas'),
(527834, 'Chili'),
(527834, 'Chipotle Sour Cream'),
(527834, 'Corn Dog'),
(527834, 'Corn Tortilla'),
(527834, 'Cuban Black Beans'),
(527834, 'Flour Tortilla'),
(527834, 'French Dip Sandwich'),
(527834, 'Gehl''s Cheese Sauce'),
(527834, 'Greek Salad'),
(527834, 'Grilled Cheese Bar'),
(527834, 'Grilled Ranch Chicken Breast'),
(527834, 'Hamburger Bun'),
(527834, 'Heidi''s Guacamole'),
(527834, 'Hummus'),
(527834, 'Korean Spicy Chicken Pizza'),
(527834, 'No Gluten Added Vegan Rice Krispy Treats'),
(527834, 'Peas and Pearl Onions'),
(527834, 'Pico de Gallo'),
(527834, 'Purple Rice'),
(527834, 'Red Velvet Sheet Cake'),
(527834, 'Roasted Tomato with Basil Soup'),
(527834, 'Roasted Vegetable and Quinoa Salad'),
(527834, 'Rocky Road Cookie'),
(527834, 'Salsa Verde'),
(527834, 'Sausage Pizza'),
(527834, 'Shoestring Fries'),
(527834, 'Shredded Cheddar Cheese'),
(527834, 'Smoked Turkey Salad'),
(527834, 'Steak Fajita Salad'),
(527834, 'Taco Toppings'),
(527834, 'Three Cheese Pizza'),
(527834, 'Toasted Garbanzo Beans'),
(527834, 'Vegan Brownies'),
(527834, 'Vegan Chicken Bang Bang'),
(527834, 'Vegan Fiesta Wrap'),
(527834, 'Vegetarian Spanish Rice'),
(527834, 'White Cheese Sauce'),
(527834, 'White Garlic Salami Pizza'),
(527834, 'White Rice'),
(527834, 'Yaki Udon'),
(527835, 'Bacon Cheeseburger Pizza'),
(527835, 'BBQ Bacon Burger'),
(527835, 'BBQ Sauce'),
(527835, 'Blue Cheese Dressing'),
(527835, 'Boneless Buffalo Chicken Wings'),
(527835, 'Broccoli Florets'),
(527835, 'Butter Sugar Cookies'),
(527835, 'California Blend Vegetables'),
(527835, 'Celery Sticks'),
(527835, 'Chana Masala (Curried Chickpeas)'),
(527835, 'Chicken Ramen Broth'),
(527835, 'Choc Peanut Butter Rice Krispy Treat'),
(527835, 'Chow Mein Noodles'),
(527835, 'Corn'),
(527835, 'Cornbread'),
(527835, 'Don''s Pasta Salad'),
(527835, 'Elbow Macaroni'),
(527835, 'Frank''s Hot Sauce'),
(527835, 'Fresh Bean Sprouts'),
(527835, 'Garlic Knot'),
(527835, 'Gehl''s Cheese Sauce'),
(527835, 'Grilled Apple Honey Glazed Chicken'),
(527835, 'Ham and Bean Soup'),
(527835, 'Hamburger Bun'),
(527835, 'Illini Salad'),
(527835, 'Jalapeno Peppers'),
(527835, 'Jasmine Rice'),
(527835, 'Kim Chee'),
(527835, 'Miso Cod'),
(527835, 'Nori'),
(527835, 'Orzo Pasta'),
(527835, 'Peas'),
(527835, 'Pepperoni Pizza'),
(527835, 'Pesto Powerhouse Salad'),
(527835, 'Potato Leek Soup'),
(527835, 'Ranch Dressing'),
(527835, 'Sautéed Mushrooms'),
(527835, 'Seasoned Waffle Fries'),
(527835, 'Sesame Broccoli Slaw'),
(527835, 'Sharp Cheddar Cheese Sauce'),
(527835, 'Shredded Carrots'),
(527835, 'Sliced Garlic Bread'),
(527835, 'Smoked Gouda Cheese Sauce'),
(527835, 'Smoked Tofu Steak'),
(527835, 'Sweet Potato Fries'),
(527835, 'Sweet Potato Hummus'),
(527835, 'Thin Crust Chicken Pesto Pizza'),
(527835, 'Three Cheese Pizza'),
(527835, 'Vegan Fruit Cake'),
(527835, 'Vegan Tofu & Vegetable Wrap'),
(527835, 'Vegetable Ramen Broth'),
(527835, 'Vegetarian Buffalo Wings'),
(527835, 'White Chocolate Cranberry Blondies'),
(527835, 'Whoopie Pie'),
(527836, 'Anchovy Filet'),
(527836, 'Apple & Candied Pecan Salad'),
(527836, 'Bacon Tomato Onion Pizza'),
(527836, 'BBQ Sauce'),
(527836, 'Black Olives'),
(527836, 'Broccoli, Chickpea and Millet Salad'),
(527836, 'Brown Rice'),
(527836, 'Bulgur'),
(527836, 'Cheese Sticks'),
(527836, 'Chicken Breast'),
(527836, 'Chicken Gumbo with Andouille Sausage'),
(527836, 'Chocolate Chunk Cookie'),
(527836, 'Chocolate Coconut Cookie'),
(527836, 'Chopped Romaine'),
(527836, 'Creamy Caesar Dressing'),
(527836, 'Croutons'),
(527836, 'Curried Egg Tofu Salad'),
(527836, 'Flatbread Bar'),
(527836, 'Gehl''s Cheese Sauce'),
(527836, 'Grape Tomatoes'),
(527836, 'Green Beans'),
(527836, 'Grilled Buffalo Chicken'),
(527836, 'Grilled Cheddar on Wheat Berry'),
(527836, 'Grilled Smoked Turkey with Cheddar'),
(527836, 'Hamburger Bun'),
(527836, 'Hummus'),
(527836, 'Italian Beef Sandwich'),
(527836, 'Lentils with Spinach'),
(527836, 'Macaroni Salad'),
(527836, 'Mocha Brownie'),
(527836, 'Orange Chicken Salad with Dill'),
(527836, 'Real Bacon Bits'),
(527836, 'Salmon Teriyaki'),
(527836, 'Sausage Pizza'),
(527836, 'Seasoned Waffle Fries'),
(527836, 'Shredded Parmesean Cheese'),
(527836, 'Shrimp'),
(527836, 'Spinach, Leek, & Mushroom Pizza'),
(527836, 'Steak Fries'),
(527836, 'Three Cheese Pizza'),
(527836, 'Vegan Fruit Cake'),
(527836, 'Vegetarian Corn Chowder'),
(527837, 'Almond Apricot Bar'),
(527837, 'BBQ Pork Sandwich'),
(527837, 'BBQ Sauce'),
(527837, 'Bolognese Sauce'),
(527837, 'Broccoli Florets'),
(527837, 'Chicken Caesar Salad'),
(527837, 'Creamy Pesto Sauce'),
(527837, 'Crinkle Fries'),
(527837, 'Everything Pizza'),
(527837, 'Garlic Knot'),
(527837, 'Gehl''s Cheese Sauce'),
(527837, 'Golden Fried Tofu with Chili Sauce'),
(527837, 'Hamburger Bun'),
(527837, 'Jerk Chicken Breast'),
(527837, 'Limes'),
(527837, 'Margherita Pizza'),
(527837, 'Mexicali Twist'),
(527837, 'New England Clam Chowder'),
(527837, 'Oodles Dipping Sauce'),
(527837, 'Oodles Peanut Sauce'),
(527837, 'Pasta Shells'),
(527837, 'Peanut Butter Cookie'),
(527837, 'Pepperoni Pizza'),
(527837, 'Pho'),
(527837, 'Rice Krispie Treats'),
(527837, 'Sliced Garlic Bread'),
(527837, 'Smoked Hummus'),
(527837, 'Spaghetti'),
(527837, 'Spring Break Salad'),
(527837, 'Strawberry Cheesecake Swirl Bar'),
(527837, 'Thai Sticky Rice'),
(527837, 'Three Cheese Pizza'),
(527837, 'Tomato Soup'),
(527837, 'Tuna Salad'),
(527837, 'Vegan Chocolate Cupcake'),
(527837, 'Vegan Soo Hwa Wrap'),
(527837, 'Vegetable Pho'),
(527837, 'Vietnamese Fresh Rolls'),
(527837, 'White and Wild Rice'),
(527838, 'Banana Nut Brownie'),
(527838, 'Beer Cheese Soup'),
(527838, 'Cheese Sticks'),
(527838, 'Chicken Salad'),
(527838, 'Cornbread'),
(527838, 'Five Bean & Ham Hock Soup'),
(527838, 'Fried Battered Asparagus'),
(527838, 'Fried Battered Green Beans'),
(527838, 'Green Beans'),
(527838, 'Grilled Bratwurst with Peppers & Onions'),
(527838, 'Grinder Bar'),
(527838, 'Herb Grilled Chicken'),
(527838, 'Hummus'),
(527838, 'Italian Chop Salad'),
(527838, 'Macadamia Nut Cookie'),
(527838, 'Malibu Burger'),
(527838, 'Pizza Bianca'),
(527838, 'Quinoa'),
(527838, 'Ranch Dressing'),
(527838, 'S''mores Bar'),
(527838, 'Sausage Pizza'),
(527838, 'Soul''s Potato Salad'),
(527838, 'Spinach and Strawberry Salad'),
(527838, 'Steak & Potato Pizza'),
(527838, 'Tartar Sauce'),
(527838, 'Three Cheese Pizza'),
(527838, 'Vegan Muffaletta Sandwich'),
(527838, 'Vegan Spinach Lasagna'),
(527838, 'White Rice'),
(527839, '10oz Sirloin Steak'),
(527839, '12oz Ribeye Steak'),
(527839, 'African Sweet Potato and Peanut Soup'),
(527839, 'Autumn Fruit & Nut Salad'),
(527839, 'Bacon Cheddar Burger'),
(527839, 'Baked Ziti w/ Italian Sausage & Mushroom'),
(527839, 'BBQ Bacon Burger'),
(527839, 'Beef Brisket'),
(527839, 'Beef Steak Tenderloin'),
(527839, 'Bolognese Sauce'),
(527839, 'Boston Cream Pie'),
(527839, 'Brioche Bun'),
(527839, 'Broccoli Florets'),
(527839, 'California Vegetable Pizza'),
(527839, 'Carrot Cake'),
(527839, 'Cheese Ravioli'),
(527839, 'Chicken Noodle Soup'),
(527839, 'Crab Legs'),
(527839, 'Fettuccine'),
(527839, 'Fusilli Pasta'),
(527839, 'Garlic Knot'),
(527839, 'Grilled NY Strip Steak'),
(527839, 'Grilled Portabella Mushroom'),
(527839, 'Grilled Salmon'),
(527839, 'Ham Salad'),
(527839, 'Lemon Meringue Pie'),
(527839, 'Marinara Sauce'),
(527839, 'Mushroom Swiss Burger'),
(527839, 'Parslied New Potatoes'),
(527839, 'Pepperoni Pizza'),
(527839, 'Potato Onion Pierogie w/ Sauteed Veggies'),
(527839, 'Pretzel Bun'),
(527839, 'Quinoa'),
(527839, 'Sausage'),
(527839, 'Sautéed Mushrooms'),
(527839, 'Sautéed Onions'),
(527839, 'Shrimp Cocktail'),
(527839, 'Shrimp Mojo Skewer'),
(527839, 'Sliced Garlic Bread'),
(527839, 'Smoked Hummus'),
(527839, 'Spelt, Arugula & Chimichurri Salad'),
(527839, 'Spicy Italian Burger'),
(527839, 'Spinach and Strawberry Salad'),
(527839, 'Spring Vegetable Blend'),
(527839, 'Sweet ''n'' Sour Pork Pizza'),
(527839, 'T-bone Steak'),
(527839, 'Three Cheese Pizza'),
(527839, 'Twice Baked Potato Salad'),
(527839, 'White Rice'),
(527839, 'Yeast Rolls'),
(527840, '10oz Sirloin Steak'),
(527840, '12oz Ribeye Steak'),
(527840, 'Andes Mint Pie'),
(527840, 'Bacon Cheddar Burger'),
(527840, 'BBQ Bacon Burger'),
(527840, 'Beef Steak Tenderloin'),
(527840, 'Brioche Bun'),
(527840, 'Cheese Sticks'),
(527840, 'Cheesecake Pie'),
(527840, 'Cherry Crumble Pie'),
(527840, 'Chicken Breast'),
(527840, 'Chicken Lasagna'),
(527840, 'Chili'),
(527840, 'Crab Legs'),
(527840, 'Fresh Cilantro'),
(527840, 'Fried Chicken'),
(527840, 'Greek Salad'),
(527840, 'Grilled NY Strip Steak'),
(527840, 'Grilled Portabella Mushroom'),
(527840, 'Grilled Salmon'),
(527840, 'Hashbrown Potato and Cheese Casserole'),
(527840, 'Hummus'),
(527840, 'Italian Garden Sauce'),
(527840, 'Italian Sausage Sauce'),
(527840, 'Korean Spicy Chicken Pizza'),
(527840, 'Lemon and Garlic Grilled Prawns'),
(527840, 'Limes'),
(527840, 'Mango Couscous'),
(527840, 'Meatballs'),
(527840, 'Mushroom Swiss Burger'),
(527840, 'Oodles Peanut Sauce'),
(527840, 'Pasta Shells'),
(527840, 'Penne w/ Velvety Sun Dried Tomato Sauce'),
(527840, 'Pineapple Churrasco'),
(527840, 'Pineapple Fried Rice'),
(527840, 'Ponzu Sauce'),
(527840, 'Pork Loin Diane with Sauce'),
(527840, 'Pretzel Bun'),
(527840, 'Purple Rice'),
(527840, 'Roasted Carrots with Dill'),
(527840, 'Roasted Tomato with Basil Soup'),
(527840, 'Roasted Vegetable and Quinoa Salad'),
(527840, 'Sausage Pizza'),
(527840, 'Sautéed Mushrooms'),
(527840, 'Sautéed Onions'),
(527840, 'Sesame Eggplant'),
(527840, 'Shrimp Cocktail'),
(527840, 'Shrimp Pad Thai'),
(527840, 'Sliced Garlic Bread'),
(527840, 'Smoked Turkey Salad'),
(527840, 'Spaghetti'),
(527840, 'Spicy Italian Burger'),
(527840, 'Steak Fajita Salad'),
(527840, 'T-bone Steak'),
(527840, 'Thai Beef Salad'),
(527840, 'Thai Chili Sauce'),
(527840, 'Three Cheese Pizza'),
(527840, 'Toasted Garbanzo Beans'),
(527840, 'Vietnamese Fresh Rolls'),
(527840, 'White Garlic Salami Pizza'),
(527840, 'Yeast Rolls'),
(527841, '10oz Sirloin Steak'),
(527841, '12oz Ribeye Steak'),
(527841, 'Artichoke, Arugula & Mushroom Salad'),
(527841, 'Bacon Cheddar Burger'),
(527841, 'Bacon Cheeseburger Pizza'),
(527841, 'BBQ Bacon Burger'),
(527841, 'Beef Fajitas'),
(527841, 'Beef Steak Tenderloin'),
(527841, 'Black Rice Paella'),
(527841, 'Blackened Sirloin Steak'),
(527841, 'Brioche Bun'),
(527841, 'Chicken and Noodles'),
(527841, 'Chicken Gravy'),
(527841, 'Cornbread'),
(527841, 'Crab Legs'),
(527841, 'Don''s Pasta Salad'),
(527841, 'Dutch Apple Pie'),
(527841, 'Flour Tortilla'),
(527841, 'Garlic Knot'),
(527841, 'Grilled NY Strip Steak'),
(527841, 'Grilled Portabella Mushroom'),
(527841, 'Grilled Salmon'),
(527841, 'Grinder Bar'),
(527841, 'Ham and Bean Soup'),
(527841, 'Illini Salad'),
(527841, 'Jasmine Rice'),
(527841, 'Moorish Pork'),
(527841, 'Moroccan Vegetable Ragout'),
(527841, 'Mushroom Swiss Burger'),
(527841, 'Orzo Pasta'),
(527841, 'Pepperoni Pizza'),
(527841, 'Pesto Powerhouse Salad'),
(527841, 'Pineapple Upside Down Cake'),
(527841, 'Potato Leek Soup'),
(527841, 'Pretzel Bun'),
(527841, 'Roasted Root Vegetable'),
(527841, 'Sautéed Mushrooms'),
(527841, 'Sautéed Onions'),
(527841, 'Sesame Broccoli Slaw'),
(527841, 'Shrimp Cocktail'),
(527841, 'Shrimp Mojo Skewer'),
(527841, 'Spanish Spicy Potatoes'),
(527841, 'Spicy Italian Burger'),
(527841, 'Sweet Potato Hummus'),
(527841, 'T-bone Steak'),
(527841, 'Taco Toppings'),
(527841, 'Tapas Platter'),
(527841, 'Thin Crust Chicken Pesto Pizza'),
(527841, 'Three Cheese Pizza'),
(527841, 'Tollhouse Pie'),
(527841, 'Vegetarian Spanish Rice'),
(527841, 'Whipped Potatoes'),
(527841, 'Yeast Rolls'),
(527842, '10oz Sirloin Steak'),
(527842, '12oz Ribeye Steak'),
(527842, 'Apple & Candied Pecan Salad'),
(527842, 'Bacon Cheddar Burger'),
(527842, 'Bacon Tomato Onion Pizza'),
(527842, 'Baked Potatoes'),
(527842, 'BBQ Bacon Burger'),
(527842, 'Beef Steak Tenderloin'),
(527842, 'Brioche Bun'),
(527842, 'Broccoli Florets'),
(527842, 'Broccoli, Chickpea and Millet Salad'),
(527842, 'Brown Rice'),
(527842, 'Brown Rice Pilaf'),
(527842, 'Bulgur'),
(527842, 'Caprese Salad'),
(527842, 'Cheese Sticks'),
(527842, 'Chicken Gumbo with Andouille Sausage'),
(527842, 'Chicken Saltimbocca'),
(527842, 'Crab Legs'),
(527842, 'Eggplant Parmesan'),
(527842, 'Fried Catfish Fillet'),
(527842, 'Grilled Muenster & Bacon on Sourdough'),
(527842, 'Grilled NY Strip Steak'),
(527842, 'Grilled Portabella Mushroom'),
(527842, 'Grilled Salmon'),
(527842, 'Herb Grilled Chicken'),
(527842, 'Hummus'),
(527842, 'Italian Marinated Pork Loin'),
(527842, 'Lemon and Garlic Grilled Prawns'),
(527842, 'Macaroni Salad'),
(527842, 'Mocha Mousse Cake'),
(527842, 'Mushroom Swiss Burger'),
(527842, 'Mussels w/Tomatoes & Tarragon'),
(527842, 'Orange Chicken Salad with Dill'),
(527842, 'Peach Pie'),
(527842, 'Pretzel Bun'),
(527842, 'Purple Potato, Artichoke, & Millet Salad'),
(527842, 'Red Velvet Layer Cake'),
(527842, 'Roasted Broccoli'),
(527842, 'Roasted Cauliflower'),
(527842, 'Sausage Pizza'),
(527842, 'Sautéed Mushrooms'),
(527842, 'Sautéed Onions'),
(527842, 'Shrimp Cocktail'),
(527842, 'Spicy Italian Burger'),
(527842, 'Spinach, Leek, & Mushroom Pizza'),
(527842, 'Steak Fries'),
(527842, 'Sweet Potato Gratin'),
(527842, 'T-bone Steak'),
(527842, 'Three Cheese Pizza'),
(527842, 'Vegetarian Corn Chowder'),
(527842, 'Vegetarian Cupos'),
(527842, 'Yeast Rolls'),
(527843, 'Baked Chicken w/ BBQ Sauce'),
(527843, 'Buckwheat Noodle Stir Fry'),
(527843, 'Chaeyuk Kui'),
(527843, 'Chicken Caesar Salad'),
(527843, 'Chocolate Cream Pie'),
(527843, 'Everything Pizza'),
(527843, 'Garlic Knot'),
(527843, 'Garlicky Soy Korean Dipping Sauce'),
(527843, 'Hoback Jun '),
(527843, 'Hot Buttered Apples'),
(527843, 'Kim Chee'),
(527843, 'Korean Happy Rice'),
(527843, 'Lemon Mist Cake'),
(527843, 'Margherita Pizza'),
(527843, 'Margherita Stromboli'),
(527843, 'Marinara Sauce'),
(527843, 'Mexicali Twist'),
(527843, 'Mixed Vegetables'),
(527843, 'New England Clam Chowder'),
(527843, 'Pepperoni Pizza'),
(527843, 'Pizza Sauce'),
(527843, 'Sausage Stromboli'),
(527843, 'Smoked Hummus'),
(527843, 'Soy Honey Grilled Salmon'),
(527843, 'Spring Break Salad'),
(527843, 'Steamed Pork Bun'),
(527843, 'Sweet Potato Crunch Pie'),
(527843, 'Sweet Potato Fries'),
(527843, 'Tartar Sauce'),
(527843, 'Thai Sticky Rice'),
(527843, 'Three Cheese Pizza'),
(527843, 'Three Cheese Stromboli'),
(527843, 'Tomato Soup'),
(527843, 'Tortilla Crusted Tilapia'),
(527843, 'Tuna Salad'),
(527843, 'Vegan Illini Salad'),
(527843, 'Vegan Mediterranean Pasta Toss'),
(527843, 'White and Wild Rice'),
(527843, 'Yeast Rolls'),
(527844, 'Beer Cheese Soup'),
(527844, 'California Blend Vegetables'),
(527844, 'Cheese Sticks'),
(527844, 'Chicken Breast'),
(527844, 'Chicken Salad'),
(527844, 'Five Bean & Ham Hock Soup'),
(527844, 'Herb Roasted Chicken'),
(527844, 'Hummus'),
(527844, 'Italian Chop Salad'),
(527844, 'Italian Garden Sauce'),
(527844, 'Italian Sausage Sauce'),
(527844, 'Layered Strawberry Shortcake'),
(527844, 'Lomo Saltado'),
(527844, 'Meatballs'),
(527844, 'Pasta Shells'),
(527844, 'Pizza Bianca'),
(527844, 'Quinoa'),
(527844, 'Raspberry Chocolate Crepe Cake'),
(527844, 'Roasted Corn & Black Bean Salad'),
(527844, 'Sausage Pizza'),
(527844, 'Sliced Garlic Bread'),
(527844, 'Soul''s Potato Salad'),
(527844, 'Spaghetti'),
(527844, 'Spinach and Strawberry Salad'),
(527844, 'Steak & Potato Pizza'),
(527844, 'Three Cheese Pizza'),
(527844, 'Vegan Tamale Pie'),
(527844, 'Very Berry Pie'),
(527844, 'White Rice'),
(527844, 'Yeast Rolls'),
(527925, 'Assorted Donuts'),
(527925, 'Biscuits'),
(527925, 'Chicken Slider with Biscuit'),
(527925, 'Coffee Cake'),
(527925, 'Fruit Tray'),
(527925, 'Grapefruit Halves'),
(527925, 'Grits'),
(527925, 'Hard Cooked Eggs'),
(527925, 'Hash Browns'),
(527925, 'Oatmeal'),
(527925, 'Scrambled Egg Toppings'),
(527925, 'Scrambled Eggs'),
(527925, 'Vegetarian Sausage Gravy'),
(527925, 'Veggie Sausage Patty'),
(527926, 'Assorted Donuts'),
(527926, 'Bacon'),
(527926, 'Blueberry Pancakes'),
(527926, 'Cheese Danish'),
(527926, 'Fruit Tray'),
(527926, 'Grapefruit Halves'),
(527926, 'Hard Cooked Eggs'),
(527926, 'Hash Brown Patty'),
(527926, 'Malt-o-Meal'),
(527926, 'Oatmeal'),
(527926, 'Pancake Syrup'),
(527926, 'Scrambled Egg Toppings'),
(527926, 'Scrambled Eggs'),
(527926, 'Veggie Sausage Patty'),
(527927, 'Assorted Donuts'),
(527927, 'Assorted Muffins'),
(527927, 'Cheese Grits'),
(527927, 'French Toast'),
(527927, 'Fruit Tray'),
(527927, 'Grapefruit Halves'),
(527927, 'Hard Cooked Eggs'),
(527927, 'Oatmeal'),
(527927, 'Pancake Syrup'),
(527927, 'Pork Sausage Patties'),
(527927, 'Scrambled Egg Toppings'),
(527927, 'Scrambled Eggs'),
(527927, 'Tri-tater Potatoes'),
(527927, 'Veggie Sausage Patty'),
(527928, 'Assorted Donuts'),
(527928, 'Assorted Muffins'),
(527928, 'Buttermilk Pancakes'),
(527928, 'Cream of Wheat'),
(527928, 'Egg, Cheese & Canadian Bacon Sandwich'),
(527928, 'Fruit Tray'),
(527928, 'Grapefruit Halves'),
(527928, 'Hard Cooked Eggs'),
(527928, 'Hash Brown Patty'),
(527928, 'Oatmeal'),
(527928, 'Pancake Syrup'),
(527928, 'Scrambled Egg Toppings'),
(527928, 'Scrambled Eggs'),
(527928, 'Veggie Sausage Patty'),
(527929, 'Assorted Donuts'),
(527929, 'Chocolate Malt-o-Meal'),
(527929, 'Cinnamon Twirls'),
(527929, 'French Toast'),
(527929, 'Fruit Tray'),
(527929, 'Grapefruit Halves'),
(527929, 'Hard Cooked Eggs'),
(527929, 'Oatmeal'),
(527929, 'Pancake Syrup'),
(527929, 'Scrambled Egg Toppings'),
(527929, 'Scrambled Eggs'),
(527929, 'Tater-Tots'),
(527929, 'Turkey Sausage Patty'),
(527929, 'Veggie Sausage Patty'),
(527930, 'All-Beef Hot Dog'),
(527930, 'Bottleneck Fries'),
(527930, 'Broccoli Ramen Salad'),
(527930, 'Brown Rice'),
(527930, 'Chicago Style Hot Dog Toppings'),
(527930, 'Chicken Fajitas'),
(527930, 'Chili'),
(527930, 'Chocolate Pudding'),
(527930, 'Fruit & Nut Chicken Salad'),
(527930, 'Fruit Tray'),
(527930, 'Heidi''s Guacamole'),
(527930, 'Jell-O'),
(527930, 'Pepperoni Roll'),
(527930, 'Red Pepper Hummus'),
(527930, 'Sweet & Sour Tofu'),
(527930, 'Tabbouleh Salad'),
(527930, 'Toll House Pie'),
(527930, 'Vegan Split Pea Soup'),
(527930, 'Whole Kernel Corn'),
(527931, 'Baked Potato Soup'),
(527931, 'Basmati Rice'),
(527931, 'Chana Masala (Curried Chickpeas)'),
(527931, 'Dang Cold Noodle Salad'),
(527931, 'Fruit Tray'),
(527931, 'Grilled Muenster & Bacon on Sourdough'),
(527931, 'Honey Dijon Chicken'),
(527931, 'Hummus'),
(527931, 'Jell-O'),
(527931, 'Meatball Sub Sandwich'),
(527931, 'Peanut Butter Chocolate Chunk Cookies'),
(527931, 'Peas and Pearl Onions'),
(527931, 'Seasoned Waffle Fries'),
(527931, 'Smoked Turkey Salad'),
(527931, 'Tomato Basil Soup'),
(527931, 'Vanilla Pudding'),
(527931, 'Waldorf Salad'),
(527932, ' Yukon Gold Potato Salad with Artichoke'),
(527932, 'Beef Vegetable Soup'),
(527932, 'Broccoli Cheese Soup'),
(527932, 'Brown Rice'),
(527932, 'Brownies'),
(527932, 'Buffalo Chicken Stromboli'),
(527932, 'Chocolate Pudding'),
(527932, 'Crinkle Fries'),
(527932, 'Deviled Egg Salad'),
(527932, 'Fruit Tray'),
(527932, 'Hamburger on Bun'),
(527932, 'Hummus'),
(527932, 'Jell-O'),
(527932, 'Miso Cod'),
(527932, 'Pear and Spinach Salad'),
(527932, 'Quinoa Stuffed Poblano Peppers'),
(527932, 'Zucchini & Tomato Casserole'),
(527933, 'Beef and Broccoli Stir Fry'),
(527933, 'Black Eye Pea Soup w/ Sweet Potato'),
(527933, 'Blondie Bar'),
(527933, 'Chicken Noodle Soup'),
(527933, 'Chicken Salad'),
(527933, 'Crisp Garden Salad'),
(527933, 'French Fried Onion Rings'),
(527933, 'Fruit Tray'),
(527933, 'Grilled Chicken Parmesan Sandwich '),
(527933, 'Jell-O'),
(527933, 'Shrimp Alfredo'),
(527933, 'Steamed Kyoto Blend Vegetables'),
(527933, 'Strawberry Hummus'),
(527933, 'Strawberry Hummus Wrap'),
(527933, 'Tortellini Salad'),
(527933, 'Vanilla Pudding'),
(527933, 'White Rice'),
(527934, 'Baked Chicken Pieces'),
(527934, 'Broccoli Ramen Salad'),
(527934, 'Chili'),
(527934, 'Chimichurri Tri Tip Roast'),
(527934, 'Corn Tortilla'),
(527934, 'Flour Tortilla'),
(527934, 'Fruit & Nut Chicken Salad'),
(527934, 'Italian Meat Sauce'),
(527934, 'Jell-O'),
(527934, 'Marinara Sauce'),
(527934, 'Red Pepper Hummus'),
(527934, 'Roasted Corn and Black Beans'),
(527934, 'Spaghetti'),
(527934, 'Tabbouleh Salad'),
(527934, 'Tiramisu'),
(527934, 'Vegan Split Pea Soup'),
(527934, 'Vegetable Chow Mein'),
(527934, 'Yellow Rice'),
(527935, 'Alfredo Sauce'),
(527935, 'Baked Potato Soup'),
(527935, 'Bread Sticks'),
(527935, 'Creamy Polenta w/ Sausage Mushroom Ragu'),
(527935, 'Dang Cold Noodle Salad'),
(527935, 'Fettuccine'),
(527935, 'General Tso''s Tofu'),
(527935, 'Herb Grilled Chicken'),
(527935, 'Hummus'),
(527935, 'Italian Vegetables'),
(527935, 'Jasmine Rice'),
(527935, 'Jell-O'),
(527935, 'Marinara Sauce'),
(527935, 'Smoked Turkey Salad'),
(527935, 'Super Chocolate Chip Cookie'),
(527935, 'Tomato Basil Soup'),
(527935, 'Waldorf Salad'),
(527936, ' Yukon Gold Potato Salad with Artichoke'),
(527936, 'Assorted Dinner Rolls'),
(527936, 'Beef Brisket'),
(527936, 'Beef Gravy'),
(527936, 'Beef Vegetable Soup'),
(527936, 'Boneless Chicken Wings'),
(527936, 'Broccoli Cheese Soup'),
(527936, 'Buffalo Chicken Salad'),
(527936, 'Chop Chae'),
(527936, 'Hand Dipped Ice Cream'),
(527936, 'Hummus'),
(527936, 'Ice Cream Cookies and Cream'),
(527936, 'Ice Cream Sundae Bar'),
(527936, 'Jell-O'),
(527936, 'Pear and Spinach Salad'),
(527936, 'Steamed Spinach'),
(527936, 'Whipped Potatoes'),
(527936, 'White and Wild Rice'),
(527937, 'Basmati Rice'),
(527937, 'Black Eye Pea Soup w/ Sweet Potato'),
(527937, 'Breaded Cheese Ravioli'),
(527937, 'Chicken Noodle Soup'),
(527937, 'Chicken Salad'),
(527937, 'Chicken Stir Fry'),
(527937, 'Chocolate Peanut Butter Pie'),
(527937, 'Cider-Roasted Pork Loin'),
(527937, 'Crisp Garden Salad'),
(527937, 'Fingerling Carrots'),
(527937, 'Glazed Carrots'),
(527937, 'Herb Focaccia Bread'),
(527937, 'Italian Meat Sauce'),
(527937, 'Jell-O'),
(527937, 'Linguine Pasta'),
(527937, 'Marinara Sauce'),
(527937, 'Strawberry Hummus'),
(527937, 'Tortellini Salad'),
(527938, 'Baked Chicken w/ BBQ Sauce'),
(527938, 'Black Bean Salad w/ Chiles and Lime'),
(527938, 'Cod Fish Nuggets'),
(527938, 'Fresh Potato Chips'),
(527938, 'Hummus'),
(527938, 'Hush Puppies'),
(527938, 'Jell-O'),
(527938, 'Macaroni & Cheese'),
(527938, 'Mixed Vegetables'),
(527938, 'Pound Cake with Berries'),
(527938, 'Southeast Asian Salad'),
(527938, 'Tuna Salad'),
(527938, 'White Rice'),
(527938, 'Zesty Garden Soup'),
(527994, 'Bottleneck Fries'),
(527994, 'Broccoli Raisin Salad'),
(527994, 'Brownies'),
(527994, 'Capri Blend Vegetables'),
(527994, 'Chocolate Pudding'),
(527994, 'Cocktail Sauce'),
(527994, 'Fruit Tray'),
(527994, 'Hamburger on Bun'),
(527994, 'Honey Chipotle Chicken'),
(527994, 'Hummus'),
(527994, 'Jell-O'),
(527994, 'Miso Soup'),
(527994, 'Pasta Salad with Soy Vinaigrette'),
(527994, 'Popcorn Shrimp'),
(527994, 'Red Pepper and Avocado Wrap'),
(527994, 'Tuna Salad'),
(527994, 'White Chicken Chili'),
(527994, 'White Rice'),
(527995, 'Bulgur, Walnut, Celery & Grape Salad'),
(527995, 'Carrot Rings'),
(527995, 'Chicken Wonton Soup'),
(527995, 'Chocolate Chunk Cookie'),
(527995, 'Cream of Tomato Soup'),
(527995, 'Fruit Tray'),
(527995, 'Grilled Cheese Sandwich'),
(527995, 'Jasmine Rice'),
(527995, 'Jell-O'),
(527995, 'Mongolian Drumsticks'),
(527995, 'Pesto Pasta Salad'),
(527995, 'Seasoned Curly Fries'),
(527995, 'Smoked Turkey Salad'),
(527995, 'Stuffed Portabella Mushroom'),
(527995, 'Sweet and Sour Pork'),
(527995, 'Sweet Potato Hummus'),
(527995, 'Vanilla Pudding'),
(527996, 'Apricot Sweet & Sour Sauce'),
(527996, 'BBQ Sauce'),
(527996, 'Beef Fajitas'),
(527996, 'Beef Vegetable Soup'),
(527996, 'Blondie Bar'),
(527996, 'Caesar Salad'),
(527996, 'Chicken Tenders'),
(527996, 'Chocolate Pudding'),
(527996, 'Fiesta Corn'),
(527996, 'Fruit Tray'),
(527996, 'Gravlax Egg Salad'),
(527996, 'Grilled Bratwurst with Peppers & Onions'),
(527996, 'Honey Mustard'),
(527996, 'Hummus'),
(527996, 'Jell-O'),
(527996, 'Loaded Baked Potato Salad'),
(527996, 'Navy Bean Soup'),
(527996, 'Seasoned Waffle Fries'),
(527996, 'Taco Toppings'),
(527996, 'Vegan Tacos'),
(527996, 'Vegetarian Spanish Rice'),
(527996, 'Whole Kernel Corn'),
(527997, 'Autumn Fruit & Nut Salad'),
(527997, 'BBQ Pork Sandwich'),
(527997, 'Broccoli Florets'),
(527997, 'Chicken Noodle Soup'),
(527997, 'Crinkle Fries'),
(527997, 'Fruit Tray'),
(527997, 'General Tso''s Chicken'),
(527997, 'Ham Salad'),
(527997, 'Italian Sausage Slider'),
(527997, 'Jell-O'),
(527997, 'Lemon Goat Cheese Hummus'),
(527997, 'Minestrone Soup'),
(527997, 'Vanilla Pudding'),
(527997, 'Vegan Cantonese Almond Chicken'),
(527997, 'White Chocolate Cherry Cookies'),
(527997, 'White Rice'),
(527997, 'Zesty Pasta Bean Salad'),
(527998, 'BBQ Chicken Pizza'),
(527998, 'Brown Rice Pilaf'),
(527998, 'California Blend Vegetables'),
(527998, 'Chicken Salad'),
(527998, 'Chocolate Pudding'),
(527998, 'Creamy Herb Coleslaw'),
(527998, 'Four Cheese Pizza'),
(527998, 'Fresh Potato Chips'),
(527998, 'Fruit Tray'),
(527998, 'Hummus'),
(527998, 'Jell-O'),
(527998, 'New England Clam Chowder'),
(527998, 'Philly Cheese Steak Sandwich'),
(527998, 'Rice Krispie Treats'),
(527998, 'Seadog Sandwich'),
(527998, 'Spinach Salad with Poppy Seed Dressing'),
(527998, 'Zesty Garden Soup'),
(527999, 'Basmati Rice'),
(527999, 'Broccoli Raisin Salad'),
(527999, 'Buffalo Posole'),
(527999, 'Carrot Cake'),
(527999, 'Chicken Gravy'),
(527999, 'Garlic & Cheddar Biscuit'),
(527999, 'Herb Roasted Sliced Pork Loin'),
(527999, 'Hummus'),
(527999, 'Jell-O'),
(527999, 'Miso Soup'),
(527999, 'Pasta Salad with Soy Vinaigrette'),
(527999, 'Penne with Sundried Tomato & Artichokes'),
(527999, 'Steamed Kyoto Blend Vegetables'),
(527999, 'Tuna Salad'),
(527999, 'Whipped Potatoes'),
(527999, 'White Chicken Chili'),
(528000, 'Alfredo Sauce'),
(528000, 'Beef Lasagna'),
(528000, 'Beef Vegetable Soup'),
(528000, 'Caesar Salad'),
(528000, 'Chicken Marsala'),
(528000, 'Curried Vegetable Stew'),
(528000, 'Fettuccine'),
(528000, 'Gravlax Egg Salad'),
(528000, 'Hummus'),
(528000, 'Italian Vegetables'),
(528000, 'Jell-O'),
(528000, 'Key Lime Pie'),
(528000, 'Marinara Sauce'),
(528000, 'Navy Bean Soup'),
(528000, 'Risotto'),
(528000, 'Sliced Garlic Bread'),
(528000, 'Twice Baked Potato Salad'),
(528042, 'Assorted Donuts'),
(528042, 'Biscuits'),
(528042, 'Chicken Slider with Biscuit'),
(528042, 'Coffee Cake'),
(528042, 'Fruit Tray'),
(528042, 'Grapefruit Halves'),
(528042, 'Grits'),
(528042, 'Hard Cooked Eggs'),
(528042, 'Hash Browns'),
(528042, 'Oatmeal'),
(528042, 'Scrambled Egg Toppings'),
(528042, 'Scrambled Eggs'),
(528042, 'Vegetarian Sausage Gravy'),
(528042, 'Veggie Sausage Patty'),
(528042, 'Yogurt Bar'),
(528043, 'Assorted Donuts'),
(528043, 'Bacon'),
(528043, 'Blueberry Pancakes'),
(528043, 'Cheese Danish'),
(528043, 'Fruit Tray'),
(528043, 'Grapefruit Halves'),
(528043, 'Hard Cooked Eggs'),
(528043, 'Hash Brown Patty'),
(528043, 'Malt-o-Meal'),
(528043, 'Oatmeal'),
(528043, 'Pancake Syrup'),
(528043, 'Scrambled Egg Toppings'),
(528043, 'Scrambled Eggs'),
(528043, 'Veggie Sausage Patty'),
(528043, 'Yogurt Bar'),
(528044, 'Assorted Donuts'),
(528044, 'Assorted Muffins'),
(528044, 'Cheese Grits'),
(528044, 'French Toast'),
(528044, 'Fruit Tray'),
(528044, 'Grapefruit Halves'),
(528044, 'Hard Cooked Eggs'),
(528044, 'Oatmeal'),
(528044, 'Pancake Syrup'),
(528044, 'Pork Sausage Patties'),
(528044, 'Scrambled Egg Toppings'),
(528044, 'Scrambled Eggs'),
(528044, 'Tri-tater Potatoes'),
(528044, 'Veggie Sausage Patty'),
(528044, 'Yogurt Bar'),
(528045, 'Assorted Donuts'),
(528045, 'Assorted Muffins'),
(528045, 'Buttermilk Pancakes'),
(528045, 'Cream of Wheat'),
(528045, 'Egg, Cheese & Canadian Bacon Sandwich'),
(528045, 'Fruit Tray'),
(528045, 'Grapefruit Halves'),
(528045, 'Hard Cooked Eggs'),
(528045, 'Hash Brown Patty'),
(528045, 'Oatmeal'),
(528045, 'Pancake Syrup'),
(528045, 'Scrambled Egg Toppings'),
(528045, 'Scrambled Eggs'),
(528045, 'Veggie Sausage Patty'),
(528045, 'Yogurt Bar'),
(528046, 'Assorted Donuts'),
(528046, 'Chocolate Malt-o-Meal'),
(528046, 'Cinnamon Twirls'),
(528046, 'French Toast'),
(528046, 'Fruit Tray'),
(528046, 'Grapefruit Halves'),
(528046, 'Hard Cooked Eggs'),
(528046, 'Oatmeal'),
(528046, 'Pancake Syrup'),
(528046, 'Scrambled Egg Toppings'),
(528046, 'Scrambled Eggs'),
(528046, 'Tater-Tots'),
(528046, 'Turkey Sausage Patty'),
(528046, 'Veggie Sausage Patty'),
(528046, 'Yogurt Bar'),
(528047, 'Assorted Danishes'),
(528047, 'Assorted Donuts'),
(528047, 'Fruit Tray'),
(528047, 'Grapefruit Halves'),
(528047, 'Yogurt Bar'),
(528048, 'All-Beef Hot Dog'),
(528048, 'Bottleneck Fries'),
(528048, 'Broccoli Ramen Salad'),
(528048, 'Brown Rice Pilaf'),
(528048, 'Chicago Style Hot Dog Toppings'),
(528048, 'Chicken Fajitas'),
(528048, 'Chili'),
(528048, 'Chocolate Pudding'),
(528048, 'Fruit & Nut Chicken Salad'),
(528048, 'Fruit Tray'),
(528048, 'Jell-O'),
(528048, 'Pepperoni Roll'),
(528048, 'Red Pepper Hummus'),
(528048, 'Sweet & Sour Tofu'),
(528048, 'Tabbouleh Salad'),
(528048, 'Toll House Pie'),
(528048, 'Vegan Split Pea Soup'),
(528048, 'Whole Kernel Corn'),
(528049, 'Baked Potato Soup'),
(528049, 'Basmati Rice'),
(528049, 'Bi Bim Bap Pickled Cucumber'),
(528049, 'Bi Bim Bap Pickled Daikon'),
(528049, 'Bi Bim Bap Poached Bean Sprouts'),
(528049, 'Bi Bim Bap Poached Spinach'),
(528049, 'Bi Bim Bap Poached Zucchini'),
(528049, 'Bi Bim Bap Rice'),
(528049, 'Bi Bim Bap Sauteed Mushrooms'),
(528049, 'Chana Masala (Curried Chickpeas)'),
(528049, 'Dang Cold Noodle Salad'),
(528049, 'Fruit Tray'),
(528049, 'Grilled Muenster & Bacon on Sourdough'),
(528049, 'Honey Dijon Chicken'),
(528049, 'Hummus'),
(528049, 'Jell-O'),
(528049, 'Meatball Sub Sandwich'),
(528049, 'Peanut Butter Chocolate Chunk Cookies'),
(528049, 'Peas and Pearl Onions'),
(528049, 'Seasoned Waffle Fries'),
(528049, 'Smoked Turkey Salad'),
(528049, 'Tomato Basil Soup'),
(528049, 'Vanilla Pudding'),
(528049, 'Waldorf Salad'),
(528050, ' Yukon Gold Potato Salad with Artichoke'),
(528050, 'Beef Vegetable Soup'),
(528050, 'Broccoli Cheese Soup'),
(528050, 'Brown Rice'),
(528050, 'Brownies'),
(528050, 'Buffalo Chicken Salad'),
(528050, 'Buffalo Chicken Stromboli'),
(528050, 'Chocolate Pudding'),
(528050, 'Crinkle Fries'),
(528050, 'Fruit Tray'),
(528050, 'Hamburger on Bun'),
(528050, 'Hummus'),
(528050, 'Jell-O'),
(528050, 'Miso Cod'),
(528050, 'Pear and Spinach Salad'),
(528050, 'Quinoa Stuffed Poblano Peppers'),
(528050, 'Zucchini & Tomato Casserole'),
(528051, 'Beef and Broccoli Stir Fry'),
(528051, 'Bi Bim Bap Pickled Cucumber'),
(528051, 'Bi Bim Bap Pickled Daikon'),
(528051, 'Bi Bim Bap Poached Bean Sprouts'),
(528051, 'Bi Bim Bap Poached Spinach'),
(528051, 'Bi Bim Bap Poached Zucchini'),
(528051, 'Bi Bim Bap Rice'),
(528051, 'Bi Bim Bap Sauteed Mushrooms'),
(528051, 'Black Eye Pea Soup w/ Sweet Potato'),
(528051, 'Blondie Bar'),
(528051, 'Chicken Noodle Soup'),
(528051, 'Chicken Salad'),
(528051, 'Crisp Garden Salad'),
(528051, 'French Fried Onion Rings'),
(528051, 'Fruit Tray'),
(528051, 'Grilled Chicken Parmesan Sandwich '),
(528051, 'Jell-O'),
(528051, 'Shrimp Alfredo'),
(528051, 'Steamed Kyoto Blend Vegetables'),
(528051, 'Strawberry Hummus'),
(528051, 'Strawberry Hummus Wrap'),
(528051, 'Tortellini Salad'),
(528051, 'Vanilla Pudding'),
(528051, 'White Rice'),
(528052, 'Black Bean Salad w/ Chiles and Lime'),
(528052, 'Breaded Chicken Slider'),
(528052, 'Broccoli Florets'),
(528052, 'Butter Herb Tilapia'),
(528052, 'Chocolate Candy Cookies'),
(528052, 'Chocolate Pudding'),
(528052, 'Fruit Tray'),
(528052, 'Grilled Bratwurst with Peppers & Onions'),
(528052, 'Hummus'),
(528052, 'Jell-O'),
(528052, 'New England Clam Chowder'),
(528052, 'Seasoned Curly Fries'),
(528052, 'Southeast Asian Salad'),
(528052, 'Tuna Salad'),
(528052, 'Vegan Chicken Bang Bang'),
(528052, 'White and Wild Rice'),
(528052, 'Zesty Garden Soup'),
(528053, 'Bacon'),
(528053, 'Bottleneck Fries'),
(528053, 'Brussels Sprouts with Caramelized Onions'),
(528053, 'Caprese Pasta Salad'),
(528053, 'Chicken, White & Wild Rice Soup'),
(528053, 'Cobb Salad'),
(528053, 'Corn Dog'),
(528053, 'Fruit Tray'),
(528053, 'Giant Hamburger On Bun'),
(528053, 'Ham Salad'),
(528053, 'Hummus'),
(528053, 'Jasmine Rice'),
(528053, 'Jell-O'),
(528053, 'Pork Bulgogi'),
(528053, 'S''mores Bar'),
(528053, 'Sautéed Mushrooms'),
(528053, 'Sautéed Onions'),
(528053, 'Vanilla Pudding'),
(528053, 'Vegetarian Chili'),
(528053, 'Vegetarian Nuggets'),
(528054, 'Baked Chicken Pieces'),
(528054, 'Chili'),
(528054, 'Chimichurri Tri Tip Roast'),
(528054, 'Corn Tortilla'),
(528054, 'Flour Tortilla'),
(528054, 'Fruit & Nut Chicken Salad'),
(528054, 'Italian Meat Sauce'),
(528054, 'Jell-O'),
(528054, 'Marinara Sauce'),
(528054, 'Red Pepper Hummus'),
(528054, 'Roasted Corn and Black Beans'),
(528054, 'Spaghetti'),
(528054, 'Tabbouleh Salad'),
(528054, 'Tiramisu'),
(528054, 'Vegan Split Pea Soup'),
(528054, 'Vegetable Chow Mein'),
(528054, 'Yellow Rice'),
(528055, 'Alfredo Sauce'),
(528055, 'Baked Potato Soup'),
(528055, 'Bread Sticks'),
(528055, 'Creamy Polenta w/ Sausage Mushroom Ragu'),
(528055, 'Dang Cold Noodle Salad'),
(528055, 'Fettuccine'),
(528055, 'General Tso''s Tofu'),
(528055, 'Herb Grilled Chicken'),
(528055, 'Hummus'),
(528055, 'Italian Vegetables'),
(528055, 'Jasmine Rice'),
(528055, 'Jell-O'),
(528055, 'Marinara Sauce'),
(528055, 'Smoked Turkey Salad'),
(528055, 'Super Chocolate Chip Cookie'),
(528055, 'Tomato Basil Soup'),
(528055, 'Waldorf Salad'),
(528056, 'Basmati Rice'),
(528056, 'Black Eye Pea Soup w/ Sweet Potato'),
(528056, 'Breaded Cheese Ravioli'),
(528056, 'Chicken Noodle Soup'),
(528056, 'Chicken Salad'),
(528056, 'Chicken Stir Fry'),
(528056, 'Chocolate Peanut Butter Pie'),
(528056, 'Cider-Roasted Pork Loin'),
(528056, 'Crisp Garden Salad'),
(528056, 'Fingerling Carrots'),
(528056, 'Glazed Carrots'),
(528056, 'Herb Focaccia Bread'),
(528056, 'Italian Meat Sauce'),
(528056, 'Jell-O'),
(528056, 'Linguine Pasta'),
(528056, 'Marinara Sauce'),
(528056, 'Strawberry Hummus'),
(528056, 'Tortellini Salad'),
(528057, 'Alfredo Sauce'),
(528057, 'Biscuits'),
(528057, 'California Blend Vegetables'),
(528057, 'Caprese Pasta Salad'),
(528057, 'Chicken Enchiladas'),
(528057, 'Chicken, White & Wild Rice Soup'),
(528057, 'Cobb Salad'),
(528057, 'Garlic Asiago Ravioli with Pesto Cream'),
(528057, 'Ham Salad'),
(528057, 'Hummus'),
(528057, 'Iced Chocolate Cake'),
(528057, 'Jell-O'),
(528057, 'London Broil'),
(528057, 'Marinara Sauce'),
(528057, 'Penne Pasta'),
(528057, 'Sautéed Mushrooms'),
(528057, 'Sautéed Onions'),
(528057, 'Sweet Potato Fries'),
(528057, 'Vegetarian Chili'),
(528057, 'White Rice'),
(528073, 'Assorted Donuts'),
(528073, 'Chicken Bacon'),
(528073, 'Cinnamon Twirls'),
(528073, 'Cream of Wheat'),
(528073, 'French Toast'),
(528073, 'Fruit Tray'),
(528073, 'Grapefruit Halves'),
(528073, 'Hard Cooked Eggs'),
(528073, 'Oatmeal'),
(528073, 'Pancake Syrup'),
(528073, 'Scrambled Egg Toppings'),
(528073, 'Scrambled Eggs'),
(528073, 'Tri-tater Potatoes'),
(528073, 'Veggie Sausage Patty'),
(528073, 'Yogurt Bar'),
(528074, 'Assorted Donuts'),
(528074, 'Biscuits'),
(528074, 'Cheese Grits'),
(528074, 'Coffee Cake'),
(528074, 'Fruit Tray'),
(528074, 'Grapefruit Halves'),
(528074, 'Hard Cooked Eggs'),
(528074, 'Hash Browns'),
(528074, 'Oatmeal'),
(528074, 'Pancake Syrup'),
(528074, 'Sausage Gravy'),
(528074, 'Scrambled Egg Toppings'),
(528074, 'Scrambled Eggs'),
(528074, 'Vegetarian Sausage Gravy'),
(528074, 'Veggie Sausage Patty'),
(528074, 'Yogurt Bar'),
(528075, 'Assorted Danishes'),
(528075, 'Assorted Donuts'),
(528075, 'Bacon'),
(528075, 'French Toast Sticks'),
(528075, 'Fruit Tray'),
(528075, 'Grapefruit Halves'),
(528075, 'Hard Cooked Eggs'),
(528075, 'Malt-o-Meal'),
(528075, 'Oatmeal'),
(528075, 'Pancake Syrup'),
(528075, 'Scrambled Egg Toppings'),
(528075, 'Scrambled Eggs'),
(528075, 'Southwest Tater Tots'),
(528075, 'Veggie Sausage Patty'),
(528075, 'Yogurt Bar'),
(528076, 'Assorted Donuts'),
(528076, 'Assorted Muffins'),
(528076, 'Blueberry Pancakes'),
(528076, 'Fruit Tray'),
(528076, 'Grapefruit Halves'),
(528076, 'Grits'),
(528076, 'Hard Cooked Eggs'),
(528076, 'Oatmeal'),
(528076, 'Pancake Syrup'),
(528076, 'Pork Sausage Links'),
(528076, 'Scrambled Egg Toppings'),
(528076, 'Scrambled Eggs'),
(528076, 'Tri-tater Potatoes'),
(528076, 'Veggie Sausage Patty'),
(528076, 'Yogurt Bar'),
(528077, 'Assorted Danishes'),
(528077, 'Assorted Donuts'),
(528077, 'Chocolate Malt-o-Meal'),
(528077, 'Fruit Tray'),
(528077, 'Granola Pancakes'),
(528077, 'Grapefruit Halves'),
(528077, 'Grilled Ham'),
(528077, 'Hard Cooked Eggs'),
(528077, 'Malt-o-Meal'),
(528077, 'Oatmeal'),
(528077, 'Pancake Syrup'),
(528077, 'Scrambled Egg Toppings'),
(528077, 'Scrambled Eggs'),
(528077, 'Tater-Tots'),
(528077, 'Veggie Sausage Patty'),
(528077, 'Yogurt Bar'),
(528078, 'Assorted Donuts'),
(528078, 'Assorted Muffins'),
(528078, 'Fruit Tray'),
(528078, 'Grapefruit Halves'),
(528078, 'Yogurt Bar'),
(528079, 'Bottleneck Fries'),
(528079, 'Broccoli Raisin Salad'),
(528079, 'Brownies'),
(528079, 'Capri Blend Vegetables'),
(528079, 'Chocolate Pudding'),
(528079, 'Cocktail Sauce'),
(528079, 'Fruit Tray'),
(528079, 'Hamburger on Bun'),
(528079, 'Honey Chipotle Chicken'),
(528079, 'Hummus'),
(528079, 'Jell-O'),
(528079, 'Miso Soup'),
(528079, 'Pasta Salad with Soy Vinaigrette'),
(528079, 'Popcorn Shrimp'),
(528079, 'Red Pepper and Avocado Wrap'),
(528079, 'Tuna Salad'),
(528079, 'White Chicken Chili'),
(528079, 'White Rice'),
(528080, 'Bulgur, Walnut, Celery & Grape Salad'),
(528080, 'Carrot Rings'),
(528080, 'Chicken Wonton Soup'),
(528080, 'Chocolate Chunk Cookie'),
(528080, 'Cream of Tomato Soup'),
(528080, 'Fruit Tray'),
(528080, 'Grilled Cheese Sandwich'),
(528080, 'Jasmine Rice'),
(528080, 'Jell-O'),
(528080, 'Mongolian Drumsticks'),
(528080, 'Pesto Pasta Salad'),
(528080, 'Seasoned Curly Fries'),
(528080, 'Smoked Turkey Salad'),
(528080, 'Stuffed Portabella Mushroom'),
(528080, 'Sweet and Sour Pork'),
(528080, 'Sweet Potato Hummus'),
(528080, 'Vanilla Pudding'),
(528081, 'Apricot Sweet & Sour Sauce'),
(528081, 'BBQ Sauce'),
(528081, 'Beef Fajitas'),
(528081, 'Beef Vegetable Soup'),
(528081, 'Blondie Bar'),
(528081, 'Caesar Salad'),
(528081, 'Chicken Tenders'),
(528081, 'Chocolate Pudding'),
(528081, 'Fiesta Corn'),
(528081, 'Fruit Tray'),
(528081, 'Gravlax Egg Salad'),
(528081, 'Grilled Bratwurst with Peppers & Onions'),
(528081, 'Honey Mustard'),
(528081, 'Hummus'),
(528081, 'Jell-O'),
(528081, 'Loaded Baked Potato Salad'),
(528081, 'Navy Bean Soup'),
(528081, 'Seasoned Waffle Fries'),
(528081, 'Taco Toppings'),
(528081, 'Vegan Tacos'),
(528081, 'Vegetarian Spanish Rice'),
(528081, 'Whole Kernel Corn'),
(528082, 'Autumn Fruit & Nut Salad'),
(528082, 'BBQ Pork Sandwich'),
(528082, 'Broccoli Florets'),
(528082, 'Chicken Noodle Soup'),
(528082, 'Crinkle Fries'),
(528082, 'Fruit Tray'),
(528082, 'General Tso''s Chicken'),
(528082, 'Ham Salad'),
(528082, 'Italian Sausage Slider'),
(528082, 'Jell-O'),
(528082, 'Lemon Goat Cheese Hummus'),
(528082, 'Minestrone Soup'),
(528082, 'Vanilla Pudding'),
(528082, 'Vegan Cantonese Almond Chicken'),
(528082, 'White Chocolate Cherry Cookies'),
(528082, 'White Rice'),
(528082, 'Zesty Pasta Bean Salad'),
(528083, 'BBQ Chicken Pizza'),
(528083, 'Brown Rice Pilaf'),
(528083, 'California Blend Vegetables'),
(528083, 'Chicken Salad'),
(528083, 'Chocolate Pudding'),
(528083, 'Creamy Herb Coleslaw'),
(528083, 'Four Cheese Pizza'),
(528083, 'Fresh Potato Chips'),
(528083, 'Fruit Tray'),
(528083, 'Hummus'),
(528083, 'Jell-O'),
(528083, 'New England Clam Chowder'),
(528083, 'Philly Cheese Steak Sandwich'),
(528083, 'Rice Krispie Treats'),
(528083, 'Seadog Sandwich'),
(528083, 'Spinach Salad with Poppy Seed Dressing'),
(528083, 'Vegetarian Beer Cheese Soup'),
(528084, 'Beef Fusilli Cheddar Bake'),
(528084, 'Breaded Chicken Patty Sandwich'),
(528084, 'California Medley Soup'),
(528084, 'Chili'),
(528084, 'Chili Dog'),
(528084, 'Eggplant Hummus'),
(528084, 'Fruit Tray'),
(528084, 'Gardenburger Sandwich'),
(528084, 'Jasmine Rice'),
(528084, 'Jell-O'),
(528084, 'Oatmeal Raisin Pecan Cookies'),
(528084, 'Seafood Salad'),
(528084, 'Spring Vegetable Blend'),
(528084, 'Steak Fries'),
(528084, 'Tex Mex Quinoa'),
(528084, 'Vanilla Pudding'),
(528084, 'Vegetable Spread'),
(528085, 'Basmati Rice'),
(528085, 'Broccoli Raisin Salad'),
(528085, 'Buffalo Posole'),
(528085, 'Carrot Cake'),
(528085, 'Chicken Gravy'),
(528085, 'Garlic & Cheddar Biscuit'),
(528085, 'Herb Roasted Sliced Pork Loin'),
(528085, 'Hummus'),
(528085, 'Jell-O'),
(528085, 'Miso Soup'),
(528085, 'Pasta Salad with Soy Vinaigrette'),
(528085, 'Penne with Sundried Tomato & Artichokes'),
(528085, 'Steamed Kyoto Blend Vegetables'),
(528085, 'Tuna Salad'),
(528085, 'Whipped Potatoes'),
(528085, 'White Chicken Chili'),
(528086, 'Apple Pie'),
(528086, 'Beef and Noodles'),
(528086, 'Beef Gravy'),
(528086, 'Bulgur, Walnut, Celery & Grape Salad'),
(528086, 'Chicken Wonton Soup'),
(528086, 'Cream of Tomato Soup'),
(528086, 'Fried Chicken'),
(528086, 'Green Beans'),
(528086, 'Jell-O'),
(528086, 'Pesto Pasta Salad'),
(528086, 'Sister Schubert Rolls'),
(528086, 'Smoked Turkey Salad'),
(528086, 'Southern Green Beans'),
(528086, 'Steamed Long Grain Rice'),
(528086, 'Sweet Potato Hummus'),
(528086, 'Vegetarian Stroganoff'),
(528086, 'Whipped Potatoes'),
(528087, 'Alfredo Sauce'),
(528087, 'Autumn Fruit & Nut Salad'),
(528087, 'Baked Sweet Potato'),
(528087, 'Beef Gravy'),
(528087, 'Beef Sirloin Roast'),
(528087, 'Biscuits'),
(528087, 'Chicken Noodle Soup'),
(528087, 'German Chocolate Cake'),
(528087, 'Ham Salad'),
(528087, 'Italian Meat Sauce'),
(528087, 'Jasmine Rice'),
(528087, 'Jell-O'),
(528087, 'Lemon Goat Cheese Hummus'),
(528087, 'Linguine Pasta'),
(528087, 'Minestrone Soup'),
(528087, 'Salmon with Julienne Vegetables'),
(528087, 'Sugar Snap Peas & Carrots w/ Ginger'),
(528087, 'Vegetable Pot Pie'),
(528087, 'Zesty Pasta Bean Salad'),
(528088, 'Boston Cream Pie'),
(528088, 'Bread Sticks'),
(528088, 'Chicken Salad'),
(528088, 'Fried Catfish Filets'),
(528088, 'Hummus'),
(528088, 'Jell-O'),
(528088, 'Marinated Pork Chop'),
(528088, 'New England Clam Chowder'),
(528088, 'Potato Onion Pierogie w/ Sauteed Veggies'),
(528088, 'Red Roasted Potatoes w/ Rosemary'),
(528088, 'Spinach'),
(528088, 'Spinach Salad with Poppy Seed Dressing'),
(528088, 'Steamed Long Grain Rice'),
(528088, 'Taco Nacho Bar'),
(528088, 'Vegetarian Beer Cheese Soup'),
(528089, 'Asian Chicken with Sesame Orange Sauce'),
(528089, 'Asian Garlic Chili Sauce'),
(528089, 'Assorted Dinner Rolls'),
(528089, 'Beef Veg Stir Fry'),
(528089, 'Braised Bok Choy'),
(528089, 'California Blend Vegetables'),
(528089, 'California Medley Soup'),
(528089, 'Chili'),
(528089, 'Crispy Vegetable Potstickers'),
(528089, 'Eggplant Hummus'),
(528089, 'Fried Chicken Wontons'),
(528089, 'Jell-O'),
(528089, 'Lemon Mist Cake'),
(528089, 'Marinara Sauce'),
(528089, 'Oodles Dipping Sauce'),
(528089, 'Penne Pasta'),
(528089, 'Puttanesca Sauce'),
(528089, 'Seafood Salad'),
(528089, 'Teriyaki Sauce'),
(528089, 'Tex Mex Quinoa'),
(528089, 'Vegetable Spread'),
(528089, 'Vegetarian Fried Rice'),
(528089, 'White Rice'),
(528157, 'Assorted Donuts'),
(528157, 'Biscuits'),
(528157, 'Chicken Slider with Biscuit'),
(528157, 'Coffee Cake'),
(528157, 'Fruit Tray'),
(528157, 'Grapefruit Halves'),
(528157, 'Grits'),
(528157, 'Hard Cooked Eggs'),
(528157, 'Hash Browns'),
(528157, 'Oatmeal'),
(528157, 'Scrambled Egg Toppings'),
(528157, 'Scrambled Eggs'),
(528157, 'Vegetarian Sausage Gravy'),
(528157, 'Veggie Sausage Patty'),
(528157, 'Yogurt Bar'),
(528158, 'Assorted Donuts'),
(528158, 'Bacon'),
(528158, 'Blueberry Pancakes'),
(528158, 'Cheese Danish'),
(528158, 'Fruit Tray'),
(528158, 'Grapefruit Halves'),
(528158, 'Hard Cooked Eggs'),
(528158, 'Hash Brown Patty'),
(528158, 'Malt-o-Meal'),
(528158, 'Oatmeal'),
(528158, 'Pancake Syrup'),
(528158, 'Scrambled Egg Toppings'),
(528158, 'Scrambled Eggs'),
(528158, 'Veggie Sausage Patty'),
(528158, 'Yogurt Bar'),
(528159, 'Assorted Donuts'),
(528159, 'Assorted Muffins'),
(528159, 'Cheese Grits'),
(528159, 'French Toast Sticks'),
(528159, 'Fruit Tray'),
(528159, 'Grapefruit Halves'),
(528159, 'Hard Cooked Eggs'),
(528159, 'Oatmeal'),
(528159, 'Pancake Syrup'),
(528159, 'Scrambled Egg Toppings'),
(528159, 'Scrambled Eggs'),
(528159, 'Tri-tater Potatoes'),
(528159, 'Veggie Sausage Patty'),
(528159, 'Yogurt Bar'),
(528160, 'Assorted Donuts'),
(528160, 'Assorted Muffins'),
(528160, 'Buttermilk Pancakes'),
(528160, 'Cream of Wheat'),
(528160, 'Egg, Cheese & Canadian Bacon Sandwich'),
(528160, 'Fruit Tray'),
(528160, 'Grapefruit Halves'),
(528160, 'Hard Cooked Eggs'),
(528160, 'Hash Brown Patty'),
(528160, 'Oatmeal'),
(528160, 'Pancake Syrup'),
(528160, 'Veggie Sausage Patty'),
(528160, 'Yogurt Bar'),
(528161, 'Assorted Donuts'),
(528161, 'Chocolate Malt-o-Meal'),
(528161, 'Cinnamon Twirls'),
(528161, 'French Toast'),
(528161, 'Fruit Tray'),
(528161, 'Grapefruit Halves'),
(528161, 'Hard Cooked Eggs'),
(528161, 'Oatmeal'),
(528161, 'Pancake Syrup'),
(528161, 'Scrambled Egg Toppings'),
(528161, 'Scrambled Eggs'),
(528161, 'Tri-tater Potatoes'),
(528161, 'Turkey Sausage Patty'),
(528161, 'Veggie Sausage Patty'),
(528161, 'Yogurt Bar'),
(528162, 'Assorted Danishes'),
(528162, 'Assorted Donuts'),
(528162, 'Fruit Tray'),
(528162, 'Grapefruit Halves'),
(528162, 'Yogurt Bar'),
(528300, 'Alfredo Sauce'),
(528300, 'Apple Crepes'),
(528300, 'Bacon'),
(528300, 'Blueberry Casserole'),
(528300, 'Blueberry Crepes'),
(528300, 'Breakfast Pizza'),
(528300, 'Broccoli Florets'),
(528300, 'Cherry Crepes'),
(528300, 'Chicken Caesar Salad'),
(528300, 'Ham & Cheese Crepes'),
(528300, 'Marinara Sauce'),
(528300, 'Meatballs'),
(528300, 'Minestrone Soup'),
(528300, 'Nicoise Salad'),
(528300, 'Pancake Syrup'),
(528300, 'Peach Crepes'),
(528300, 'Penne Pasta'),
(528300, 'Pepperoni Pizza'),
(528300, 'Pesto Turkey Filet'),
(528300, 'Ricotta Cheese'),
(528300, 'Scrambled Egg Toppings'),
(528300, 'Scrambled Eggs'),
(528300, 'Seasoned Cubed Potatoes'),
(528300, 'Strawberry Pretzel Salad'),
(528300, 'Three Cheese Pizza'),
(528300, 'Tuna Salad'),
(528300, 'White Chicken Chili'),
(528301, 'Alabama White BBQ Sauce'),
(528301, 'Alfredo Sauce'),
(528301, 'Assorted Dinner Rolls'),
(528301, 'BBQ Pork Ribs'),
(528301, 'BBQ Sauce'),
(528301, 'Carolina BBQ Sauce'),
(528301, 'Chef Salad'),
(528301, 'Chicken Breast'),
(528301, 'Chicken Caesar Salad'),
(528301, 'Corn on the Cob'),
(528301, 'Farfalle Pasta'),
(528301, 'Greek Pizza'),
(528301, 'Hamburger Bun'),
(528301, 'Italian Sausage'),
(528301, 'Malibu Burger'),
(528301, 'Marinara Sauce'),
(528301, 'Minestrone Soup'),
(528301, 'Pepperoni Pizza'),
(528301, 'Philly Cheese Steak Sandwich'),
(528301, 'Seasoned Waffle Fries'),
(528301, 'Spicy BBQ Sauce'),
(528301, 'Strawberry Pretzel Salad'),
(528301, 'Tater-Tots'),
(528301, 'Three Cheese Pizza'),
(528301, 'Tuna Salad'),
(528301, 'Vegan BBQ Riblets'),
(528301, 'White Chicken Chili'),
(528301, 'Whole Kernel Corn'),
(528306, 'Bagel Bar'),
(528306, 'Blueberry Muffin'),
(528306, 'Double Dutch Muffin'),
(528306, 'Fruit Tray'),
(528306, 'Hard Cooked Eggs'),
(528306, 'Red Raspberry Danish'),
(528306, 'Vanilla Donut'),
(528307, 'Apple, Gouda, Bacon & Cheddar Pizza'),
(528307, 'Basmati Rice'),
(528307, 'Blueberry Pancakes'),
(528307, 'Broccoli Cheese Soup'),
(528307, 'Carrot Cake'),
(528307, 'Cheese Sticks'),
(528307, 'Chicken Dumpling Soup'),
(528307, 'Chow Mein Salad'),
(528307, 'Couscous '),
(528307, 'Gravlax Egg Salad'),
(528307, 'Grinder Bar'),
(528307, 'Hummus'),
(528307, 'Pancake Syrup'),
(528307, 'Pork Sausage Links'),
(528307, 'Ribeye Roast'),
(528307, 'Sausage Pizza'),
(528307, 'Scrambled Egg Toppings'),
(528307, 'Scrambled Eggs'),
(528307, 'Seasoned Cubed Potatoes'),
(528307, 'Simple Salad w/ Miso Dressing'),
(528307, 'Snickerdoodle Cookies'),
(528307, 'Spinach Broccoli Pizza'),
(528307, 'Spring Vegetable Blend'),
(528307, 'Squash Sweet Potato & Plantain Curry'),
(528307, 'Three Cheese Pizza'),
(528307, 'Vegan Lighter Side of Italy Panini'),
(528307, 'Veggie Sausage Patty'),
(528307, 'Walnut Brownies'),
(528307, 'When Grapes Get the Bleus Salad'),
(528308, '10oz Sirloin Steak'),
(528308, '12oz Ribeye Steak'),
(528308, 'Alfredo Sauce'),
(528308, 'Apple, Gouda, Bacon & Cheddar Pizza'),
(528308, 'Bacon Cheddar Burger'),
(528308, 'Banana Cream Pie'),
(528308, 'Basmati Rice'),
(528308, 'BBQ Bacon Burger'),
(528308, 'BBQ Pork Ribs'),
(528308, 'Beef Steak Tenderloin'),
(528308, 'Blackeyed Pea Salad'),
(528308, 'Bolognese Sauce'),
(528308, 'Brioche Bun'),
(528308, 'Broccoli Cheese Soup'),
(528308, 'Cheese Sticks'),
(528308, 'Chicken Breast'),
(528308, 'Chicken Dumpling Soup'),
(528308, 'Chow Mein Salad'),
(528308, 'Coconut Layer Cake'),
(528308, 'Country Fried Steak'),
(528308, 'Couscous '),
(528308, 'Crab Legs'),
(528308, 'Double Chocolate Layer Cake'),
(528308, 'Gravlax Egg Salad'),
(528308, 'Green Beans'),
(528308, 'Grilled NY Strip Steak'),
(528308, 'Grilled Portabella Mushroom'),
(528308, 'Grilled Salmon'),
(528308, 'Hoisin'),
(528308, 'Hummus'),
(528308, 'Kim Chee'),
(528308, 'Korean Bean Thread Noodles w/ Vegetables'),
(528308, 'Korean Bibim Bap'),
(528308, 'Light Soy Sauce'),
(528308, 'Macaroni & Cheese'),
(528308, 'Mushroom Swiss Burger'),
(528308, 'Penne Pasta'),
(528308, 'Pepper Gravy'),
(528308, 'Ponzu Sauce'),
(528308, 'Pretzel Bun'),
(528308, 'Sausage Pizza'),
(528308, 'Sautéed Mushrooms'),
(528308, 'Sautéed Onions'),
(528308, 'Shrimp '),
(528308, 'Shrimp Cocktail'),
(528308, 'Simple Salad w/ Miso Dressing'),
(528308, 'Sliced Garlic Bread'),
(528308, 'Southern Green Beans'),
(528308, 'Southern Style Tofu'),
(528308, 'Spaghetti'),
(528308, 'Spicy Italian Burger'),
(528308, 'Spinach and Feta Stuffed Rigatoni'),
(528308, 'Spinach Broccoli Pizza'),
(528308, 'Sriracha Sauce'),
(528308, 'T-bone Steak'),
(528308, 'Tamarind Shrimp'),
(528308, 'Three Cheese Pizza'),
(528308, 'When Grapes Get the Bleus Salad'),
(528308, 'Whipped Potatoes'),
(528308, 'Yeast Rolls'),
(528317, 'Assorted Cookies'),
(528317, 'California Medley Soup'),
(528317, 'Chili'),
(528317, 'Grilled Cheese Bar'),
(528326, 'Assorted Dinner Rolls'),
(528326, 'Broccoli Cheese Soup'),
(528326, 'Broccoli Florets'),
(528326, 'Chicken Tortilla Soup'),
(528326, 'Chili Garlic Shrimp'),
(528326, 'Egg Salad'),
(528326, 'Grandma''s Pot Roast'),
(528326, 'Italian Meat Sauce'),
(528326, 'Jasmine Rice'),
(528326, 'Jell-O'),
(528326, 'Lemon Bars'),
(528326, 'Macaroni Salad'),
(528326, 'Marinara Sauce'),
(528326, 'Polenta with Spinach & Garlic'),
(528326, 'Red Pepper Hummus'),
(528326, 'Southwest Vegetable Salad'),
(528326, 'Tri-Color Rotini'),
(528334, 'Blueberry Muffin'),
(528334, 'Blueberry Pancakes'),
(528334, 'Double Dutch Muffin'),
(528334, 'Egg White Breakfast Sandwich'),
(528334, 'Fruit Tray'),
(528334, 'Greek Salad'),
(528334, 'Hummus'),
(528334, 'Jell-O'),
(528334, 'Nicoise Salad'),
(528334, 'Pancake Syrup'),
(528334, 'Pasta Fagioli Soup '),
(528334, 'Pistachio Muffin'),
(528334, 'Pork Sausage Links'),
(528334, 'Scrambled Egg Toppings'),
(528334, 'Scrambled Eggs'),
(528334, 'Spelt and Edamame Salad'),
(528334, 'Spiral Sliced Ham'),
(528334, 'Spring Vegetable Blend'),
(528334, 'Tofu Pizza Casserole'),
(528334, 'Vanilla Pudding'),
(528334, 'Vegan Sweet Potato Soup'),
(528334, 'Veggie Sausage Patty'),
(528334, 'White Rice'),
(528335, 'Brown Rice'),
(528335, 'Cookies & Cream Pie'),
(528335, 'Cornbread'),
(528335, 'Creamy Pesto Sauce'),
(528335, 'Farfalle Pasta'),
(528335, 'Greek Salad'),
(528335, 'Green Beans'),
(528335, 'Hummus'),
(528335, 'Jell-O'),
(528335, 'Lentil Shepherd''s Pie'),
(528335, 'Marinara Sauce'),
(528335, 'Pasta Fagioli Soup '),
(528335, 'Roasted Turkey Breast'),
(528335, 'Soy Honey Grilled Salmon'),
(528335, 'Spelt and Edamame Salad'),
(528335, 'Turkey Gravy'),
(528335, 'Vegan Sweet Potato Soup'),
(528335, 'Whipped Potatoes'),
(528340, 'Assorted Danishes'),
(528340, 'Assorted Donuts'),
(528340, 'Fruit Tray'),
(528340, 'Hard Cooked Eggs'),
(528340, 'Waffle Bar'),
(528340, 'Yogurt Bar'),
(528341, 'Assorted Danishes'),
(528341, 'Boneless Carving Leg of Lamb '),
(528341, 'Broccoli Cheese Soup'),
(528341, 'Buttermilk Pancakes'),
(528341, 'Chicken Tortilla Soup'),
(528341, 'Fruit Tray'),
(528341, 'Hash Brown Patty'),
(528341, 'Jell-O'),
(528341, 'Macaroni Salad');
INSERT INTO `menus_have_food_items` (`menus_id`, `food_name`) VALUES
(528341, 'Mint Pesto Sauce'),
(528341, 'Pancake Syrup'),
(528341, 'Peas and Carrots'),
(528341, 'Pork Sausage Patties'),
(528341, 'Red Pepper Hummus'),
(528341, 'Scrambled Egg Toppings'),
(528341, 'Scrambled Eggs'),
(528341, 'Shrimp'),
(528341, 'Southwest Vegetable Salad'),
(528341, 'Vanilla Pudding'),
(528341, 'Vegetarian Quiche Lorraine '),
(528341, 'Veggie Sausage Patty'),
(528341, 'White Rice'),
(528342, 'Assorted Dinner Rolls'),
(528342, 'Broccoli Cheese Soup'),
(528342, 'Broccoli Florets'),
(528342, 'Chicken Tortilla Soup'),
(528342, 'Chili Garlic Shrimp'),
(528342, 'Egg Salad'),
(528342, 'Grandma''s Pot Roast'),
(528342, 'Italian Meat Sauce'),
(528342, 'Jasmine Rice'),
(528342, 'Jell-O'),
(528342, 'Lemon Bars'),
(528342, 'Macaroni Salad'),
(528342, 'Marinara Sauce'),
(528342, 'Polenta with Spinach & Garlic'),
(528342, 'Red Pepper Hummus'),
(528342, 'Southwest Vegetable Salad'),
(528342, 'Tri-Color Rotini'),
(528351, 'Assorted Danishes'),
(528351, 'Assorted Donuts'),
(528351, 'Fruit Tray'),
(528351, 'Hard Cooked Eggs'),
(528351, 'Waffle Bar'),
(528351, 'Yogurt Bar'),
(529040, 'Alfredo Sauce'),
(529040, 'Beef Vegetable Soup'),
(529040, 'Bi Bim Bap Poached Bean Sprouts'),
(529040, 'Bi Bim Bap Poached Spinach'),
(529040, 'Bi Bim Bap Rice'),
(529040, 'Bi Bim Bap Sauteed Mushrooms'),
(529040, 'Breakfast Pizza'),
(529040, 'Chicken Salad'),
(529040, 'Cobb Salad'),
(529040, 'Cream of Potato Soup'),
(529040, 'Egg Patty'),
(529040, 'Go Chu Jang Sauce'),
(529040, 'Greek Salad'),
(529040, 'Grilled Ham'),
(529040, 'Ham'),
(529040, 'Korean BBQ Chicken Skewer'),
(529040, 'Korean Kim Chi'),
(529040, 'Marinara Sauce'),
(529040, 'Meatballs'),
(529040, 'Penne Pasta'),
(529040, 'Pepperoni Pizza'),
(529040, 'Pork Sausage Patties'),
(529040, 'Scrambled Egg Toppings'),
(529040, 'Scrambled Eggs'),
(529040, 'Seasoned Cubed Potatoes'),
(529040, 'Spinach and Feta Quiche'),
(529040, 'Spring Vegetable Blend'),
(529040, 'Three Cheese Pizza'),
(529041, 'Cheesy Garlic Bread'),
(529041, 'Chicken Enchilada Pizza'),
(529041, 'Chicken Noodle Soup'),
(529041, 'Chicken Wing'),
(529041, 'Fried Vegetarian Spring Rolls'),
(529041, 'Grinder Bar'),
(529041, 'Lentil Soup'),
(529041, 'Pepperoni Pizza'),
(529041, 'Purple Rice'),
(529041, 'Soul''s Potato Salad'),
(529041, 'Taffy Apple Salad'),
(529041, 'Three Cheese Pizza'),
(529041, 'Tuna Salad'),
(529041, 'White Rice'),
(529042, 'Alfredo Sauce'),
(529042, 'Brown Rice'),
(529042, 'Chicken Breast'),
(529042, 'Chicken Eggroll'),
(529042, 'Chicken Gumbo Soup'),
(529042, 'Coles Sticks'),
(529042, 'Creamy Cole Slaw'),
(529042, 'Cucumber & Onion Salad'),
(529042, 'Egg Salad'),
(529042, 'Farfalle Pasta'),
(529042, 'Margherita Pizza'),
(529042, 'Marinara Sauce'),
(529042, 'Pepperoni Pizza'),
(529042, 'Sweet and Sour Pork'),
(529042, 'Three Cheese Pizza'),
(529042, 'Vegetarian Chili'),
(529042, 'White Rice'),
(529043, 'Broccoli Raisin Salad'),
(529043, 'California Medley Soup'),
(529043, 'Carm. Onion Bacon Blue Cheese Pizza'),
(529043, 'Chicken in Garlic Sauce'),
(529043, 'Chili'),
(529043, 'Ham Salad'),
(529043, 'Macaroni Salad'),
(529043, 'Pepperoni Pizza'),
(529043, 'Pork Eggroll'),
(529043, 'Purple Rice'),
(529043, 'Sister Schubert Rolls'),
(529043, 'Three Cheese Pizza'),
(529043, 'White Rice'),
(529044, 'Alfredo Sauce'),
(529044, 'Ambrosia Fruit Salad'),
(529044, 'Beef and Broccoli Stir Fry'),
(529044, 'Bread Sticks'),
(529044, 'Brown Rice'),
(529044, 'Buffalo Chicken Pizza'),
(529044, 'Dang Cold Noodle Salad'),
(529044, 'Fried Chicken Wontons'),
(529044, 'Hot & Sour Soup'),
(529044, 'Marinara Sauce'),
(529044, 'Meatballs'),
(529044, 'Pepperoni Pizza'),
(529044, 'Rotini'),
(529044, 'Smoked Turkey Salad'),
(529044, 'Three Cheese Pizza'),
(529044, 'White Rice'),
(529044, 'Zesty Garden Soup'),
(529045, 'Chicken Fried Rice'),
(529045, 'Manhattan Clam Chowder'),
(529045, 'Minestrone Soup'),
(529045, 'Pepperoni Pizza'),
(529045, 'Purple Rice'),
(529045, 'Sausage Mushroom Pizza'),
(529045, 'Seafood Salad'),
(529045, 'Sliced Garlic Bread'),
(529045, 'Spelt and Edamame Salad'),
(529045, 'Szechwan Green Beans'),
(529045, 'Three Cheese Pizza'),
(529045, 'Tuna Salad'),
(529045, 'White Rice'),
(529047, 'Alfredo Sauce'),
(529047, 'Baked Chicken Pieces'),
(529047, 'BBQ Sauce'),
(529047, 'Beef Vegetable Soup'),
(529047, 'Bi Bim Bap Poached Bean Sprouts'),
(529047, 'Bi Bim Bap Poached Spinach'),
(529047, 'Bi Bim Bap Rice'),
(529047, 'Bi Bim Bap Sauteed Mushrooms'),
(529047, 'Chicken Breast'),
(529047, 'Chicken Salad'),
(529047, 'Chop Chae'),
(529047, 'Cobb Salad'),
(529047, 'Corn on the Cob'),
(529047, 'Cornbread'),
(529047, 'Cream of Potato Soup'),
(529047, 'Egg Patty'),
(529047, 'Greek Salad'),
(529047, 'Green Bean Casserole'),
(529047, 'Korean Kim Chi'),
(529047, 'Malibu Burger'),
(529047, 'Marinara Sauce'),
(529047, 'Meatballs'),
(529047, 'Mongolian Beef'),
(529047, 'Penne Pasta'),
(529047, 'Pepperoni Pizza'),
(529047, 'Pinto Beans'),
(529047, 'Sausage Mushroom & Pepperoni Pizza'),
(529047, 'Shredded Mozz/Prov Mix'),
(529047, 'Three Cheese Pizza'),
(529048, 'Alfredo Sauce'),
(529048, 'Black Beans'),
(529048, 'California Blend Vegetables'),
(529048, 'Cheese Quesadilla'),
(529048, 'Cheesy Garlic Bread'),
(529048, 'Chicken Enchiladas'),
(529048, 'Chicken Noodle Soup'),
(529048, 'Cilantro Rice'),
(529048, 'Garlic White Chicken Pizza'),
(529048, 'General Tso''s Chicken'),
(529048, 'Gnocchi with Gorgonzola Sauce'),
(529048, 'Grilled Pork Loin Sandwich'),
(529048, 'Italian Sausage'),
(529048, 'Lentil Soup'),
(529048, 'Marinara Sauce'),
(529048, 'Meatballs'),
(529048, 'Pork Eggroll'),
(529048, 'Purple Rice'),
(529048, 'Rotini'),
(529048, 'Shredded Mozz/Prov Mix'),
(529048, 'Soul''s Potato Salad'),
(529048, 'Southwest Caesar Salad'),
(529048, 'Taffy Apple Salad'),
(529048, 'Three Cheese Pizza'),
(529048, 'Tri-Color Tortilla Chips'),
(529048, 'Tuna Salad'),
(529048, 'Vegetable Lo Mein'),
(529048, 'Warm Roasted Red Potato Salad'),
(529048, 'White Rice'),
(529049, 'Broccoli Florets'),
(529049, 'Brown Rice'),
(529049, 'Chef Salad'),
(529049, 'Chicken Gumbo Soup'),
(529049, 'Chili'),
(529049, 'Creamy Cole Slaw'),
(529049, 'Cucumber & Onion Salad'),
(529049, 'Egg Salad'),
(529049, 'Fresh Diced Tomatoes'),
(529049, 'Fresh Steamed Broccoli'),
(529049, 'Fried Cabbage'),
(529049, 'Grilled Bratwurst with Peppers & Onions'),
(529049, 'Mongolian Beef'),
(529049, 'Naan Flat Bread'),
(529049, 'Pepperoni Pizza'),
(529049, 'Potato Onion Pierogie w/ Sauteed Veggies'),
(529049, 'Red Roasted Potatoes w/ Rosemary'),
(529049, 'Roasted Tomato & Pesto Sandwich'),
(529049, 'Spinach Artichoke Pizza'),
(529049, 'Three Cheese Pizza'),
(529049, 'Top Sirloin Beef Steak '),
(529049, 'Vegan Mousaka'),
(529049, 'Vegetarian Chili'),
(529049, 'Vegetarian Eggrolls'),
(529049, 'Vegetarian Fried Rice'),
(529049, 'White Rice'),
(529050, 'Alfredo Sauce'),
(529050, 'Baked Cheese Ravioli'),
(529050, 'Basmati Rice'),
(529050, 'Broccoli Raisin Salad'),
(529050, 'California Medley Soup'),
(529050, 'Chana Masala (Curried Chickpeas)'),
(529050, 'Chicken Tandoori'),
(529050, 'Chili'),
(529050, 'Cucumber Raita'),
(529050, 'Fried Chicken'),
(529050, 'Green Beans'),
(529050, 'Ham Salad'),
(529050, 'Italian Sausage'),
(529050, 'Macaroni Salad'),
(529050, 'Marinara Sauce'),
(529050, 'Meatballs'),
(529050, 'Meatzza Lovers Pizza'),
(529050, 'Naan Flat Bread'),
(529050, 'Penne Pasta'),
(529050, 'Pepperoni Pizza'),
(529050, 'Pork Eggroll'),
(529050, 'Princess Chicken'),
(529050, 'Purple Rice'),
(529050, 'Seasoned Chicken Gravy'),
(529050, 'Shredded Cheddar Cheese'),
(529050, 'Shredded Mozz/Prov Mix'),
(529050, 'Sister Schubert Rolls'),
(529050, 'Southern Green Beans'),
(529050, 'Three Cheese Pizza'),
(529050, 'Vegetable Chow Mein'),
(529050, 'Whipped Potatoes'),
(529050, 'White Rice'),
(529051, 'Alfredo Sauce'),
(529051, 'California Blend Vegetables'),
(529051, 'Chicken Breast'),
(529051, 'Chicken Potstickers'),
(529051, 'Farfalle Pasta'),
(529051, 'Grilled Salmon'),
(529051, 'Manhattan Clam Chowder'),
(529051, 'Marinara Sauce'),
(529051, 'Meatballs'),
(529051, 'Minestrone Soup'),
(529051, 'Pepperoni Pizza'),
(529051, 'Purple Rice'),
(529051, 'Sausage Carmlized Onion Smkd Gouda Pizza'),
(529051, 'Seafood Salad'),
(529051, 'Shredded Mozz/Prov Mix'),
(529051, 'Shrimp Hunan'),
(529051, 'Sliced Garlic Bread'),
(529051, 'Spelt and Edamame Salad'),
(529051, 'Tartar Sauce'),
(529051, 'Three Cheese Pizza'),
(529051, 'Tuna Salad'),
(529051, 'Vegetarian Fried Rice'),
(529051, 'Vegetarian Paella'),
(529051, 'White Rice'),
(529080, 'Bagel Bar'),
(529080, 'Blueberry Muffin'),
(529080, 'Chocolate Donuts'),
(529080, 'Double Dutch Muffin'),
(529080, 'Fruit Tray'),
(529080, 'Hard Cooked Eggs'),
(529080, 'Strawberry Danish'),
(529081, 'Apple Danish'),
(529081, 'Banana'),
(529081, 'Banana Nut Muffin'),
(529081, 'Buttermilk Pancakes'),
(529081, 'Cantaloupe Wedge'),
(529081, 'Cream of Wheat'),
(529081, 'Grapefruit Halves'),
(529081, 'Hard Cooked Eggs'),
(529081, 'Hash Brown Patty'),
(529081, 'Navel Orange'),
(529081, 'Oatmeal'),
(529081, 'Pancake Syrup'),
(529081, 'Pistachio Muffin'),
(529081, 'Pork Sausage Links'),
(529081, 'Sausage Donut Breakfast Sandwich'),
(529081, 'Scrambled Egg Toppings'),
(529081, 'Scrambled Eggs'),
(529081, 'Vanilla Donut'),
(529081, 'Veggie Sausage Patty'),
(529082, 'Apricot Danish'),
(529082, 'Bacon'),
(529082, 'Banana'),
(529082, 'Chocolate Donuts'),
(529082, 'Double Dutch Muffin'),
(529082, 'French Toast'),
(529082, 'Grapefruit Halves'),
(529082, 'Grits'),
(529082, 'Hard Cooked Eggs'),
(529082, 'Lemon Poppy Muffin'),
(529082, 'Navel Orange'),
(529082, 'O''Brien Potatoes with Green Chiles'),
(529082, 'Oatmeal'),
(529082, 'Scrambled Egg Toppings'),
(529082, 'Scrambled Eggs'),
(529082, 'Sliced Kiwi'),
(529082, 'Veggie Sausage Patty'),
(529083, 'Banana'),
(529083, 'Blueberry Muffin'),
(529083, 'Buttermilk Pancakes'),
(529083, 'Cantaloupe Wedge'),
(529083, 'Cream of Wheat'),
(529083, 'Eggs Blackstone'),
(529083, 'Grapefruit Halves'),
(529083, 'Grilled Ham'),
(529083, 'Hard Cooked Eggs'),
(529083, 'Hash Brown Patty'),
(529083, 'Navel Orange'),
(529083, 'Oatmeal'),
(529083, 'Pancake Syrup'),
(529083, 'Pistachio Muffin'),
(529083, 'Red Raspberry Danish'),
(529083, 'Scrambled Egg Toppings'),
(529083, 'Scrambled Eggs'),
(529083, 'Vanilla Donut'),
(529084, 'Apple Crepes'),
(529084, 'Banana Nut Muffin'),
(529084, 'Biscuits'),
(529084, 'Blueberry Crepes'),
(529084, 'Breakfast Sausage Corn Dog'),
(529084, 'Cheese Grits'),
(529084, 'Cherry Crepes'),
(529084, 'Chocolate Donuts'),
(529084, 'Double Dutch Muffin'),
(529084, 'Grapefruit Halves'),
(529084, 'Hard Cooked Eggs'),
(529084, 'Hash Browns'),
(529084, 'Honeydew Wedges'),
(529084, 'Oatmeal'),
(529084, 'Peach Crepes'),
(529084, 'Peach Danish'),
(529084, 'Sausage Gravy'),
(529084, 'Scrambled Eggs'),
(529084, 'Strawberry Crepes'),
(529084, 'Veggie Sausage Patty'),
(529085, 'Almond Danish'),
(529085, 'Banana'),
(529085, 'Buttermilk Pancakes'),
(529085, 'Cantaloupe Wedge'),
(529085, 'Cream of Wheat'),
(529085, 'Egg White Breakfast Sandwich'),
(529085, 'Hard Cooked Eggs'),
(529085, 'Hash Brown Patty'),
(529085, 'Lemon Poppy Muffin'),
(529085, 'Navel Orange'),
(529085, 'Oatmeal'),
(529085, 'Pancake Syrup'),
(529085, 'Pistachio Muffin'),
(529085, 'Pork Sausage Patties'),
(529085, 'Scrambled Egg Toppings'),
(529085, 'Scrambled Eggs'),
(529085, 'Sliced Kiwi'),
(529085, 'Vanilla Donut'),
(529085, 'Veggie Sausage Patty'),
(529087, 'Broccoli Slaw'),
(529087, 'Buffalo Chicken Pizza'),
(529087, 'Buttermilk Pancakes'),
(529087, 'Butterscotch Brownies'),
(529087, 'California Medley Soup'),
(529087, 'Cheese Sticks'),
(529087, 'Chopped Miso Salad'),
(529087, 'Egg Drop Soup'),
(529087, 'Egg Salad'),
(529087, 'Florentine Pizza'),
(529087, 'Grinder Bar'),
(529087, 'Ham & Cheese Crepes'),
(529087, 'Hash Brown Patty'),
(529087, 'Hummus'),
(529087, 'Lentil Rice Pilaf'),
(529087, 'Oatmeal Cookie'),
(529087, 'Pancake Syrup'),
(529087, 'Peas and Carrots'),
(529087, 'Pepperoni Pizza'),
(529087, 'Pork Sausage Patties'),
(529087, 'Reese''s Pieces Rice Krispie on a Stick'),
(529087, 'Scrambled Egg Toppings'),
(529087, 'Scrambled Eggs'),
(529087, 'Simple Salad w/ Miso Dressing'),
(529087, 'Tortellini Salad'),
(529087, 'Vegan Warm Cinnamon Pecan Quinoa'),
(529087, 'Veggie Sausage Patty'),
(529087, 'White Pesto Thin Crust Pizza'),
(529087, 'White Rice'),
(529088, 'All-Beef Hot Dog'),
(529088, 'Apple & Candied Pecan Salad'),
(529088, 'Basmati Rice'),
(529088, 'BBQ Sauce'),
(529088, 'Beef Gravy'),
(529088, 'Beef Vegetable Soup'),
(529088, 'Broccoli Cheese Soup'),
(529088, 'Brussels Sprouts with Apples'),
(529088, 'Bulgur, Walnut, Celery & Grape Salad'),
(529088, 'Capri Blend Vegetables'),
(529088, 'Chop House Tater'),
(529088, 'Creamy Pesto Sauce'),
(529088, 'Crinkle Fries'),
(529088, 'Double Fudge Cookie'),
(529088, 'Farfalle Pasta'),
(529088, 'Garlic Knot'),
(529088, 'Gehl''s Cheese Sauce'),
(529088, 'Ham Salad'),
(529088, 'Honey Chipotle Chicken'),
(529088, 'Italian Meat Sauce'),
(529088, 'Le Hog Pizza'),
(529088, 'Lemon Bars'),
(529088, 'Lemon Blueberry Cake'),
(529088, 'Linguine Pasta'),
(529088, 'Marshmallow Brownies'),
(529088, 'Original Popcorn Chicken'),
(529088, 'Peas'),
(529088, 'Pepper Gravy'),
(529088, 'Pepper Melange and Fontina Pizza'),
(529088, 'Popcorn Shrimp'),
(529088, 'Quinoa'),
(529088, 'Real Bacon Bits'),
(529088, 'Sausage Pizza'),
(529088, 'Shredded Cheddar Cheese'),
(529088, 'Sliced Garlic Bread'),
(529088, 'Sliced Scallions'),
(529088, 'Smoked Hummus'),
(529088, 'Southwest Chicken Pasta Salad'),
(529088, 'Sweet Potato Fries'),
(529088, 'Three Cheese Pizza'),
(529088, 'Vegan Brownies'),
(529088, 'Vegan Thanksgiving Day Sandwich'),
(529088, 'Vegetarian Hot Dog'),
(529088, 'Whipped Potatoes'),
(529088, 'Whole Kernel Corn'),
(529089, '12 Flour Tortilla'),
(529089, 'BBQ Sauce'),
(529089, 'Beef Fusilli Cheddar Bake'),
(529089, 'Beef n Cheddar Sandwich'),
(529089, 'Bottleneck Fries'),
(529089, 'Carrot Rings'),
(529089, 'Cheese Sticks'),
(529089, 'Chicken Giardiniera'),
(529089, 'Chili'),
(529089, 'Dang Cold Noodle Salad'),
(529089, 'Fingerling Carrots'),
(529089, 'Gehl''s Cheese Sauce'),
(529089, 'Greek Pizza'),
(529089, 'Greek Salad'),
(529089, 'Grilled Cheese Bar'),
(529089, 'Ground Beef Tacos'),
(529089, 'Heidi''s Guacamole'),
(529089, 'Hummus'),
(529089, 'Jalapeno Tortilla'),
(529089, 'Lobster Waldorf Salad'),
(529089, 'M&M; Blondie Bars'),
(529089, 'Mexican Rice'),
(529089, 'Molasses Ginger Cake'),
(529089, 'Mongolian Drumsticks'),
(529089, 'No Gluten Added Vegan Rice Krispy Treats'),
(529089, 'Pepperoni Pizza'),
(529089, 'Pico de Gallo'),
(529089, 'Pork Carnita IKE'),
(529089, 'Raspberry Yogurt Rice Krispy Treat'),
(529089, 'Red Rice'),
(529089, 'Roasted Tomato with Basil Soup'),
(529089, 'Salsa Verde'),
(529089, 'Seafood Pizza'),
(529089, 'Seasoned Curly Fries'),
(529089, 'Shredded Cheddar Cheese'),
(529089, 'Shredded Chicken Carnitas'),
(529089, 'Smoked Turkey Salad'),
(529089, 'Sour Cream'),
(529089, 'Spicy Black Bean Burger'),
(529089, 'Spinach Tortilla Wrap'),
(529089, 'Taco Toppings'),
(529089, 'Three Cheese Pizza'),
(529089, 'Toasted Garbanzo Beans'),
(529089, 'Tomato Basil Tortilla'),
(529089, 'Turtle Cookie'),
(529089, 'Vegan Fiesta Wrap'),
(529089, 'Vegan Tacos'),
(529089, 'Vegetarian Refried Beans'),
(529089, 'White Cheese Sauce'),
(529089, 'Wrap Tortilla 12 Garlic and Herb'),
(529090, 'BBQ Sauce'),
(529090, 'Beef Bulgogi Pizza'),
(529090, 'Blackened Chicken'),
(529090, 'Broccoli Florets'),
(529090, 'Chicken Ramen Broth'),
(529090, 'Chicken Tenders'),
(529090, 'Chicken Wonton Soup'),
(529090, 'Chocolate Walnut Raspberry Bar'),
(529090, 'Chow Mein Noodles'),
(529090, 'Confetti Pasta Salad'),
(529090, 'Cream of Tomato Soup'),
(529090, 'Creme Puff'),
(529090, 'Elbow Macaroni'),
(529090, 'Fiesta Corn'),
(529090, 'Fire Island Coleslaw'),
(529090, 'Four Cheese Pizza'),
(529090, 'Four Cheese White Pizza w/Basil & Garlic'),
(529090, 'Fresh Bean Sprouts'),
(529090, 'Garlic Knot'),
(529090, 'Gehl''s Cheese Sauce'),
(529090, 'General Tso''s Tofu'),
(529090, 'Grilled Cheese Sandwich'),
(529090, 'Herb Smoked Turkey Breast'),
(529090, 'Illini Salad'),
(529090, 'Jasmine Rice'),
(529090, 'Kim Chee'),
(529090, 'Lemon Goat Cheese Hummus'),
(529090, 'Oreo Brownies'),
(529090, 'Pear and Spinach Salad'),
(529090, 'Peas'),
(529090, 'Sausage Pizza'),
(529090, 'Sautéed Mushrooms'),
(529090, 'Seasoned Waffle Fries'),
(529090, 'Sharp Cheddar Cheese Sauce'),
(529090, 'Shredded Carrot'),
(529090, 'Sliced Garlic Bread'),
(529090, 'Sliced Scallions'),
(529090, 'Smoked Gouda Cheese Sauce'),
(529090, 'Smoked Tofu Steak'),
(529090, 'Snickerdoodle Cookies'),
(529090, 'Spelt'),
(529090, 'Sweet Potato Fries'),
(529090, 'Tartar Sauce'),
(529090, 'Tropical Chicken Salad'),
(529090, 'Vegan Fruit Cake'),
(529090, 'Vegetable Ramen Broth'),
(529090, 'Vegetarian Nuggets'),
(529090, 'Whole Kernel Corn'),
(529091, 'Autumn Fruit & Nut Salad'),
(529091, 'Beef & Chihuahua Cheese Quesadillas'),
(529091, 'Breaded Chicken Patty Sandwich'),
(529091, 'Broccoli Florets'),
(529091, 'Carmelizd Onion,Blue Cheese&Walnut; Pizza'),
(529091, 'Carrot Slaw'),
(529091, 'Cheese Sticks'),
(529091, 'Cherry Pie Square'),
(529091, 'Chicken Quesadillas'),
(529091, 'Chocolate Coffee Rice Krispy Treat '),
(529091, 'Cornbread'),
(529091, 'Creamy Shrimp Twist Salad'),
(529091, 'Crinkle Fries'),
(529091, 'Cucumbers'),
(529091, 'Daikon Slaw'),
(529091, 'Flatbread Bar'),
(529091, 'French Sandwich Roll'),
(529091, 'Fresh Cilantro'),
(529091, 'Gardenburger Sandwich'),
(529091, 'Greek Orzo Pasta Salad'),
(529091, 'Grilled Beer Bratwurst'),
(529091, 'Hummus'),
(529091, 'Jalapeno Peppers'),
(529091, 'Leaf Lettuce'),
(529091, 'Lentil Rice Pilaf'),
(529091, 'Orange Chicken Salad with Dill'),
(529091, 'Pasta Fagioli Soup'),
(529091, 'Pepperoni Pizza'),
(529091, 'Pickle Slices'),
(529091, 'Pinto Bean and Ham Hock Soup'),
(529091, 'Quinoa Lentil Salad'),
(529091, 'Red Onion'),
(529091, 'Roasted Red Pork'),
(529091, 'Sliced Tomatoes'),
(529091, 'Spicy Italian Sausage Pizza'),
(529091, 'Spread Banh Mi'),
(529091, 'Steak Fries'),
(529091, 'Taco Toppings'),
(529091, 'Three Cheese Pizza'),
(529091, 'Tres Leches Fruit Cake'),
(529091, 'Turkey Breast'),
(529091, 'Vegan Breakfast Cookie'),
(529091, 'Vegan Sloppy Joe'),
(529091, 'White Chocolate Cherry Cookies'),
(529091, 'White Rice'),
(529092, 'Almond Cookie'),
(529092, 'BBQ Beef Sandwich'),
(529092, 'BBQ Sauce'),
(529092, 'California Blend Vegetables'),
(529092, 'Chicken Philly Pizza'),
(529092, 'Chicken Sesame Salad'),
(529092, 'Crinkle Fries'),
(529092, 'Four Cheese Pizza'),
(529092, 'Fresh Bean Sprouts'),
(529092, 'Fresh Cilantro'),
(529092, 'Fusilli Pasta'),
(529092, 'Garlic Knot'),
(529092, 'Gehl''s Cheese Sauce'),
(529092, 'Grilled Chicken Parmesan Sandwich '),
(529092, 'Jasmine Rice'),
(529092, 'Key West Pineapple Slaw'),
(529092, 'Limes'),
(529092, 'Millet'),
(529092, 'New England Clam Chowder'),
(529092, 'Onions'),
(529092, 'Pho'),
(529092, 'Pho Soup Condiments'),
(529092, 'Pumpkin Bars'),
(529092, 'Puttanesca Sauce'),
(529092, 'Red Velvet Brownies'),
(529092, 'Rice Noodles'),
(529092, 'Roasted Red Pepper Sauce'),
(529092, 'Rocky Road Cookie'),
(529092, 'Sausage Pizza'),
(529092, 'Sliced Garlic Bread'),
(529092, 'Smoked Hummus'),
(529092, 'Spring Break Salad'),
(529092, 'Sun Dried Tomato Pizza'),
(529092, 'Thai Basil Sauce'),
(529092, 'Tuna Salad'),
(529092, 'Vegan Chocolate Cupcake'),
(529092, 'Vegan Grilled Ham & Cheese Sandwich'),
(529092, 'Vegetable Pho'),
(529092, 'White Bean & Arugula Salad'),
(529092, 'Zesty Garden Soup'),
(529094, '12oz Ribeye Steak'),
(529094, 'Alfredo Sauce'),
(529094, 'Bacon Cheddar Burger'),
(529094, 'Baked Sweet Potato'),
(529094, 'BBQ Bacon Burger'),
(529094, 'BBQ Pork Ribs'),
(529094, 'Beef Bourguignon'),
(529094, 'Beef Gravy'),
(529094, 'Beef Steak Tenderloin'),
(529094, 'Blueberry Pie'),
(529094, 'Bolognese Sauce'),
(529094, 'Brioche Bun'),
(529094, 'Broccoli Florets'),
(529094, 'Broccoli Slaw'),
(529094, 'Buffalo Chicken Pizza'),
(529094, 'Buttered Noodles'),
(529094, 'California Medley Soup'),
(529094, 'Cheese Sticks'),
(529094, 'Chicken Alfredo'),
(529094, 'Chicken Breast'),
(529094, 'Chocolate Peanut Butter Pie'),
(529094, 'Combination Cheese Platter'),
(529094, 'Crab Legs'),
(529094, 'Croque Monsieur Salad'),
(529094, 'Dauphinoise Potatoes'),
(529094, 'Egg Drop Soup'),
(529094, 'Egg Salad'),
(529094, 'Florentine Pizza'),
(529094, 'French Bread'),
(529094, 'Garlic Asiago Ravioli with Pesto Cream'),
(529094, 'Golden Fried Tofu with Chili Sauce'),
(529094, 'Green Beans w/ Lemon Zest'),
(529094, 'Grilled NY Strip Steak'),
(529094, 'Grilled Portabella Mushroom'),
(529094, 'Grilled Salmon'),
(529094, 'Hummus'),
(529094, 'Key Lime Pie'),
(529094, 'Lentil Rice Pilaf'),
(529094, 'Mushroom Swiss Burger'),
(529094, 'Penne Pasta'),
(529094, 'Pepperoni Pizza'),
(529094, 'Pretzel Bun'),
(529094, 'Ratatouille'),
(529094, 'Sautéed Mushrooms'),
(529094, 'Sautéed Onions'),
(529094, 'Shrimp'),
(529094, 'Shrimp Cocktail'),
(529094, 'Simple Salad w/ Miso Dressing'),
(529094, 'Sirloin Tri-Tip Roast'),
(529094, 'Sliced Garlic Bread'),
(529094, 'Spaghetti'),
(529094, 'Spicy Italian Burger'),
(529094, 'Sweet Potato Bar'),
(529094, 'T-bone Steak'),
(529094, 'Tapenade Verte'),
(529094, 'Tortellini Salad'),
(529094, 'Vegan Stuffed Portabella Mushrooms'),
(529094, 'Whipped Sweet Cream Butter'),
(529094, 'White Pesto Thin Crust Pizza'),
(529094, 'White Rice'),
(529094, 'Yeast Rolls'),
(529095, '12oz Ribeye Steak'),
(529095, 'Apple & Candied Pecan Salad'),
(529095, 'Bacon Cheddar Burger'),
(529095, 'Basmati Rice'),
(529095, 'BBQ Bacon Burger'),
(529095, 'Beef and Noodles'),
(529095, 'Beef Steak Tenderloin'),
(529095, 'Beef Vegetable Soup'),
(529095, 'Bolognese Sauce'),
(529095, 'Brioche Bun'),
(529095, 'Broccoli Cheese Soup'),
(529095, 'Bulgur, Walnut, Celery & Grape Salad'),
(529095, 'Cannellini Salad w/ Artichokes and Spelt'),
(529095, 'Cherry Pie'),
(529095, 'Chicken Breast'),
(529095, 'Chicken Gravy'),
(529095, 'Chocolate Cherry Cake'),
(529095, 'Crab Legs'),
(529095, 'Farfalle Pasta'),
(529095, 'Fried Chicken'),
(529095, 'Garlic Knot'),
(529095, 'Garlic Red Skin Mashed Potatoes'),
(529095, 'Green Beans'),
(529095, 'Grilled NY Strip Steak'),
(529095, 'Grilled Portabella Mushroom'),
(529095, 'Grilled Salmon'),
(529095, 'Ham Salad'),
(529095, 'Le Hog Pizza'),
(529095, 'Linguine Pasta'),
(529095, 'Marinara Sauce'),
(529095, 'Mushroom Swiss Burger'),
(529095, 'Pepper Melange and Fontina Pizza'),
(529095, 'Pretzel Bun'),
(529095, 'Pumpkin Pie'),
(529095, 'Quinoa'),
(529095, 'Sausage'),
(529095, 'Sausage Pizza'),
(529095, 'Sautéed Mushrooms'),
(529095, 'Sautéed Onions'),
(529095, 'Shrimp Cocktail'),
(529095, 'Shrimp Mojo Skewer'),
(529095, 'Smoked Hummus'),
(529095, 'Southern Green Beans'),
(529095, 'Southwest Chicken Pasta Salad'),
(529095, 'Spicy Italian Burger'),
(529095, 'T-bone Steak'),
(529095, 'Three Cheese Pizza'),
(529095, 'Tortellini with Pesto Cream'),
(529095, 'Vegan Thanksgiving Meat Loaf'),
(529095, 'Whipped Potatoes'),
(529095, 'Yeast Rolls'),
(529096, '10oz Sirloin Steak'),
(529096, '12oz Ribeye Steak'),
(529096, 'Apple Pie'),
(529096, 'Bacon Cheddar Burger'),
(529096, 'Baked Potatoes'),
(529096, 'Balsamic Vinegar'),
(529096, 'BBQ Bacon Burger'),
(529096, 'Beef Steak Tenderloin'),
(529096, 'Brioche Bun'),
(529096, 'Brown Rice'),
(529096, 'Calamari with Bacon and Scallions'),
(529096, 'Cheese Sticks'),
(529096, 'Chili'),
(529096, 'Chili Garlic Shrimp'),
(529096, 'Chocolate Chip Pecan Pie'),
(529096, 'Crab Legs'),
(529096, 'Crushed Red Pepper'),
(529096, 'Dang Cold Noodle Salad'),
(529096, 'Grated Parmesan Cheese'),
(529096, 'Greek Pizza'),
(529096, 'Greek Salad'),
(529096, 'Grilled Chicken Breast'),
(529096, 'Grilled NY Strip Steak'),
(529096, 'Grilled Portabella Mushroom'),
(529096, 'Grilled Salmon'),
(529096, 'Hummus'),
(529096, 'Italian Garden Sauce'),
(529096, 'Italian Herb Flat Focaccia Bread'),
(529096, 'Italian Sausage Sauce'),
(529096, 'Lemon and Garlic Grilled Prawns'),
(529096, 'Lobster Waldorf Salad'),
(529096, 'London Broil'),
(529096, 'Meatballs'),
(529096, 'Mushroom Swiss Burger'),
(529096, 'New York Style Cheesecake'),
(529096, 'Nicoise Salad'),
(529096, 'Olive Medley Tapas Tray'),
(529096, 'Olive Oil'),
(529096, 'Pasta Shells'),
(529096, 'Peas'),
(529096, 'Pepperoni Pizza'),
(529096, 'Pretzel Bun'),
(529096, 'Pulled Pork Lasagna'),
(529096, 'Red Rice'),
(529096, 'Risotto with Asparagus'),
(529096, 'Roasted Tomato with Basil Soup'),
(529096, 'Rosemary and Garlic Tri Tip Churassco'),
(529096, 'Sautéed Mushrooms'),
(529096, 'Sautéed Onions'),
(529096, 'Sauteed Miso Squash '),
(529096, 'Seafood Pizza'),
(529096, 'Shrimp Cocktail'),
(529096, 'Sliced Garlic Bread'),
(529096, 'Smoked Turkey Salad'),
(529096, 'Spaghetti'),
(529096, 'Spicy Italian Burger'),
(529096, 'T-bone Steak'),
(529096, 'Three Cheese Pizza'),
(529096, 'Toasted Garbanzo Beans'),
(529096, 'Vegan Spaghetti & Meatballs'),
(529096, 'Yeast Rolls'),
(529097, '12oz Ribeye Steak'),
(529097, 'Angel Food Cake'),
(529097, 'Bacon Cheddar Burger'),
(529097, 'Bavarian Pretzel Roll'),
(529097, 'Bavarian Pretzel Stick'),
(529097, 'BBQ Bacon Burger'),
(529097, 'Beef Bulgogi Pizza'),
(529097, 'Beef Rouladen'),
(529097, 'Beef Steak Tenderloin'),
(529097, 'Braised Red Cabbage'),
(529097, 'Brioche Bun'),
(529097, 'Chicken Marsala'),
(529097, 'Chicken Wonton Soup'),
(529097, 'Confetti Pasta Salad'),
(529097, 'Crab Legs'),
(529097, 'Cream of Tomato Soup'),
(529097, 'Double Chocolate Layer Cake'),
(529097, 'Fire Island Coleslaw'),
(529097, 'Four Cheese Pizza'),
(529097, 'Four Cheese White Pizza w/Basil & Garlic'),
(529097, 'Garlic Knot'),
(529097, 'Garlic Red Skin Mashed Potatoes'),
(529097, 'Gehl''s Cheese Sauce'),
(529097, 'Gemuse mit der Huhnchenbrust'),
(529097, 'Grilled NY Strip Steak'),
(529097, 'Grilled Portabella Mushroom'),
(529097, 'Grilled Salmon'),
(529097, 'Grinder Bar'),
(529097, 'Herbed Spaetzle in Brown Butter'),
(529097, 'Honey Mustard'),
(529097, 'Illini Salad'),
(529097, 'Italian Sausage Lasagna'),
(529097, 'Italian Vegetables'),
(529097, 'Jasmine Rice'),
(529097, 'Kielbasa Sausage'),
(529097, 'Lemon Goat Cheese Hummus'),
(529097, 'Mushroom Swiss Burger'),
(529097, 'Pretzel Bun'),
(529097, 'Prince Edward Vegetable Blend'),
(529097, 'Pumpernickel Dinner Roll'),
(529097, 'Risotto'),
(529097, 'Sausage Pizza'),
(529097, 'Sautéed Mushrooms'),
(529097, 'Sautéed Onions'),
(529097, 'Shrimp Cocktail'),
(529097, 'Shrimp Mojo Skewer'),
(529097, 'Spicy Italian Burger'),
(529097, 'Steamed Prince Edward Blend Vegetables'),
(529097, 'T-bone Steak'),
(529097, 'Tempeh-Stuffed Bell Peppers'),
(529097, 'Tropical Chicken Salad'),
(529097, 'Vegan Soo Hwa Wrap'),
(529097, 'Very Berry Pie'),
(529097, 'Whole Grain Dijon Mustard'),
(529097, 'Yeast Rolls'),
(529098, '12oz Ribeye Steak'),
(529098, 'Alfredo Sauce'),
(529098, 'Aloo Gobi'),
(529098, 'Autumn Fruit & Nut Salad'),
(529098, 'Bacon Cheddar Burger'),
(529098, 'BBQ Bacon Burger'),
(529098, 'Beef Steak Tenderloin'),
(529098, 'Brioche Bun'),
(529098, 'Carmelizd Onion,Blue Cheese&Walnut; Pizza'),
(529098, 'Cheese Sticks'),
(529098, 'Chewda'),
(529098, 'Chocolate Cream Pie'),
(529098, 'Chocolate Marshmallow S''Mores Pie'),
(529098, 'Corriander Chutney'),
(529098, 'Crab Legs'),
(529098, 'Cranberry Sriacha and Mint Chicken Wings'),
(529098, 'Creamy Shrimp Twist Salad'),
(529098, 'Curried Chicken Stew'),
(529098, 'Daikon Noodle Salad with Tofu'),
(529098, 'Fettuccine'),
(529098, 'Greek Orzo Pasta Salad'),
(529098, 'Green Beans'),
(529098, 'Grilled NY Strip Steak'),
(529098, 'Grilled Portabella Mushroom'),
(529098, 'Grilled Salmon'),
(529098, 'Herb Grilled Chicken'),
(529098, 'Hummus'),
(529098, 'Jasmine Rice'),
(529098, 'Lemon and Garlic Grilled Prawns'),
(529098, 'Lemon Buttermilk Cake'),
(529098, 'Lentil Rice Pilaf'),
(529098, 'Malabar Coconut Rice'),
(529098, 'Marinara Sauce'),
(529098, 'Marinated Pork Chop'),
(529098, 'Masala Fried Fish'),
(529098, 'Mashed Potatoes'),
(529098, 'Mushroom Rice Bowl'),
(529098, 'Mushroom Swiss Burger'),
(529098, 'Naan Flat Bread'),
(529098, 'Orange Chicken Salad with Dill'),
(529098, 'Pepperoni Pizza'),
(529098, 'Pretzel Bun'),
(529098, 'Sautéed Mushrooms'),
(529098, 'Sautéed Onions'),
(529098, 'Seasoned Chicken Gravy'),
(529098, 'Shrimp Cocktail'),
(529098, 'Southern Green Beans'),
(529098, 'Spicy Italian Burger'),
(529098, 'Spicy Italian Sausage Pizza'),
(529098, 'Sweet Tamarind Chutney'),
(529098, 'T-bone Steak'),
(529098, 'Three Cheese Pizza'),
(529098, 'White Rice'),
(529099, 'Bean and Cheese and Burrito'),
(529099, 'Buffalo Chicken Stromboli'),
(529099, 'Carne Asada With Peppers and Onions'),
(529099, 'Chicken Philly Pizza'),
(529099, 'Chicken Pot Pie'),
(529099, 'Chicken Sesame Salad'),
(529099, 'Cocktail Sauce'),
(529099, 'Coconut Cream Pie'),
(529099, 'Flour Tortilla'),
(529099, 'Four Cheese Pizza'),
(529099, 'Fried Calamari'),
(529099, 'Gado Gado'),
(529099, 'Garlic Knot'),
(529099, 'Heidi''s Guacamole'),
(529099, 'Jasmine Rice'),
(529099, 'Key West Pineapple Slaw'),
(529099, 'Marinara Sauce'),
(529099, 'Millet'),
(529099, 'New England Clam Chowder'),
(529099, 'Pepperoni Stromboli'),
(529099, 'Pizza Sauce'),
(529099, 'Pork Fajitas Chipotle'),
(529099, 'Raspberry Pound Cake'),
(529099, 'Roasted Yukon Gold Potatoes'),
(529099, 'Sausage Pizza'),
(529099, 'Smoked Hummus'),
(529099, 'Spring Break Salad'),
(529099, 'Strawberry Rhubarb Pie'),
(529099, 'Sun Dried Tomato Pizza'),
(529099, 'Taco Toppings'),
(529099, 'Three Cheese Stromboli'),
(529099, 'Tri-Color Tortilla Chips'),
(529099, 'Tropical Island Wrap'),
(529099, 'Tuna Salad'),
(529099, 'Vegetarian Refried Beans'),
(529099, 'Whole Kernel Corn'),
(529099, 'Yeast Rolls'),
(529099, 'Yellow Rice'),
(529099, 'Yucatecan Chicken'),
(529099, 'Zesty Garden Soup'),
(529193, 'Assorted Donuts'),
(529193, 'Chicken Bacon'),
(529193, 'Cinnamon Twirls'),
(529193, 'Cream of Wheat'),
(529193, 'French Toast'),
(529193, 'Fruit Tray'),
(529193, 'Grapefruit Halves'),
(529193, 'Hard Cooked Eggs'),
(529193, 'Oatmeal'),
(529193, 'Pancake Syrup'),
(529193, 'Scrambled Egg Toppings'),
(529193, 'Scrambled Eggs'),
(529193, 'Tri-tater Potatoes'),
(529193, 'Veggie Sausage Patty'),
(529194, 'Assorted Donuts'),
(529194, 'Biscuits'),
(529194, 'Cheese Grits'),
(529194, 'Coffee Cake'),
(529194, 'Fruit Tray'),
(529194, 'Grapefruit Halves'),
(529194, 'Hard Cooked Eggs'),
(529194, 'Hash Browns'),
(529194, 'Oatmeal'),
(529194, 'Pancake Syrup'),
(529194, 'Sausage Gravy'),
(529194, 'Scrambled Egg Toppings'),
(529194, 'Scrambled Eggs'),
(529194, 'Vegetarian Sausage Gravy'),
(529194, 'Veggie Sausage Patty'),
(529195, 'Assorted Danishes'),
(529195, 'Assorted Donuts'),
(529195, 'Bacon'),
(529195, 'French Toast Sticks'),
(529195, 'Fruit Tray'),
(529195, 'Grapefruit Halves'),
(529195, 'Hard Cooked Eggs'),
(529195, 'Malt-o-Meal'),
(529195, 'Oatmeal'),
(529195, 'Pancake Syrup'),
(529195, 'Scrambled Egg Toppings'),
(529195, 'Scrambled Eggs'),
(529195, 'Southwest Tater Tots'),
(529195, 'Veggie Sausage Patty'),
(529196, 'Assorted Donuts'),
(529196, 'Assorted Muffins'),
(529196, 'Blueberry Pancakes'),
(529196, 'Fruit Tray'),
(529196, 'Grapefruit Halves'),
(529196, 'Grits'),
(529196, 'Hard Cooked Eggs'),
(529196, 'Oatmeal'),
(529196, 'Pancake Syrup'),
(529196, 'Pork Sausage Links'),
(529196, 'Scrambled Egg Toppings'),
(529196, 'Scrambled Eggs'),
(529196, 'Tri-tater Potatoes'),
(529196, 'Veggie Sausage Patty'),
(529197, 'Assorted Danishes'),
(529197, 'Assorted Donuts'),
(529197, 'Fruit Tray'),
(529197, 'Granola Pancakes'),
(529197, 'Grapefruit Halves'),
(529197, 'Grilled Ham'),
(529197, 'Hard Cooked Eggs'),
(529197, 'Malt-o-Meal'),
(529197, 'Oatmeal'),
(529197, 'Pancake Syrup'),
(529197, 'Scrambled Egg Toppings'),
(529197, 'Scrambled Eggs'),
(529197, 'Tater-Tots'),
(529197, 'Veggie Sausage Patty'),
(529198, 'Bottleneck Fries'),
(529198, 'Broccoli Raisin Salad'),
(529198, 'Brownies'),
(529198, 'Capri Blend Vegetables'),
(529198, 'Chocolate Pudding'),
(529198, 'Cocktail Sauce'),
(529198, 'Fruit Tray'),
(529198, 'Hamburger on Bun'),
(529198, 'Honey Chipotle Chicken'),
(529198, 'Hummus'),
(529198, 'Jell-O'),
(529198, 'Miso Soup'),
(529198, 'Pasta Salad with Soy Vinaigrette'),
(529198, 'Popcorn Shrimp'),
(529198, 'Red Pepper and Avocado Wrap'),
(529198, 'Tuna Salad'),
(529198, 'White Chicken Chili'),
(529198, 'White Rice'),
(529199, 'Bulgur, Walnut, Celery & Grape Salad'),
(529199, 'Carrot Rings'),
(529199, 'Chicken Wonton Soup'),
(529199, 'Chocolate Chunk Cookie'),
(529199, 'Cream of Tomato Soup'),
(529199, 'Fruit Tray'),
(529199, 'Grilled Cheese Sandwich'),
(529199, 'Jasmine Rice'),
(529199, 'Jell-O'),
(529199, 'Mongolian Drumsticks'),
(529199, 'Pesto Pasta Salad'),
(529199, 'Seasoned Curly Fries'),
(529199, 'Smoked Turkey Salad'),
(529199, 'Stuffed Portabella Mushroom'),
(529199, 'Sweet & Sour Sauce'),
(529199, 'Sweet and Sour Pork'),
(529199, 'Sweet Potato Hummus'),
(529199, 'Vanilla Pudding'),
(529200, 'Apricot Sweet & Sour Sauce'),
(529200, 'BBQ Sauce'),
(529200, 'Beef Fajitas'),
(529200, 'Beef Vegetable Soup'),
(529200, 'Blondie Bar'),
(529200, 'Caesar Salad'),
(529200, 'Chicken Tenders'),
(529200, 'Chocolate Pudding'),
(529200, 'Fiesta Corn'),
(529200, 'Fruit Tray'),
(529200, 'Grilled Bratwurst with Peppers & Onions'),
(529200, 'Honey Mustard'),
(529200, 'Hummus'),
(529200, 'Jell-O'),
(529200, 'Loaded Baked Potato Salad'),
(529200, 'Navy Bean Soup'),
(529200, 'Seasoned Waffle Fries'),
(529200, 'Taco Toppings'),
(529200, 'Vegan Tacos'),
(529200, 'Vegetarian Spanish Rice'),
(529200, 'Whole Kernel Corn'),
(529201, 'Autumn Fruit & Nut Salad'),
(529201, 'BBQ Pork Sandwich'),
(529201, 'Broccoli Florets'),
(529201, 'Chicken Noodle Soup'),
(529201, 'Crinkle Fries'),
(529201, 'Fruit Tray'),
(529201, 'General Tso''s Chicken'),
(529201, 'Ham Salad'),
(529201, 'Italian Sausage Slider'),
(529201, 'Jell-O'),
(529201, 'Lemon Goat Cheese Hummus'),
(529201, 'Minestrone Soup'),
(529201, 'Vanilla Pudding'),
(529201, 'Vegan Cantonese Almond Chicken'),
(529201, 'White Chocolate Cherry Cookies'),
(529201, 'White Rice'),
(529201, 'Zesty Pasta Bean Salad'),
(529202, 'Basmati Rice'),
(529202, 'Beef Gravy'),
(529202, 'Broccoli Raisin Salad'),
(529202, 'Buffalo Posole'),
(529202, 'Carrot Cake'),
(529202, 'Garlic & Cheddar Biscuit'),
(529202, 'Herb Roasted Sliced Pork Loin'),
(529202, 'Hummus'),
(529202, 'Jell-O'),
(529202, 'Miso Soup'),
(529202, 'Pasta Salad with Soy Vinaigrette'),
(529202, 'Penne with Sundried Tomato & Artichokes'),
(529202, 'Steamed Kyoto Blend Vegetables'),
(529202, 'Tuna Salad'),
(529202, 'Whipped Potatoes'),
(529202, 'White Chicken Chili'),
(529203, 'Apple Pie'),
(529203, 'Beef and Noodles'),
(529203, 'Bulgur, Walnut, Celery & Grape Salad'),
(529203, 'Chicken Wonton Soup'),
(529203, 'Cream of Tomato Soup'),
(529203, 'Fried Chicken'),
(529203, 'Green Beans'),
(529203, 'Jell-O'),
(529203, 'Pesto Pasta Salad'),
(529203, 'Seasoned Chicken Gravy'),
(529203, 'Sister Schubert Rolls'),
(529203, 'Smoked Turkey Salad'),
(529203, 'Southern Green Beans'),
(529203, 'Steamed Long Grain Rice'),
(529203, 'Sweet Potato Hummus'),
(529203, 'Vegetarian Stroganoff'),
(529203, 'Whipped Potatoes'),
(529204, 'Alfredo Sauce'),
(529204, 'Beef Lasagna'),
(529204, 'Beef Vegetable Soup'),
(529204, 'Caesar Salad'),
(529204, 'Chicken Marsala'),
(529204, 'Curried Vegetable Stew'),
(529204, 'Fettuccine'),
(529204, 'Hummus'),
(529204, 'Italian Vegetables'),
(529204, 'Jell-O'),
(529204, 'Key Lime Pie'),
(529204, 'Marinara Sauce'),
(529204, 'Navy Bean Soup'),
(529204, 'Risotto'),
(529204, 'Sliced Garlic Bread'),
(529204, 'Twice Baked Potato Salad'),
(529206, 'Boston Cream Pie'),
(529206, 'Bread Sticks'),
(529206, 'Chicken Salad'),
(529206, 'Fried Catfish Filets'),
(529206, 'Hummus'),
(529206, 'Jell-O'),
(529206, 'Marinated Pork Chop'),
(529206, 'Potato Onion Pierogie w/ Sauteed Veggies'),
(529206, 'Red Roasted Potatoes w/ Rosemary'),
(529206, 'Spinach Salad with Poppy Seed Dressing'),
(529206, 'Steamed Long Grain Rice'),
(529206, 'Steamed Spinach'),
(529206, 'Taco Nacho Bar'),
(529206, 'Zesty Garden Soup'),
(529261, 'Baked Sweet Potato Falafel'),
(529261, 'Basmati Rice'),
(529261, 'BBQ Pork Pizza'),
(529261, 'Broccoli Raisin Salad'),
(529261, 'Cheese Curds'),
(529261, 'Cheese Sticks'),
(529261, 'Chicken Bacon Ranch Pizza'),
(529261, 'Chicken Posole Soup'),
(529261, 'Chicken Salad'),
(529261, 'Corn Dog'),
(529261, 'Gehl''s Cheese Sauce'),
(529261, 'Gyro Sandwich'),
(529261, 'Hummus'),
(529261, 'Marinara Sauce'),
(529261, 'Melon Raita'),
(529261, 'Minestrone Soup'),
(529261, 'Pepperoni Pizza'),
(529261, 'Seafood Salad'),
(529261, 'Seasoned Curly Fries'),
(529261, 'Spelt and Edamame Salad'),
(529261, 'Spinach and Strawberry Salad'),
(529261, 'Spring Vegetable Blend'),
(529261, 'Three Cheese Pizza'),
(529261, 'White and Wild Rice'),
(529268, 'Basmati Rice'),
(529268, 'BBQ Pork Pizza'),
(529268, 'Braised Bok Choy'),
(529268, 'Broccoli Raisin Salad'),
(529268, 'Chana Masala (Curried Chickpeas)'),
(529268, 'Cheese Sticks'),
(529268, 'Chicken Bacon Ranch Pizza'),
(529268, 'Chicken Posole Soup'),
(529268, 'Chicken Salad'),
(529268, 'General Tso''s Chicken'),
(529268, 'Grilled Chicken Breast'),
(529268, 'Hummus'),
(529268, 'Italian Garden Sauce'),
(529268, 'Italian Sausage Sauce'),
(529268, 'Meatballs'),
(529268, 'Minestrone Soup'),
(529268, 'Moroccan Couscous'),
(529268, 'Pasta Shells'),
(529268, 'Pepperoni Pizza'),
(529268, 'Seafood Salad'),
(529268, 'Sliced Garlic Bread'),
(529268, 'Spaghetti'),
(529268, 'Spinach and Strawberry Salad'),
(529268, 'Three Cheese Pizza'),
(529268, 'Vegetable Egg Rolls'),
(529268, 'Vegetarian Fried Rice'),
(529268, 'White and Wild Rice'),
(529268, 'White Rice'),
(529269, 'Basmati Rice'),
(529269, 'Butter Herb Tilapia'),
(529269, 'Cauliflower'),
(529269, 'Chicken Fajitas'),
(529269, 'Chocolate Pudding'),
(529269, 'Corn & Shrimp Chowder'),
(529269, 'Fruit Tray'),
(529269, 'Fudge Brownie'),
(529269, 'Hamburger on Bun'),
(529269, 'Italian Tomato Basil & Pasta Salad'),
(529269, 'Jell-O'),
(529269, 'Pear and Spinach Salad'),
(529269, 'Red Pepper Hummus'),
(529269, 'Roasted Cauliflower'),
(529269, 'Seasoned Curly Fries'),
(529269, 'Spicy Black Bean Burger'),
(529269, 'Vegetable Spread'),
(529269, 'Vegetarian Chili'),
(529270, 'All-Beef Hot Dog'),
(529270, 'Chicago Style Hot Dog Toppings'),
(529270, 'Chocolate Chunk Cookie'),
(529270, 'Cream of Potato Soup'),
(529270, 'French Fried Onion Rings'),
(529270, 'Fruit Tray'),
(529270, 'Grilled Chicken Sandwich'),
(529270, 'Grilled Shrimp and Chipotle Salad'),
(529270, 'Hummus'),
(529270, 'Jell-O'),
(529270, 'Shrimp Quesadilla'),
(529270, 'Smoked Turkey Salad'),
(529270, 'Tofu with Mango Chutney'),
(529270, 'Tom Yum Soup'),
(529270, 'Vanilla Pudding'),
(529270, 'White Rice'),
(529270, 'Zucchini & Tomato Casserole'),
(529271, 'Apple Crisp'),
(529271, 'Bottleneck Fries'),
(529271, 'Capri Blend Vegetables'),
(529271, 'Chocolate Pudding'),
(529271, 'Cornbread'),
(529271, 'Egg Salad'),
(529271, 'French Dip Sandwich'),
(529271, 'Fruit Tray'),
(529271, 'Greek Orzo Pasta Salad'),
(529271, 'Ham and Bean Soup'),
(529271, 'Jasmine Rice'),
(529271, 'Jell-O'),
(529271, 'Lemon Goat Cheese Hummus'),
(529271, 'Shrimp & Vegetable Stir Fry'),
(529271, 'Southwest Caesar Salad'),
(529271, 'Squash Soup with Apple Confit'),
(529271, 'Turkey Burger'),
(529271, 'Zucchini Quinoa Lasagna'),
(529272, 'Basmati Rice'),
(529272, 'Beef Bulgogi'),
(529272, 'California Medley Soup'),
(529272, 'Candy Cookie'),
(529272, 'Corn Dog'),
(529272, 'French Onion Soup'),
(529272, 'Fruit & Nut Chicken Salad'),
(529272, 'Fruit Tray'),
(529272, 'Green Beans'),
(529272, 'Hummus'),
(529272, 'Jell-O'),
(529272, 'Macaroni & Cheese'),
(529272, 'Soul''s Potato Salad'),
(529272, 'Steak Fries'),
(529272, 'Sweet and Sour Chicken'),
(529272, 'Vanilla Pudding'),
(529272, 'When Grapes Get the Bleus Salad'),
(529273, 'Boneless Buffalo Chicken Wings'),
(529273, 'Breaded Tilapia'),
(529273, 'Broccoli Florets'),
(529273, 'Brown Rice'),
(529273, 'Chocolate Pudding'),
(529273, 'Confetti Pasta Salad'),
(529273, 'Fruit Tray'),
(529273, 'Grilled Cheddar on Wheat Berry'),
(529273, 'Jell-O'),
(529273, 'New England Clam Chowder'),
(529273, 'Raspberry Bars'),
(529273, 'Seasoned Waffle Fries'),
(529273, 'Sweet Potato Hummus'),
(529273, 'Tomato Soup'),
(529273, 'Tuna Salad'),
(529273, 'Vegan Chicken Sukiyaki'),
(529273, 'Vinaigrette Cole Slaw'),
(529274, 'Basmati Rice'),
(529274, 'Beef Stew'),
(529274, 'Chicken Gumbo with Andouille Sausage'),
(529274, 'Cocktail Sauce'),
(529274, 'Crab Salad'),
(529274, 'Dang Cold Noodle Salad'),
(529274, 'Fantail Shrimp'),
(529274, 'Fettuccine'),
(529274, 'French Dinner Roll'),
(529274, 'Gnocchi with Gorgonzola Sauce'),
(529274, 'Green Beans'),
(529274, 'Hummus'),
(529274, 'Italian Meat Sauce'),
(529274, 'Jell-O'),
(529274, 'Marinara Sauce'),
(529274, 'Minestrone Soup'),
(529274, 'Ranch Egg Salad'),
(529275, 'Alfredo Sauce'),
(529275, 'Asparagus Spears'),
(529275, 'Carrot Cake'),
(529275, 'Corn & Shrimp Chowder'),
(529275, 'Farfalle Pasta'),
(529275, 'Garlic & Cheddar Biscuit'),
(529275, 'Honey Dijon Chicken'),
(529275, 'Italian Tomato Basil & Pasta Salad'),
(529275, 'Jasmine Rice'),
(529275, 'Jell-O'),
(529275, 'London Broil'),
(529275, 'Marinara Sauce'),
(529275, 'Pear and Spinach Salad'),
(529275, 'Red Pepper Hummus'),
(529275, 'Red Roasted Potatoes w/ Rosemary'),
(529275, 'Southern Style Tofu'),
(529275, 'Vegetable Spread'),
(529275, 'Vegetarian Chili'),
(529276, 'Beef Gravy'),
(529276, 'Biscuits'),
(529276, 'Breaded Cheese Ravioli'),
(529276, 'California Blend Vegetables'),
(529276, 'Chicken Ramen Broth'),
(529276, 'Egg Salad'),
(529276, 'Garlic Whipped Potatoes'),
(529276, 'Greek Orzo Pasta Salad'),
(529276, 'Ham and Bean Soup'),
(529276, 'Jell-O'),
(529276, 'Lemon Goat Cheese Hummus'),
(529276, 'Marinara Sauce'),
(529276, 'Meatloaf'),
(529276, 'Pound Cake with Berries'),
(529276, 'Roasted Cornish Hens'),
(529276, 'Soup Ramen Condiments'),
(529276, 'Southwest Caesar Salad'),
(529276, 'Squash Soup with Apple Confit'),
(529276, 'Vegetable Ramen Broth'),
(529276, 'White Rice'),
(529290, 'Banana'),
(529290, 'Grapefruit Halves'),
(529290, 'Hard Cooked Eggs'),
(529290, 'Honeydew Wedges'),
(529321, 'Assorted Donuts'),
(529321, 'Chicken Bacon'),
(529321, 'Cinnamon Twirls'),
(529321, 'Cream of Wheat'),
(529321, 'French Toast'),
(529321, 'Fruit Tray'),
(529321, 'Grapefruit Halves'),
(529321, 'Hard Cooked Eggs'),
(529321, 'Oatmeal'),
(529321, 'Pancake Syrup'),
(529321, 'Scrambled Egg Toppings'),
(529321, 'Scrambled Eggs'),
(529321, 'Tri-tater Potatoes'),
(529321, 'Veggie Sausage Patty'),
(529321, 'Yogurt Bar'),
(529322, 'Assorted Donuts'),
(529322, 'Biscuits'),
(529322, 'Cheese Grits'),
(529322, 'Coffee Cake'),
(529322, 'Fruit Tray'),
(529322, 'Grapefruit Halves'),
(529322, 'Hard Cooked Eggs'),
(529322, 'Hash Browns'),
(529322, 'Oatmeal'),
(529322, 'Sausage Gravy'),
(529322, 'Scrambled Egg Toppings'),
(529322, 'Scrambled Eggs'),
(529322, 'Vegetarian Sausage Gravy'),
(529322, 'Yogurt Bar'),
(529323, 'Assorted Danishes'),
(529323, 'Assorted Donuts'),
(529323, 'Bacon'),
(529323, 'French Toast Sticks'),
(529323, 'Fruit Tray'),
(529323, 'Grapefruit Halves'),
(529323, 'Hard Cooked Eggs'),
(529323, 'Malt-o-Meal'),
(529323, 'Oatmeal'),
(529323, 'Pancake Syrup'),
(529323, 'Scrambled Egg Toppings'),
(529323, 'Scrambled Eggs'),
(529323, 'Southwest Tater Tots'),
(529323, 'Veggie Sausage Patty'),
(529323, 'Yogurt Bar'),
(529324, 'Assorted Donuts'),
(529324, 'Assorted Muffins'),
(529324, 'Blueberry Pancakes'),
(529324, 'Fruit Tray'),
(529324, 'Grapefruit Halves'),
(529324, 'Grits'),
(529324, 'Hard Cooked Eggs'),
(529324, 'Oatmeal'),
(529324, 'Pancake Syrup'),
(529324, 'Pork Sausage Links'),
(529324, 'Scrambled Egg Toppings'),
(529324, 'Scrambled Eggs'),
(529324, 'Tri-tater Potatoes'),
(529324, 'Veggie Sausage Patty'),
(529324, 'Yogurt Bar'),
(529325, 'Assorted Danishes'),
(529325, 'Assorted Donuts'),
(529325, 'Chocolate Malt-o-Meal'),
(529325, 'Fruit Tray'),
(529325, 'Granola Pancakes'),
(529325, 'Grapefruit Halves'),
(529325, 'Grilled Ham'),
(529325, 'Hard Cooked Eggs'),
(529325, 'Oatmeal'),
(529325, 'Pancake Syrup'),
(529325, 'Scrambled Egg Toppings'),
(529325, 'Scrambled Eggs'),
(529325, 'Tater-Tots'),
(529325, 'Veggie Sausage Patty'),
(529325, 'Yogurt Bar'),
(529326, 'Assorted Donuts'),
(529326, 'Assorted Muffins'),
(529326, 'Fruit Tray'),
(529326, 'Grapefruit Halves'),
(529326, 'Yogurt Bar'),
(529327, 'Assorted Danishes'),
(529327, 'Boneless Carving Leg of Lamb '),
(529327, 'Broccoli Cheese Soup'),
(529327, 'Buttermilk Pancakes'),
(529327, 'Chicken Tortilla Soup'),
(529327, 'Fruit Tray'),
(529327, 'Hash Brown Patty'),
(529327, 'Jell-O'),
(529327, 'Macaroni Salad'),
(529327, 'Mint Pesto Sauce'),
(529327, 'Pancake Syrup'),
(529327, 'Peas and Carrots'),
(529327, 'Pork Sausage Patties'),
(529327, 'Red Pepper Hummus'),
(529327, 'Scrambled Egg Toppings'),
(529327, 'Scrambled Eggs'),
(529327, 'Shrimp'),
(529327, 'Southwest Vegetable Salad'),
(529327, 'Vanilla Pudding'),
(529327, 'Vegetarian Quiche Lorraine '),
(529327, 'Veggie Sausage Patty'),
(529327, 'White Rice'),
(529328, 'Bottleneck Fries'),
(529328, 'Broccoli Raisin Salad'),
(529328, 'Brownies'),
(529328, 'Capri Blend Vegetables'),
(529328, 'Chocolate Pudding'),
(529328, 'Cocktail Sauce'),
(529328, 'Fruit Tray'),
(529328, 'Hamburger on Bun'),
(529328, 'Honey Chipotle Chicken'),
(529328, 'Hummus'),
(529328, 'Jell-O'),
(529328, 'Miso Soup'),
(529328, 'Pasta Salad with Soy Vinaigrette'),
(529328, 'Popcorn Shrimp'),
(529328, 'Red Pepper and Avocado Wrap'),
(529328, 'Tuna Salad'),
(529328, 'White Chicken Chili'),
(529328, 'White Rice'),
(529329, 'Bi Bim Bap Pickled Cucumber'),
(529329, 'Bi Bim Bap Pickled Daikon'),
(529329, 'Bi Bim Bap Poached Bean Sprouts'),
(529329, 'Bi Bim Bap Poached Zucchini'),
(529329, 'Bi Bim Bap Rice'),
(529329, 'Bi Bim Bap Sauteed Mushrooms'),
(529329, 'Bulgur, Walnut, Celery & Grape Salad'),
(529329, 'Carrot Rings'),
(529329, 'Chicken Wonton Soup'),
(529329, 'Chocolate Chunk Cookie'),
(529329, 'Cream of Tomato Soup'),
(529329, 'Fruit Tray'),
(529329, 'Grilled Cheese Sandwich'),
(529329, 'Jasmine Rice'),
(529329, 'Jell-O'),
(529329, 'Mongolian Drumsticks'),
(529329, 'Pesto Pasta Salad'),
(529329, 'Seasoned Curly Fries'),
(529329, 'Smoked Turkey Salad'),
(529329, 'Stuffed Portabella Mushroom'),
(529329, 'Sweet and Sour Pork'),
(529329, 'Sweet Potato Hummus'),
(529329, 'Vanilla Pudding'),
(529330, 'Apricot Sweet & Sour Sauce'),
(529330, 'BBQ Sauce'),
(529330, 'Beef Fajitas'),
(529330, 'Beef Vegetable Soup'),
(529330, 'Blondie Bar'),
(529330, 'Caesar Salad'),
(529330, 'Chicken Tenders'),
(529330, 'Chocolate Pudding'),
(529330, 'Fiesta Corn'),
(529330, 'Fruit Tray'),
(529330, 'Grilled Bratwurst with Peppers & Onions'),
(529330, 'Honey Mustard'),
(529330, 'Hummus'),
(529330, 'Jell-O'),
(529330, 'Loaded Baked Potato Salad'),
(529330, 'Navy Bean Soup'),
(529330, 'Seasoned Waffle Fries'),
(529330, 'Taco Toppings'),
(529330, 'Vegan Tacos'),
(529330, 'Vegetarian Spanish Rice'),
(529330, 'Whole Kernel Corn'),
(529331, 'Autumn Fruit & Nut Salad'),
(529331, 'BBQ Pork Sandwich'),
(529331, 'Bi Bim Bap Pickled Cucumber'),
(529331, 'Bi Bim Bap Pickled Daikon'),
(529331, 'Bi Bim Bap Poached Bean Sprouts'),
(529331, 'Bi Bim Bap Poached Zucchini'),
(529331, 'Bi Bim Bap Rice'),
(529331, 'Bi Bim Bap Sauteed Mushrooms'),
(529331, 'Broccoli Florets'),
(529331, 'Chicken Noodle Soup'),
(529331, 'Crinkle Fries'),
(529331, 'Fruit Tray'),
(529331, 'General Tso''s Chicken'),
(529331, 'Ham Salad'),
(529331, 'Italian Sausage Slider'),
(529331, 'Jell-O'),
(529331, 'Lemon Goat Cheese Hummus'),
(529331, 'Minestrone Soup'),
(529331, 'Vanilla Pudding'),
(529331, 'Vegan Cantonese Almond Chicken'),
(529331, 'White Chocolate Cherry Cookies'),
(529331, 'White Rice'),
(529331, 'Zesty Pasta Bean Salad'),
(529332, 'BBQ Chicken Pizza'),
(529332, 'Brown Rice Pilaf'),
(529332, 'California Blend Vegetables'),
(529332, 'Chicken Salad'),
(529332, 'Chocolate Pudding'),
(529332, 'Creamy Herb Coleslaw'),
(529332, 'Four Cheese Pizza'),
(529332, 'Fresh Potato Chips'),
(529332, 'Fruit Tray'),
(529332, 'Hummus'),
(529332, 'Jell-O'),
(529332, 'New England Clam Chowder'),
(529332, 'Philly Cheese Steak Sandwich'),
(529332, 'Rice Krispie Treats'),
(529332, 'Seadog Sandwich'),
(529332, 'Spinach Salad with Poppy Seed Dressing'),
(529332, 'Zesty Garden Soup'),
(529333, 'Beef Fusilli Cheddar Bake'),
(529333, 'Breaded Chicken Patty Sandwich'),
(529333, 'California Medley Soup'),
(529333, 'Chili'),
(529333, 'Chili Dog'),
(529333, 'Eggplant Hummus'),
(529333, 'Fruit Tray'),
(529333, 'Gardenburger Sandwich'),
(529333, 'Jasmine Rice'),
(529333, 'Jell-O'),
(529333, 'Oatmeal Cookie'),
(529333, 'Seafood Salad'),
(529333, 'Spring Vegetable Blend'),
(529333, 'Steak Fries'),
(529333, 'Tex Mex Quinoa'),
(529333, 'Vanilla Pudding'),
(529333, 'Vegetable Spread'),
(529335, 'Basmati Rice'),
(529335, 'Broccoli Raisin Salad'),
(529335, 'Buffalo Posole'),
(529335, 'Carrot Cake'),
(529335, 'Chicken Gravy'),
(529335, 'Garlic & Cheddar Biscuit'),
(529335, 'Herb Roasted Sliced Pork Loin'),
(529335, 'Hummus'),
(529335, 'Jell-O'),
(529335, 'Miso Soup'),
(529335, 'Pasta Salad with Soy Vinaigrette'),
(529335, 'Penne with Sundried Tomato & Artichokes'),
(529335, 'Steamed Kyoto Blend Vegetables'),
(529335, 'Tuna Salad'),
(529335, 'Whipped Potatoes'),
(529335, 'White Chicken Chili'),
(529336, 'Apple Pie'),
(529336, 'Beef and Noodles'),
(529336, 'Beef Gravy'),
(529336, 'Bulgur, Walnut, Celery & Grape Salad'),
(529336, 'Chicken Wonton Soup'),
(529336, 'Cream of Tomato Soup'),
(529336, 'Fried Chicken'),
(529336, 'Green Beans'),
(529336, 'Jell-O'),
(529336, 'Pesto Pasta Salad'),
(529336, 'Sister Schubert Rolls'),
(529336, 'Smoked Turkey Salad'),
(529336, 'Southern Green Beans'),
(529336, 'Steamed Long Grain Rice'),
(529336, 'Sweet Potato Hummus'),
(529336, 'Vegetarian Stroganoff'),
(529336, 'Whipped Potatoes'),
(529338, 'Asian Chicken with Sesame Orange Sauce'),
(529338, 'Asian Garlic Chili Sauce'),
(529338, 'Assorted Dinner Rolls'),
(529338, 'Beef Veg Stir Fry'),
(529338, 'Braised Bok Choy'),
(529338, 'California Blend Vegetables'),
(529338, 'Chili'),
(529338, 'Crispy Vegetable Potstickers'),
(529338, 'Eggplant Hummus'),
(529338, 'Fried Chicken Wontons'),
(529338, 'Jell-O'),
(529338, 'Lemon Mist Cake'),
(529338, 'Marinara Sauce'),
(529338, 'Oodles Dipping Sauce'),
(529338, 'Penne Pasta'),
(529338, 'Puttanesca Sauce'),
(529338, 'Seafood Salad'),
(529338, 'Teriyaki Sauce'),
(529338, 'Tex Mex Quinoa'),
(529338, 'Vegetable Spread'),
(529338, 'Vegetarian Fried Rice'),
(529338, 'White Rice'),
(529348, 'Black Eye Pea Soup w/ Sweet Potato'),
(529348, 'Brisket BBQ'),
(529348, 'French Fried Onion Rings'),
(529348, 'Gardenburger Sandwich'),
(529348, 'Italian Wedding Soup'),
(529348, 'Pita Bread'),
(529348, 'Zucchini & Tomato Casserole'),
(529354, 'Beef Thai Satay'),
(529354, 'Black Eye Pea Soup w/ Sweet Potato'),
(529354, 'Cilantro Mint Chutney'),
(529354, 'Italian Wedding Soup'),
(529354, 'Red Bean Buns'),
(529354, 'Thai Sticky Rice'),
(529354, 'Vegan Chicken Bang Bang'),
(529359, 'Assorted Danishes'),
(529359, 'Assorted Donuts'),
(529359, 'Fruit Tray'),
(529359, 'Hard Cooked Eggs'),
(529359, 'Waffle Bar'),
(529359, 'Yogurt Bar'),
(529360, 'Assorted Donuts'),
(529360, 'Assorted Muffins'),
(529360, 'Biscuits'),
(529360, 'Country Fried Steak Slider with Biscuit'),
(529360, 'Fruit Tray'),
(529360, 'Grapefruit Halves'),
(529360, 'Grits'),
(529360, 'Hard Cooked Eggs'),
(529360, 'Hash Browns'),
(529360, 'Oatmeal'),
(529360, 'Pepper Gravy'),
(529360, 'Scrambled Egg Toppings'),
(529360, 'Scrambled Eggs'),
(529360, 'Vegetarian Sausage Gravy'),
(529360, 'Veggie Sausage Patty'),
(529360, 'Yogurt Bar'),
(529361, 'Assorted Danishes'),
(529361, 'Assorted Donuts'),
(529361, 'Bacon'),
(529361, 'Blueberry Pancakes'),
(529361, 'Fruit Tray'),
(529361, 'Grapefruit Halves'),
(529361, 'Hard Cooked Eggs'),
(529361, 'Hash Brown Patty'),
(529361, 'Malt-o-Meal'),
(529361, 'Oatmeal'),
(529361, 'Pancake Syrup'),
(529361, 'Scrambled Egg Toppings'),
(529361, 'Scrambled Eggs'),
(529361, 'Veggie Sausage Patty'),
(529361, 'Yogurt Bar'),
(529362, 'Assorted Donuts'),
(529362, 'Cheese Grits'),
(529362, 'French Toast'),
(529362, 'Fruit Tray'),
(529362, 'Grapefruit Halves'),
(529362, 'Hard Cooked Eggs'),
(529362, 'Oatmeal'),
(529362, 'Pork Sausage Patties'),
(529362, 'Scones'),
(529362, 'Scrambled Egg Toppings'),
(529362, 'Scrambled Eggs'),
(529362, 'Tri-tater Potatoes'),
(529362, 'Veggie Sausage Patty'),
(529362, 'Yogurt Bar'),
(529363, 'Assorted Donuts'),
(529363, 'Assorted Muffins'),
(529363, 'Buttermilk Pancakes'),
(529363, 'Fruit Tray'),
(529363, 'Grapefruit Halves'),
(529363, 'Hard Cooked Eggs'),
(529363, 'Hash Brown Patty'),
(529363, 'Malt-o-Meal'),
(529363, 'Oatmeal'),
(529363, 'Pancake Syrup'),
(529363, 'Pork Sausage Links'),
(529363, 'Scrambled Egg Toppings'),
(529363, 'Scrambled Eggs'),
(529363, 'Veggie Sausage Patty'),
(529363, 'Yogurt Bar'),
(529364, 'Assorted Donuts'),
(529364, 'Captain Crunch French Toast'),
(529364, 'Cinnamon Twirls'),
(529364, 'Cream of Wheat'),
(529364, 'Fruit Tray'),
(529364, 'Grapefruit Halves'),
(529364, 'Hard Cooked Eggs'),
(529364, 'Oatmeal'),
(529364, 'Scrambled Egg Toppings'),
(529364, 'Scrambled Eggs'),
(529364, 'Southwest Tater Tots'),
(529364, 'Turkey Sausage Patty');
INSERT INTO `menus_have_food_items` (`menus_id`, `food_name`) VALUES
(529364, 'Veggie Sausage Patty'),
(529364, 'Yogurt Bar'),
(529365, 'Assorted Danishes'),
(529365, 'Assorted Donuts'),
(529365, 'Fruit Tray'),
(529365, 'Grapefruit Halves'),
(529365, 'Yogurt Bar'),
(529366, 'Assorted Danishes'),
(529366, 'Beef Sirloin Roast'),
(529366, 'Biscuits'),
(529366, 'Chicken Gumbo with Andouille Sausage'),
(529366, 'Crab Salad'),
(529366, 'Dang Cold Noodle Salad'),
(529366, 'Fruit Tray'),
(529366, 'Hash Browns'),
(529366, 'Hummus'),
(529366, 'Jell-O'),
(529366, 'Minestrone Soup'),
(529366, 'Ranch Egg Salad'),
(529366, 'Sausage Gravy'),
(529366, 'Scrambled Egg Toppings'),
(529366, 'Scrambled Eggs'),
(529366, 'Smoked Salmon, Cream Cheese, Onion'),
(529366, 'Spring Vegetable Blend'),
(529366, 'Three Cheese, Potato, and Spinach Bake'),
(529366, 'Vanilla Pudding'),
(529366, 'Veggie Sausage Patty'),
(529366, 'White Rice'),
(529367, 'Basmati Rice'),
(529367, 'Butter Herb Tilapia'),
(529367, 'Cauliflower'),
(529367, 'Chicken Fajitas'),
(529367, 'Chocolate Pudding'),
(529367, 'Corn & Shrimp Chowder'),
(529367, 'Fruit Tray'),
(529367, 'Fudge Brownie'),
(529367, 'Hamburger on Bun'),
(529367, 'Italian Tomato Basil & Pasta Salad'),
(529367, 'Jell-O'),
(529367, 'Pear and Spinach Salad'),
(529367, 'Red Pepper Hummus'),
(529367, 'Roasted Cauliflower'),
(529367, 'Seasoned Curly Fries'),
(529367, 'Spicy Black Bean Burger'),
(529367, 'Vegetable Spread'),
(529367, 'Vegetarian Chili'),
(529368, 'All-Beef Hot Dog'),
(529368, 'Chicago Style Hot Dog Toppings'),
(529368, 'Chocolate Chunk Cookie'),
(529368, 'Cream of Potato Soup'),
(529368, 'French Fried Onion Rings'),
(529368, 'Fruit Tray'),
(529368, 'Grilled Chicken Sandwich'),
(529368, 'Grilled Shrimp and Chipotle Salad'),
(529368, 'Hummus'),
(529368, 'Jell-O'),
(529368, 'Pesto Powerhouse Salad'),
(529368, 'Shrimp Quesadilla'),
(529368, 'Smoked Turkey Salad'),
(529368, 'Tofu with Mango Chutney'),
(529368, 'Tom Yum Soup'),
(529368, 'Vanilla Pudding'),
(529368, 'White Rice'),
(529368, 'Zucchini & Tomato Casserole'),
(529369, 'Apple Crisp'),
(529369, 'Bottleneck Fries'),
(529369, 'Capri Blend Vegetables'),
(529369, 'Chocolate Pudding'),
(529369, 'Cornbread'),
(529369, 'Egg Salad'),
(529369, 'French Dip Sandwich'),
(529369, 'Fruit Tray'),
(529369, 'Greek Orzo Pasta Salad'),
(529369, 'Ham and Bean Soup'),
(529369, 'Jasmine Rice'),
(529369, 'Jell-O'),
(529369, 'Lemon Goat Cheese Hummus'),
(529369, 'Shrimp & Vegetable Stir Fry'),
(529369, 'Southwest Caesar Salad'),
(529369, 'Squash Soup with Apple Confit'),
(529369, 'Turkey Burger'),
(529369, 'Zucchini Quinoa Lasagna'),
(529370, 'Basmati Rice'),
(529370, 'Beef Bulgogi'),
(529370, 'California Medley Soup'),
(529370, 'Candy Cookie'),
(529370, 'Corn Dog'),
(529370, 'French Onion Soup'),
(529370, 'Fruit & Nut Chicken Salad'),
(529370, 'Fruit Tray'),
(529370, 'Green Beans'),
(529370, 'Hummus'),
(529370, 'Jell-O'),
(529370, 'Macaroni & Cheese'),
(529370, 'Soul''s Potato Salad'),
(529370, 'Steak Fries'),
(529370, 'Sweet and Sour Chicken'),
(529370, 'Vanilla Pudding'),
(529370, 'When Grapes Get the Bleus Salad'),
(529371, 'Boneless Buffalo Chicken Wings'),
(529371, 'Breaded Tilapia'),
(529371, 'Broccoli Florets'),
(529371, 'Brown Rice'),
(529371, 'Chocolate Pudding'),
(529371, 'Confetti Pasta Salad'),
(529371, 'Fruit Tray'),
(529371, 'Grilled Cheddar on Wheat Berry'),
(529371, 'Jell-O'),
(529371, 'New England Clam Chowder'),
(529371, 'Raspberry Bars'),
(529371, 'Seasoned Waffle Fries'),
(529371, 'Sweet Potato Hummus'),
(529371, 'Tomato Soup'),
(529371, 'Tuna Salad'),
(529371, 'Vegan Chicken Sukiyaki'),
(529371, 'Vinaigrette Cole Slaw'),
(529372, 'Baby Carrots'),
(529372, 'Bacon'),
(529372, 'BLT Wrap'),
(529372, 'Broccoli, Chickpea and Millet Salad'),
(529372, 'Chicken Dumpling Soup'),
(529372, 'Chicken Salad'),
(529372, 'Chickpea & Tomato Soup'),
(529372, 'Crinkle Fries'),
(529372, 'Double Fudge Cookie'),
(529372, 'Fruit Tray'),
(529372, 'Giant Hamburger On Bun'),
(529372, 'Hummus'),
(529372, 'Jell-O'),
(529372, 'Mediterranean Couscous'),
(529372, 'Sautéed Mushrooms'),
(529372, 'Sautéed Onions'),
(529372, 'Shrimp Creole'),
(529372, 'Vanilla Pudding'),
(529372, 'Vegetarian Burrito Casserole'),
(529372, 'White Rice'),
(529373, 'Basmati Rice'),
(529373, 'Beef Stew'),
(529373, 'Chicken Gumbo with Andouille Sausage'),
(529373, 'Cocktail Sauce'),
(529373, 'Crab Salad'),
(529373, 'Dang Cold Noodle Salad'),
(529373, 'Fantail Shrimp'),
(529373, 'Fettuccine'),
(529373, 'French Dinner Roll'),
(529373, 'Gnocchi with Gorgonzola Sauce'),
(529373, 'Green Beans'),
(529373, 'Hummus'),
(529373, 'Italian Meat Sauce'),
(529373, 'Jell-O'),
(529373, 'Marinara Sauce'),
(529373, 'Minestrone Soup'),
(529373, 'Ranch Egg Salad'),
(529373, 'Toasted Marshmallow and Chocolate Bar'),
(529374, 'Alfredo Sauce'),
(529374, 'Asparagus Spears'),
(529374, 'Carrot Cake'),
(529374, 'Corn & Shrimp Chowder'),
(529374, 'Farfalle Pasta'),
(529374, 'Garlic & Cheddar Biscuit'),
(529374, 'Honey Dijon Chicken'),
(529374, 'Italian Tomato Basil & Pasta Salad'),
(529374, 'Jasmine Rice'),
(529374, 'Jell-O'),
(529374, 'London Broil'),
(529374, 'Marinara Sauce'),
(529374, 'Pear and Spinach Salad'),
(529374, 'Red Pepper Hummus'),
(529374, 'Red Roasted Potatoes w/ Rosemary'),
(529374, 'Southern Style Tofu'),
(529374, 'Vegetable Spread'),
(529374, 'Vegetarian Chili'),
(529375, 'Assorted Caramel & Chocolate Cheesecakes'),
(529375, 'Brazilian Salmon'),
(529375, 'Cream of Potato Soup'),
(529375, 'Creamy Pesto Sauce'),
(529375, 'Grilled Shrimp and Chipotle Salad'),
(529375, 'Hummus'),
(529375, 'Jell-O'),
(529375, 'Marinara Sauce'),
(529375, 'Pesto Powerhouse Salad'),
(529375, 'Polynesian Chicken'),
(529375, 'Roasted Root Vegetable'),
(529375, 'Sister Schubert Rolls'),
(529375, 'Smoked Turkey Salad'),
(529375, 'Spaghetti'),
(529375, 'Spinach Lasagna'),
(529375, 'Tom Yum Soup'),
(529375, 'White Rice'),
(529377, 'Assorted Dinner Rolls'),
(529377, 'Basmati Rice'),
(529377, 'Chocolate Pudding'),
(529377, 'Confetti Pasta Salad'),
(529377, 'Fish Tacos'),
(529377, 'Ice Cream Hand Dipped'),
(529377, 'Ice Cream Sundae Bar'),
(529377, 'Jell-O'),
(529377, 'Madras Curry Tofu'),
(529377, 'New England Clam Chowder'),
(529377, 'Peas'),
(529377, 'Sweet Potato Fries'),
(529377, 'Sweet Potato Hummus'),
(529377, 'Tomato Soup'),
(529377, 'Tuna Salad'),
(529377, 'Turkey Pot Pie'),
(529377, 'Vinaigrette Cole Slaw'),
(529378, 'Broccoli, Chickpea and Millet Salad'),
(529378, 'Cheese Ravioli'),
(529378, 'Chicken Dumpling Soup'),
(529378, 'Chicken Giardiniera'),
(529378, 'Chicken Salad'),
(529378, 'Chickpea & Tomato Soup'),
(529378, 'Green Beans'),
(529378, 'Hummus'),
(529378, 'Italian Sausage Sauce'),
(529378, 'Jell-O'),
(529378, 'Linguine Pasta'),
(529378, 'Marinara Sauce'),
(529378, 'Meatball Sub Sandwich'),
(529378, 'Mediterranean Couscous'),
(529378, 'Sliced Garlic Bread'),
(529378, 'Stuffed Portabella Mushroom'),
(529378, 'White Rice'),
(529452, 'Assorted Danishes'),
(529452, 'Assorted Donuts'),
(529452, 'Fruit Tray'),
(529452, 'Hard Cooked Eggs'),
(529452, 'Waffle Bar'),
(529452, 'Yogurt Bar'),
(529453, 'Assorted Donuts'),
(529453, 'Cinnamon Twirls'),
(529453, 'Cream of Wheat'),
(529453, 'French Toast'),
(529453, 'Grapefruit Halves'),
(529453, 'Hard Cooked Eggs'),
(529453, 'Oatmeal'),
(529453, 'Pancake Syrup'),
(529453, 'Scrambled Egg Toppings'),
(529453, 'Scrambled Eggs'),
(529453, 'Tri-tater Potatoes'),
(529453, 'Veggie Sausage Patty'),
(529453, 'Yogurt Bar'),
(529454, 'Assorted Donuts'),
(529454, 'Biscuits'),
(529454, 'Cheese Grits'),
(529454, 'Coffee Cake'),
(529454, 'Fruit Tray'),
(529454, 'Grapefruit Halves'),
(529454, 'Hard Cooked Eggs'),
(529454, 'Hash Browns'),
(529454, 'Oatmeal'),
(529454, 'Sausage Gravy'),
(529454, 'Scrambled Egg Toppings'),
(529454, 'Scrambled Eggs'),
(529454, 'Vegetarian Sausage Gravy'),
(529454, 'Veggie Sausage Patty'),
(529454, 'Yogurt Bar'),
(529455, 'Assorted Donuts'),
(529455, 'Bacon'),
(529455, 'French Toast Sticks'),
(529455, 'Fruit Tray'),
(529455, 'Grapefruit Halves'),
(529455, 'Hard Cooked Eggs'),
(529455, 'Hash Brown Patty'),
(529455, 'Malt-o-Meal'),
(529455, 'Oatmeal'),
(529455, 'Pancake Syrup'),
(529455, 'Scrambled Egg Toppings'),
(529455, 'Scrambled Eggs'),
(529455, 'Veggie Sausage Patty'),
(529455, 'Waffle Bar'),
(529455, 'Yogurt Bar'),
(529456, 'Assorted Donuts'),
(529456, 'Blueberry Pancakes'),
(529456, 'Fruit Tray'),
(529456, 'Grapefruit Halves'),
(529456, 'Grits'),
(529456, 'Hard Cooked Eggs'),
(529456, 'Oatmeal'),
(529456, 'Pancake Syrup'),
(529456, 'Pork Sausage Links'),
(529456, 'Scrambled Egg Toppings'),
(529456, 'Scrambled Eggs'),
(529456, 'Tri-tater Potatoes'),
(529456, 'Veggie Sausage Patty'),
(529456, 'Waffle Bar'),
(529456, 'Yogurt Bar'),
(529457, 'Assorted Donuts'),
(529457, 'Assorted Muffins'),
(529457, 'Biscuits'),
(529457, 'Chocolate Malt-o-Meal'),
(529457, 'Corned Beef Hash'),
(529457, 'Fruit Tray'),
(529457, 'Grapefruit Halves'),
(529457, 'Hard Cooked Eggs'),
(529457, 'Hash Browns'),
(529457, 'Oatmeal'),
(529457, 'Scrambled Egg Toppings'),
(529457, 'Scrambled Eggs'),
(529457, 'Vegetarian Sausage Gravy'),
(529457, 'Veggie Sausage Patty'),
(529457, 'Yogurt Bar'),
(529458, 'Assorted Danishes'),
(529458, 'Assorted Donuts'),
(529458, 'Fruit Tray'),
(529458, 'Grapefruit Halves'),
(529458, 'Yogurt Bar'),
(529488, 'Alfredo Sauce'),
(529488, 'Autumn Fruit & Nut Salad'),
(529488, 'Baked Sweet Potato'),
(529488, 'Beef Gravy'),
(529488, 'Beef Sirloin Roast'),
(529488, 'Biscuits'),
(529488, 'Chicken Noodle Soup'),
(529488, 'German Chocolate Cake'),
(529488, 'Ham Salad'),
(529488, 'Italian Meat Sauce'),
(529488, 'Jasmine Rice'),
(529488, 'Jell-O'),
(529488, 'Lemon Goat Cheese Hummus'),
(529488, 'Linguine Pasta'),
(529488, 'Minestrone Soup'),
(529488, 'Salmon with Julienne Vegetables'),
(529488, 'Sugar Snap Peas & Carrots w/ Ginger'),
(529488, 'Vegetable Pot Pie'),
(529488, 'Zesty Pasta Bean Salad'),
(529490, 'Alfredo Sauce'),
(529490, 'Autumn Fruit & Nut Salad'),
(529490, 'Baked Sweet Potato'),
(529490, 'Beef Gravy'),
(529490, 'Beef Sirloin Roast'),
(529490, 'Biscuits'),
(529490, 'Chicken Noodle Soup'),
(529490, 'German Chocolate Cake'),
(529490, 'Ham Salad'),
(529490, 'Italian Meat Sauce'),
(529490, 'Jasmine Rice'),
(529490, 'Jell-O'),
(529490, 'Lemon Goat Cheese Hummus'),
(529490, 'Linguine Pasta'),
(529490, 'Minestrone Soup'),
(529490, 'Salmon with Julienne Vegetables'),
(529490, 'Sugar Snap Peas & Carrots w/ Ginger'),
(529490, 'Vegetable Pot Pie'),
(529490, 'Zesty Pasta Bean Salad'),
(529492, 'Alfredo Sauce'),
(529492, 'Baked Sweet Potato'),
(529492, 'Bread Sticks'),
(529492, 'California Medley Soup'),
(529492, 'Creamy Polenta with Mushrooms'),
(529492, 'French Onion Soup'),
(529492, 'Fruit & Nut Chicken Salad'),
(529492, 'Herb Grilled Chicken'),
(529492, 'Hummus'),
(529492, 'Italian Garden Sauce'),
(529492, 'Jell-O'),
(529492, 'Pistachio Stuffed Leg of Lamb'),
(529492, 'Sauteed Squash Medley'),
(529492, 'Soul''s Potato Salad'),
(529492, 'Tri-Color Rotini'),
(529492, 'When Grapes Get the Bleus Salad'),
(529492, 'White Rice'),
(529625, 'Ambrosia Fruit Salad'),
(529625, 'Baked Potatoes'),
(529625, 'Beef with Snow Peas'),
(529625, 'Bottleneck Fries'),
(529625, 'Bread Sticks'),
(529625, 'Broccoli and Cheese Sauce'),
(529625, 'Brown Rice'),
(529625, 'Chili'),
(529625, 'Crab Rangoons'),
(529625, 'Dang Cold Noodle Salad'),
(529625, 'Fiesta Corn'),
(529625, 'Gardenburger Sandwich'),
(529625, 'Golden Fried Tofu with Chili Sauce'),
(529625, 'Ground Beef Tacos'),
(529625, 'Italian Vegetables'),
(529625, 'Pepperoni Pizza'),
(529625, 'Philly Cheese Steak Sandwich'),
(529625, 'Pinto Beans'),
(529625, 'Smoked Turkey Salad'),
(529625, 'Southern Green Beans'),
(529625, 'Three Cheese Pizza'),
(529625, 'Vegan Fajitas'),
(529625, 'White Pesto Pizza'),
(529625, 'White Rice'),
(529848, 'All-Beef Hot Dog'),
(529848, 'Bacon'),
(529848, 'Baked Potatoes'),
(529848, 'Chicago Style Hot Dog Toppings'),
(529848, 'Chicken Tenders'),
(529848, 'Cinnamon Sugar'),
(529848, 'Corn on the Cob'),
(529848, 'Fried Mushrooms'),
(529848, 'Fried Pickles'),
(529848, 'Fruit Tray'),
(529848, 'Funnel Cakes'),
(529848, 'Gehl''s Cheese Sauce'),
(529848, 'Ice Cream Novelties'),
(529848, 'Pancake Syrup'),
(529848, 'Southern Dry Rub Baby Back Ribs'),
(529848, 'Vegetable Crudite'),
(529848, 'Vegetarian Hot Dog'),
(529848, 'Waffles'),
(529990, 'Assorted Donuts'),
(529990, 'Assorted Muffins'),
(529990, 'Biscuits'),
(529990, 'Country Fried Steak Slider with Biscuit'),
(529990, 'Fruit Tray'),
(529990, 'Grapefruit Halves'),
(529990, 'Grits'),
(529990, 'Hard Cooked Eggs'),
(529990, 'Hash Browns'),
(529990, 'Oatmeal'),
(529990, 'Scrambled Egg Toppings'),
(529990, 'Scrambled Eggs'),
(529990, 'Vegetarian Sausage Gravy'),
(529990, 'Veggie Sausage Patty'),
(529991, 'Assorted Danishes'),
(529991, 'Assorted Donuts'),
(529991, 'Bacon'),
(529991, 'Blueberry Pancakes'),
(529991, 'Fruit Tray'),
(529991, 'Grapefruit Halves'),
(529991, 'Hard Cooked Eggs'),
(529991, 'Hash Brown Patty'),
(529991, 'Malt-o-Meal'),
(529991, 'Oatmeal'),
(529991, 'Pancake Syrup'),
(529991, 'Scrambled Egg Toppings'),
(529991, 'Scrambled Eggs'),
(529991, 'Veggie Sausage Patty'),
(529992, 'Assorted Donuts'),
(529992, 'Cheese Grits'),
(529992, 'French Toast'),
(529992, 'Fruit Tray'),
(529992, 'Grapefruit Halves'),
(529992, 'Hard Cooked Eggs'),
(529992, 'Oatmeal'),
(529992, 'Pork Sausage Patties'),
(529992, 'Scones'),
(529992, 'Scrambled Egg Toppings'),
(529992, 'Scrambled Eggs'),
(529992, 'Tri-tater Potatoes'),
(529992, 'Veggie Sausage Patty'),
(529993, 'Assorted Donuts'),
(529993, 'Assorted Muffins'),
(529993, 'Buttermilk Pancakes'),
(529993, 'Fruit Tray'),
(529993, 'Grapefruit Halves'),
(529993, 'Hard Cooked Eggs'),
(529993, 'Hash Brown Patty'),
(529993, 'Malt-o-Meal'),
(529993, 'Oatmeal'),
(529993, 'Pancake Syrup'),
(529993, 'Pork Sausage Links'),
(529993, 'Scrambled Egg Toppings'),
(529993, 'Scrambled Eggs'),
(529993, 'Veggie Sausage Patty'),
(529994, 'Assorted Donuts'),
(529994, 'Captain Crunch French Toast'),
(529994, 'Cinnamon Twirls'),
(529994, 'Cream of Wheat'),
(529994, 'Fruit Tray'),
(529994, 'Grapefruit Halves'),
(529994, 'Hard Cooked Eggs'),
(529994, 'Oatmeal'),
(529994, 'Scrambled Egg Toppings'),
(529994, 'Scrambled Eggs'),
(529994, 'Southwest Tater Tots'),
(529994, 'Turkey Sausage Patty'),
(529994, 'Veggie Sausage Patty'),
(529995, 'California Medley Soup'),
(529995, 'Crazy Monkey Panini'),
(529995, 'Lemon Bars'),
(529995, 'Lighter Side of Italy Panini'),
(529995, 'Tomato Soup'),
(529995, 'Turkey Bacon Panini'),
(529996, 'Basmati Rice'),
(529996, 'Butter Herb Tilapia'),
(529996, 'Cauliflower'),
(529996, 'Chicken Fajitas'),
(529996, 'Chocolate Pudding'),
(529996, 'Corn & Shrimp Chowder'),
(529996, 'Fruit Tray'),
(529996, 'Fudge Brownie'),
(529996, 'Hamburger on Bun'),
(529996, 'Italian Tomato Basil & Pasta Salad'),
(529996, 'Jell-O'),
(529996, 'Pear and Spinach Salad'),
(529996, 'Red Pepper Hummus'),
(529996, 'Roasted Cauliflower'),
(529996, 'Seasoned Curly Fries'),
(529996, 'Spicy Black Bean Burger'),
(529996, 'Vegetable Spread'),
(529996, 'Vegetarian Chili'),
(529997, 'All-Beef Hot Dog'),
(529997, 'Chicago Style Hot Dog Toppings'),
(529997, 'Chocolate Chunk Cookie'),
(529997, 'Cream of Potato Soup'),
(529997, 'French Fried Onion Rings'),
(529997, 'Fruit Tray'),
(529997, 'Grilled Chicken Sandwich'),
(529997, 'Grilled Shrimp and Chipotle Salad'),
(529997, 'Hummus'),
(529997, 'Jell-O'),
(529997, 'Shrimp Quesadilla'),
(529997, 'Smoked Turkey Salad'),
(529997, 'Tofu with Mango Chutney'),
(529997, 'Tom Yum Soup'),
(529997, 'Vanilla Pudding'),
(529997, 'White Rice'),
(529997, 'Zucchini & Tomato Casserole'),
(529998, 'Apple Crisp'),
(529998, 'Bottleneck Fries'),
(529998, 'Capri Blend Vegetables'),
(529998, 'Chocolate Pudding'),
(529998, 'Cornbread'),
(529998, 'Egg Salad'),
(529998, 'French Dip Sandwich'),
(529998, 'Fruit Tray'),
(529998, 'Greek Orzo Pasta Salad'),
(529998, 'Ham and Bean Soup'),
(529998, 'Jasmine Rice'),
(529998, 'Jell-O'),
(529998, 'Lemon Goat Cheese Hummus'),
(529998, 'Shrimp & Vegetable Stir Fry'),
(529998, 'Southwest Caesar Salad'),
(529998, 'Squash Soup with Apple Confit'),
(529998, 'Turkey Burger'),
(529998, 'Zucchini Quinoa Lasagna'),
(529999, 'Basmati Rice'),
(529999, 'Beef Bulgogi'),
(529999, 'California Medley Soup'),
(529999, 'Candy Cookie'),
(529999, 'Corn Dog'),
(529999, 'French Onion Soup'),
(529999, 'Fruit & Nut Chicken Salad'),
(529999, 'Fruit Tray'),
(529999, 'Green Beans'),
(529999, 'Hummus'),
(529999, 'Jell-O'),
(529999, 'Macaroni & Cheese'),
(529999, 'Soul''s Potato Salad'),
(529999, 'Steak Fries'),
(529999, 'Sweet & Sour Sauce'),
(529999, 'Sweet and Sour Chicken'),
(529999, 'Vanilla Pudding'),
(529999, 'When Grapes Get the Bleus Salad'),
(530000, 'Alfredo Sauce'),
(530000, 'Asparagus Spears'),
(530000, 'Carrot Cake'),
(530000, 'Corn & Shrimp Chowder'),
(530000, 'Farfalle Pasta'),
(530000, 'Garlic & Cheddar Biscuit'),
(530000, 'Honey Dijon Chicken'),
(530000, 'Italian Tomato Basil & Pasta Salad'),
(530000, 'Jasmine Rice'),
(530000, 'Jell-O'),
(530000, 'London Broil'),
(530000, 'Marinara Sauce'),
(530000, 'Pear and Spinach Salad'),
(530000, 'Red Pepper Hummus'),
(530000, 'Red Roasted Potatoes w/ Rosemary'),
(530000, 'Southern Style Tofu'),
(530000, 'Vegetable Spread'),
(530000, 'Vegetarian Chili'),
(530001, 'Assorted Caramel & Chocolate Cheesecakes'),
(530001, 'Brazilian Salmon'),
(530001, 'Cream of Potato Soup'),
(530001, 'Creamy Pesto Sauce'),
(530001, 'Grilled Shrimp and Chipotle Salad'),
(530001, 'Hummus'),
(530001, 'Jell-O'),
(530001, 'Marinara Sauce'),
(530001, 'Polynesian Chicken'),
(530001, 'Roasted Root Vegetable'),
(530001, 'Sister Schubert Rolls'),
(530001, 'Smoked Turkey Salad'),
(530001, 'Spaghetti'),
(530001, 'Spinach Lasagna'),
(530001, 'Tom Yum Soup'),
(530001, 'White Rice'),
(530002, 'Beef Gravy'),
(530002, 'Biscuits'),
(530002, 'Breaded Cheese Ravioli'),
(530002, 'California Blend Vegetables'),
(530002, 'Chicken Ramen Broth'),
(530002, 'Egg Salad'),
(530002, 'Garlic Whipped Potatoes'),
(530002, 'Greek Orzo Pasta Salad'),
(530002, 'Ham and Bean Soup'),
(530002, 'Jell-O'),
(530002, 'Lemon Goat Cheese Hummus'),
(530002, 'Marinara Sauce'),
(530002, 'Meatloaf'),
(530002, 'Pound Cake with Berries'),
(530002, 'Roasted Cornish Hens'),
(530002, 'Southwest Caesar Salad'),
(530002, 'Squash Soup with Apple Confit'),
(530002, 'Vegetable Ramen Broth'),
(530002, 'White Rice'),
(530003, 'Alfredo Sauce'),
(530003, 'Baked Sweet Potato'),
(530003, 'Bread Sticks'),
(530003, 'California Medley Soup'),
(530003, 'Cookies & Cream Pie'),
(530003, 'Creamy Polenta with Mushrooms'),
(530003, 'French Onion Soup'),
(530003, 'Fruit & Nut Chicken Salad'),
(530003, 'Herb Grilled Chicken'),
(530003, 'Hummus'),
(530003, 'Italian Garden Sauce'),
(530003, 'Jell-O'),
(530003, 'Pistachio Stuffed Leg of Lamb'),
(530003, 'Sauteed Squash Medley'),
(530003, 'Soul''s Potato Salad'),
(530003, 'Tri-Color Rotini'),
(530003, 'When Grapes Get the Bleus Salad'),
(530003, 'White Rice'),
(530018, 'All-Beef Hot Dog'),
(530018, 'Apple & Candied Pecan Salad'),
(530018, 'Carrot, White Bean, and Dill Salad'),
(530018, 'Chicken Caesar Salad'),
(530018, 'Chili'),
(530018, 'Cream of Mushroom Soup'),
(530018, 'Extreme Sausage Pizza'),
(530018, 'Feta Cheese'),
(530018, 'Fettuccine'),
(530018, 'Fusilli Pasta'),
(530018, 'Garlic Knot'),
(530018, 'Greek Chicken'),
(530018, 'Gyro Meat'),
(530018, 'Hamburger Bun'),
(530018, 'Harissa Pasta Saute'),
(530018, 'Italian Herb Chicken'),
(530018, 'Italian Meat Sauce'),
(530018, 'Pepperoni Pizza'),
(530018, 'Pita Bread'),
(530018, 'Pork Fritter Sandwich'),
(530018, 'Purple Rice'),
(530018, 'Roasted Red Pepper Sauce'),
(530018, 'Seasoned Curly Fries'),
(530018, 'Seedless Cucumbers'),
(530018, 'Sliced Garlic Bread'),
(530018, 'Sliced Tomatoes'),
(530018, 'Sweet and Spicy BBQ Pork'),
(530018, 'Thai Tofu Pizza'),
(530018, 'Three Cheese Pizza'),
(530018, 'Tuna Salad'),
(530018, 'Tzatziki Sauce'),
(530018, 'Vegan Brownies'),
(530018, 'Vegetarian Hot Dog'),
(530018, 'When Grapes Get the Bleus Salad'),
(530018, 'White Rice'),
(530018, 'Zucchini & Tomato Casserole'),
(530019, '8 Flour Tortilla Shells'),
(530019, 'Apricot Sweet & Sour Sauce'),
(530019, 'Avocado Ranch Chicken Breast'),
(530019, 'Balsamic Reduction'),
(530019, 'Basmati Rice'),
(530019, 'Broccoli'),
(530019, 'Broccoli Florets'),
(530019, 'Cheese Sticks'),
(530019, 'Chorizo Avocado Pizza'),
(530019, 'Cuban Black Beans'),
(530019, 'Greek Salad'),
(530019, 'Grilled Cheese Bar'),
(530019, 'Hamburger Bun'),
(530019, 'Heidi''s Guacamole'),
(530019, 'Herb Smoked Turkey Breast'),
(530019, 'Honey Chipotle Chicken'),
(530019, 'Hummus'),
(530019, 'Mac N Cheese BBQ Pork Sandwich'),
(530019, 'No Gluten Added Vegan Rice Krispy Treats'),
(530019, 'Pico de Gallo'),
(530019, 'Quinoa, Apple, Cranberry & Feta Salad'),
(530019, 'Roasted Potato Salad'),
(530019, 'Roasted Vegetable Rustica Pizza'),
(530019, 'Salsa Verde'),
(530019, 'Sausage Pizza'),
(530019, 'Shredded Cheddar Cheese'),
(530019, 'Shredded Lettuce'),
(530019, 'Shrimp & Vegetable Stir Fry'),
(530019, 'Smoked Turkey Salad'),
(530019, 'Sour Cream'),
(530019, 'Taco Meat'),
(530019, 'Taco Shells'),
(530019, 'Three Cheese Pizza'),
(530019, 'Tom Yum Soup'),
(530019, 'Tomato Basil Soup'),
(530019, 'Vegan Chicken Bang Bang'),
(530019, 'Vegan Gumbo'),
(530019, 'Vegan Strawberry Panzanella Salad'),
(530019, 'Vegetable Egg Rolls'),
(530019, 'Vegetarian Spanish Rice'),
(530019, 'White and Wild Rice'),
(530019, 'White Rice'),
(530020, 'American Cheese'),
(530020, 'Broccoli Florets'),
(530020, 'Brown Rice'),
(530020, 'Bulgur, Walnut, Celery & Grape Salad'),
(530020, 'Chicken Ramen Broth'),
(530020, 'Chicken Teriyaki Pizza'),
(530020, 'Cornbread'),
(530020, 'Curried Egg Salad'),
(530020, 'Don''s Pasta Salad'),
(530020, 'Fresh Bean Sprouts'),
(530020, 'Gardenburger Sandwich'),
(530020, 'Garlic Knot'),
(530020, 'Ham and Bean Soup'),
(530020, 'Hamburger Bun'),
(530020, 'Illini Salad'),
(530020, 'Italian Beef Sandwich'),
(530020, 'Jalapeno Peppers'),
(530020, 'Kim Chi'),
(530020, 'Lemon Pepper Chicken Breast'),
(530020, 'Mixed Vegetables'),
(530020, 'Moroccan Lentil Soup'),
(530020, 'Muffaleta Pizza'),
(530020, 'Nori'),
(530020, 'Onions'),
(530020, 'Peas'),
(530020, 'Pepperoncini Peppers'),
(530020, 'Pepperoni Pizza'),
(530020, 'Pickle Slices'),
(530020, 'Provolone Cheese Slices'),
(530020, 'Pulled Pork'),
(530020, 'Roasted Vegetable and Quinoa Salad'),
(530020, 'Seasoned Waffle Fries'),
(530020, 'Sharp Cheddar Cheese Sauce'),
(530020, 'Shredded Carrots'),
(530020, 'Shrimp Po'' Boy Sandwich'),
(530020, 'Sliced Garlic Bread'),
(530020, 'Sliced Mushrooms'),
(530020, 'Sliced Scallions'),
(530020, 'Sliced Swiss Cheese'),
(530020, 'Sliced Tomatoes'),
(530020, 'Smoked Gouda Cheese Sauce'),
(530020, 'Smoked Tofu Steak'),
(530020, 'Smoked Tofu Steak w/ Mango Chutney'),
(530020, 'Sweet Potato Fries'),
(530020, 'Thin Ramen Noodle'),
(530020, 'Three Cheese Pizza'),
(530020, 'Turkey Burger'),
(530020, 'Vegan Fruit Cake'),
(530020, 'Vegetable Ramen Broth'),
(530020, 'White Rice'),
(530020, 'Whole Kernel Corn'),
(530021, 'Autumn Fruit & Nut Salad'),
(530021, 'Basmati Rice'),
(530021, 'Beef Bulgogi'),
(530021, 'Bi Bim Bap Pickled Cucumber'),
(530021, 'Bi Bim Bap Pickled Daikon'),
(530021, 'Bi Bim Bap Poached Bean Sprouts'),
(530021, 'Bi Bim Bap Poached Spinach'),
(530021, 'Bi Bim Bap Poached Zucchini'),
(530021, 'Bi Bim Bap Sauteed Mushrooms'),
(530021, 'Bratwurst Slider'),
(530021, 'Cajun Pizza'),
(530021, 'Cheese Sticks'),
(530021, 'Chicken Gumbo with Andouille Sausage'),
(530021, 'Cocina Grilled Chicken'),
(530021, 'Flatbread Bar'),
(530021, 'General Tso''s Chicken'),
(530021, 'Go Chu Jang Chili Sauce'),
(530021, 'Hamburger Bun'),
(530021, 'Hummus'),
(530021, 'Israeli Couscous Salad w/ Fruit & Nuts'),
(530021, 'Italian Chop Salad'),
(530021, 'Jalapeno Bottle Caps'),
(530021, 'Korean Bibim Bap'),
(530021, 'Lentil Rice Pilaf'),
(530021, 'Orange Chicken Salad with Dill'),
(530021, 'Philly Cheese Steak Sandwich'),
(530021, 'Pork Bulgogi'),
(530021, 'Potato, Caramelized Onion &Cheddar; Pizza'),
(530021, 'Ranch Dressing'),
(530021, 'Roasted Beet and Orange Salad'),
(530021, 'Roasted Red Pepper Soup'),
(530021, 'Sausage Pizza'),
(530021, 'Shredded Carrots'),
(530021, 'Slider Hot Dog Bun'),
(530021, 'Steak Fries'),
(530021, 'Steamed Kyoto Blend Vegetables'),
(530021, 'Three Cheese Pizza'),
(530021, 'TLT Sandwich'),
(530021, 'Vegan Breakfast Cookie'),
(530021, 'Vegan Sweet N Sour Chick''n Nuggets'),
(530021, 'Vegetable Blend with Edamame'),
(530021, 'White Rice'),
(530022, 'Battered Cod'),
(530022, 'Bolognese Sauce'),
(530022, 'Creamy Fruit Salad'),
(530022, 'Creamy Pesto Sauce'),
(530022, 'Crinkle Fries'),
(530022, 'Garlic Knot'),
(530022, 'General Tso''s Pizza'),
(530022, 'Hamburger Bun'),
(530022, 'Korean Miso Soup'),
(530022, 'Malabar Coconut Rice'),
(530022, 'Mexicali Twist'),
(530022, 'New England Clam Chowder'),
(530022, 'Pasta Shells'),
(530022, 'Peking Duck Pizza'),
(530022, 'Pepperoni Pizza'),
(530022, 'Pho'),
(530022, 'Ratatouille'),
(530022, 'Rice Noodles'),
(530022, 'Roasted Cauliflower'),
(530022, 'Roasted Cauliflower (Vegan)'),
(530022, 'Sliced Garlic Bread'),
(530022, 'Spaghetti'),
(530022, 'Spring Break Salad'),
(530022, 'Tartar Sauce'),
(530022, 'Thai Chili Chicken'),
(530022, 'Three Cheese Pizza'),
(530022, 'Tuna Salad'),
(530022, 'Vegan Chocolate Cupcake'),
(530022, 'Vegetable Pho'),
(530022, 'White Rice'),
(530022, 'Zesty Pasta Bean Salad'),
(530023, '10oz Sirloin Steak'),
(530023, '12oz Ribeye Steak'),
(530023, 'Alfredo Sauce'),
(530023, 'Autumn Stew'),
(530023, 'Bacon Cheddar Burger'),
(530023, 'Baked Potatoes'),
(530023, 'Basmati Rice'),
(530023, 'BBQ Bacon Burger'),
(530023, 'BBQ Pork Ribs'),
(530023, 'Beef Steak Tenderloin'),
(530023, 'Black Bean Chili'),
(530023, 'Brioche Bun'),
(530023, 'Bulgur Pilavi'),
(530023, 'California Vegetable Pizza'),
(530023, 'Cheese Sticks'),
(530023, 'Chicken Breast'),
(530023, 'Chicken Dumpling Soup'),
(530023, 'Chicken Stir Fry with Broccoli'),
(530023, 'Cornbread'),
(530023, 'Crab Legs'),
(530023, 'Crab Rangoon Pizza'),
(530023, 'Grandma''s Pot Roast'),
(530023, 'Green Beans'),
(530023, 'Grilled NY Strip Steak'),
(530023, 'Grilled Pita Bread'),
(530023, 'Grilled Portabella Mushroom'),
(530023, 'Grilled Salmon'),
(530023, 'Ham Salad'),
(530023, 'Hummus'),
(530023, 'Italian Meat Sauce'),
(530023, 'Lentil Rice Pilaf'),
(530023, 'Makanek'),
(530023, 'Mushroom Swiss Burger'),
(530023, 'Penne Pasta'),
(530023, 'Pretzel Bun'),
(530023, 'Red Onion'),
(530023, 'Rigatoni Pizza Pasta Bake'),
(530023, 'Sausage Pizza'),
(530023, 'Sautéed Mushrooms'),
(530023, 'Sautéed Onions'),
(530023, 'Shrimp'),
(530023, 'Shrimp Cocktail'),
(530023, 'Simple Salad w/ Miso Dressing'),
(530023, 'Sliced Garlic Bread'),
(530023, 'Sliced Tomatoes'),
(530023, 'Southern Green Beans'),
(530023, 'Spaghetti'),
(530023, 'Spanakopita'),
(530023, 'Spicy Italian Burger'),
(530023, 'Spinach Salad with Poppy Seed Dressing'),
(530023, 'T-bone Steak'),
(530023, 'Twice Baked Potato Salad'),
(530023, 'Vegetarian Stroganoff'),
(530023, 'White Pesto Thin Crust Pizza'),
(530023, 'White Rice'),
(530024, '10oz Sirloin Steak'),
(530024, '12oz Ribeye Steak'),
(530024, 'Autumn Fruit & Nut Salad'),
(530024, 'Bacon Cheddar Burger'),
(530024, 'Baked Sweet Potato'),
(530024, 'BBQ Bacon Burger'),
(530024, 'Bean Enchilada Casserole'),
(530024, 'Beef Steak Tenderloin'),
(530024, 'Bolognese Sauce'),
(530024, 'Brioche Bun'),
(530024, 'Cactus And Vegetable Salad'),
(530024, 'Chicken Breast'),
(530024, 'Chicken Caesar Salad'),
(530024, 'Chili'),
(530024, 'Crab Legs'),
(530024, 'Cream of Mushroom Soup'),
(530024, 'Extreme Sausage Pizza'),
(530024, 'Fried Catfish Filets'),
(530024, 'Fusilli Pasta'),
(530024, 'Garlic Knot'),
(530024, 'Grilled NY Strip Steak'),
(530024, 'Grilled Portabella Mushroom'),
(530024, 'Grilled Salmon'),
(530024, 'Marinara Sauce'),
(530024, 'Mushroom Swiss Burger'),
(530024, 'Neapolitan Spaghetti'),
(530024, 'Pepperoni Pizza'),
(530024, 'Pretzel Bun'),
(530024, 'Prince Edward Vegetable Blend'),
(530024, 'Purple Rice'),
(530024, 'Sausage'),
(530024, 'Sautéed Mushrooms'),
(530024, 'Sautéed Onions'),
(530024, 'Shrimp Cocktail'),
(530024, 'Shrimp Mojo Skewer'),
(530024, 'Sliced Garlic Bread'),
(530024, 'Spicy Italian Burger'),
(530024, 'Steamed Prince Edward Blend Vegetables'),
(530024, 'Sweet Potato Bar'),
(530024, 'T-bone Steak'),
(530024, 'Tartar Sauce'),
(530024, 'Thai Tofu Pizza'),
(530024, 'Three Cheese Lasagna'),
(530024, 'Three Cheese Pizza'),
(530024, 'Tuna Salad'),
(530024, 'Twice Baked Potato Casserole'),
(530024, 'When Grapes Get the Bleus Salad'),
(530024, 'White Rice'),
(530025, '10oz Sirloin Steak'),
(530025, '12oz Ribeye Steak'),
(530025, 'Bacon Cheddar Burger'),
(530025, 'Basmati Rice'),
(530025, 'BBQ Bacon Burger'),
(530025, 'Beef Gravy'),
(530025, 'Beef Steak Tenderloin'),
(530025, 'Brazilian Salmon'),
(530025, 'Brioche Bun'),
(530025, 'Carrot Rings'),
(530025, 'Cheese Sticks'),
(530025, 'Chicken Alambres'),
(530025, 'Chicken Breast'),
(530025, 'Chimichurri Flank Steak'),
(530025, 'Chorizo Avocado Pizza'),
(530025, 'Cocina Mexicana Salsa'),
(530025, 'Corn Casserole '),
(530025, 'Corn Tortilla'),
(530025, 'Crab Legs'),
(530025, 'Cream of Mushroom Soup'),
(530025, 'Creamy Pesto Sauce'),
(530025, 'Fish Tacos'),
(530025, 'Flour Tortilla'),
(530025, 'Fried Plantains'),
(530025, 'Gnocchi with Gorgonzola Sauce'),
(530025, 'Greek Salad'),
(530025, 'Grilled NY Strip Steak'),
(530025, 'Grilled Portabella Mushroom'),
(530025, 'Grilled Salmon'),
(530025, 'Heidi''s Guacamole'),
(530025, 'Hummus'),
(530025, 'Lemon and Garlic Grilled Prawns'),
(530025, 'Marinara Sauce'),
(530025, 'Meatballs'),
(530025, 'Meatloaf'),
(530025, 'Mexican Rice'),
(530025, 'Mushroom Swiss Burger'),
(530025, 'Pasta Shells'),
(530025, 'Pretzel Bun'),
(530025, 'Quinoa, Apple, Cranberry & Feta Salad'),
(530025, 'Roasted Potato Salad'),
(530025, 'Roasted Vegetable Rustica Pizza'),
(530025, 'Salsa Verde'),
(530025, 'Sausage Pizza'),
(530025, 'Sautéed Mushrooms'),
(530025, 'Sautéed Onions'),
(530025, 'Shredded Cheddar Cheese'),
(530025, 'Shrimp Cocktail'),
(530025, 'Sliced Garlic Bread'),
(530025, 'Smoked Turkey Salad'),
(530025, 'Spaghetti'),
(530025, 'Spelt, Arugula & Chimichurri Salad'),
(530025, 'Spicy Italian Burger'),
(530025, 'Strawberry Hummus Wrap'),
(530025, 'T-bone Steak'),
(530025, 'Three Cheese Pizza'),
(530025, 'Tom Yum Soup'),
(530025, 'Whipped Potatoes'),
(530025, 'White and Wild Rice Blend (vegan)'),
(530025, 'White Cheese Sauce'),
(530026, '10oz Sirloin Steak'),
(530026, '12oz Ribeye Steak'),
(530026, 'Bacon Cheddar Burger'),
(530026, 'Baked Potatoes'),
(530026, 'Balila (Chickpeas in Cumin & Olive Oil)'),
(530026, 'BBQ Bacon Burger'),
(530026, 'Beef Kibbeh'),
(530026, 'Beef Steak Tenderloin'),
(530026, 'Beef Stew'),
(530026, 'Brioche Bun'),
(530026, 'Brown Rice'),
(530026, 'Chicken Teriyaki Pizza'),
(530026, 'Cornbread'),
(530026, 'Crab Legs'),
(530026, 'Cranberry Orange Rice'),
(530026, 'Curried Egg Salad'),
(530026, 'Don''s Pasta Salad'),
(530026, 'Eggplant Hummus'),
(530026, 'Garlic Knot'),
(530026, 'Greens Collard with Ham Hocks'),
(530026, 'Grilled NY Strip Steak'),
(530026, 'Grilled Pita Bread'),
(530026, 'Grilled Portabella Mushroom'),
(530026, 'Grilled Salmon'),
(530026, 'Grinder Bar'),
(530026, 'Ham and Bean Soup'),
(530026, 'Honey Dijon Chicken'),
(530026, 'Illini Salad'),
(530026, 'Marinated Leg of Lamb'),
(530026, 'Moroccan Lentil Soup'),
(530026, 'Muffaleta Pizza'),
(530026, 'Mushroom Swiss Burger'),
(530026, 'Onions'),
(530026, 'Pepperoni Pizza'),
(530026, 'Pretzel Bun'),
(530026, 'Roasted Vegetable and Quinoa Salad'),
(530026, 'Sautéed Mushrooms'),
(530026, 'Sautéed Onions'),
(530026, 'Shrimp Cocktail'),
(530026, 'Shrimp Mojo Skewer'),
(530026, 'Sliced Tomatoes'),
(530026, 'Southern Style Tofu'),
(530026, 'Spicy Italian Burger'),
(530026, 'T-bone Steak'),
(530026, 'Three Cheese Pizza'),
(530026, 'Tzatziki Sauce'),
(530026, 'Vegan Spaghetti & Meatballs'),
(530026, 'White Bean & Arugula Salad'),
(530026, 'White Rice'),
(530027, ' Beef Enchilada Casserole'),
(530027, '10oz Sirloin Steak'),
(530027, '12oz Ribeye Steak'),
(530027, 'Alfredo Sauce'),
(530027, 'Apple & Candied Pecan Salad'),
(530027, 'Bacon Cheddar Burger'),
(530027, 'Baked Sweet Potato'),
(530027, 'Basmati Rice'),
(530027, 'BBQ Bacon Burger'),
(530027, 'BBQ Blueberry Chipotle Tofu'),
(530027, 'Beef Steak Tenderloin'),
(530027, 'Brioche Bun'),
(530027, 'Cajun Pizza'),
(530027, 'California Blend Vegetables'),
(530027, 'Cheese Sticks'),
(530027, 'Chicken Chimichurri'),
(530027, 'Chicken Gumbo with Andouille Sausage'),
(530027, 'Corn Elotes'),
(530027, 'Corn Tortilla'),
(530027, 'Crab Legs'),
(530027, 'Fettuccine'),
(530027, 'Flour Tortilla'),
(530027, 'Grilled NY Strip Steak'),
(530027, 'Grilled Portabella Mushroom'),
(530027, 'Grilled Salmon'),
(530027, 'Heidi''s Guacamole'),
(530027, 'Hummus'),
(530027, 'Israeli Couscous Salad w/ Fruit & Nuts'),
(530027, 'Italian Chop Salad'),
(530027, 'Lemon and Garlic Grilled Prawns'),
(530027, 'Lentil Rice Pilaf'),
(530027, 'Marinara Sauce'),
(530027, 'Mushroom Swiss Burger'),
(530027, 'Orange Chicken Salad with Dill'),
(530027, 'Pico de Gallo'),
(530027, 'Potato, Caramelized Onion &Cheddar; Pizza'),
(530027, 'Pretzel Bun'),
(530027, 'Roasted Red Pepper Soup'),
(530027, 'Salsa Verde'),
(530027, 'Sausage Pizza'),
(530027, 'Sautéed Mushrooms'),
(530027, 'Sautéed Onions'),
(530027, 'Shredded Cheddar Cheese'),
(530027, 'Shrimp Ceviche'),
(530027, 'Shrimp Cocktail'),
(530027, 'Sliced Garlic Bread'),
(530027, 'Sour Cream'),
(530027, 'Spicy Italian Burger'),
(530027, 'Sweet Potato Bar'),
(530027, 'T-bone Steak'),
(530027, 'Three Cheese Pizza'),
(530027, 'Tortilla Española'),
(530027, 'Turkey Pot Pie'),
(530027, 'Vegan Cantonese Almond Chicken'),
(530028, 'American Fried Potatoes'),
(530028, 'Baked Potatoes'),
(530028, 'Basmati Rice'),
(530028, 'Biscuits and Gravy'),
(530028, 'Black Bean Chili'),
(530028, 'California Vegetable Pizza'),
(530028, 'Cheese Sticks'),
(530028, 'Chicken Dumpling Soup'),
(530028, 'Crab Rangoon Pizza'),
(530028, 'Grinder Bar'),
(530028, 'Ham Salad'),
(530028, 'Honey Baked Ham'),
(530028, 'Hummus'),
(530028, 'Lentil Rice Pilaf'),
(530028, 'Sausage Pizza'),
(530028, 'Scrambled Egg Toppings'),
(530028, 'Scrambled Eggs'),
(530028, 'Simple Salad w/ Miso Dressing'),
(530028, 'Spring Vegetable Blend'),
(530028, 'Twice Baked Potato Salad'),
(530028, 'Vegan Chili'),
(530028, 'Veggie Sausage Patty'),
(530028, 'White Pesto Thin Crust Pizza'),
(530040, 'Apricot Sweet & Sour Sauce'),
(530040, 'Baby Carrots'),
(530040, 'BBQ Brisket Sandwich'),
(530040, 'BBQ Sauce'),
(530040, 'Brown Rice Pilaf'),
(530040, 'Buffalo Chicken Salad'),
(530040, 'Chana Masala (Curried Chickpeas)'),
(530040, 'Chicken Tenders'),
(530040, 'Chocolate Pudding'),
(530040, 'Cream of Mushroom Soup'),
(530040, 'French Onion Soup'),
(530040, 'Fruit Tray'),
(530040, 'Honey Mustard'),
(530040, 'Jell-O'),
(530040, 'Orange Sheet Cake'),
(530040, 'Ranch Dressing'),
(530040, 'Red Pepper Hummus'),
(530040, 'Seasoned Curly Fries'),
(530040, 'Taffy Apple Salad'),
(530040, 'Tuna Salad'),
(530040, 'Venezuelan Shrimp with Feta'),
(530041, 'All-Beef Hot Dog'),
(530041, 'Basmati Rice'),
(530041, 'Chicken Caesar Salad'),
(530041, 'Cream of Tomato Soup'),
(530041, 'Eggplant Hummus'),
(530041, 'French Fries'),
(530041, 'Fruit Tray'),
(530041, 'Green Beans'),
(530041, 'Gyro Sandwich'),
(530041, 'Herbed Grilled Turkey'),
(530041, 'Hot & Sour Soup'),
(530041, 'Jell-O'),
(530041, 'Madras Potatoes'),
(530041, 'Pita Bread'),
(530041, 'Smoked Turkey Salad'),
(530041, 'Tomato Feta Quinoa'),
(530041, 'Vanilla Pudding'),
(530041, 'White Chocolate Macadamia Nut Cookies'),
(530042, 'Apple Smoked Chicken Sausage'),
(530042, 'Chocolate Pudding'),
(530042, 'Corn Tortilla'),
(530042, 'Cornbread'),
(530042, 'Fiesta Corn'),
(530042, 'Flour Tortilla'),
(530042, 'Fruit Tray'),
(530042, 'Ground Beef Tacos'),
(530042, 'Ham and Bean Soup'),
(530042, 'Heidi''s Guacamole'),
(530042, 'Honey Dijon Chicken'),
(530042, 'Hummus'),
(530042, 'Jell-O'),
(530042, 'Ranch Egg Salad'),
(530042, 'Refried Beans'),
(530042, 'Seafood Salad'),
(530042, 'Seasoned Waffle Fries'),
(530042, 'Spinach and Strawberry Salad'),
(530042, 'Taco Toppings'),
(530042, 'Toasted Marshmallow and Chocolate Bar'),
(530042, 'Vegan Fajitas'),
(530042, 'Vegetable Barley Soup'),
(530042, 'Whole Kernel Corn'),
(530042, 'Yellow Rice'),
(530043, 'Broccoli Florets'),
(530043, 'Butter Sugar Cookies'),
(530043, 'Chocolate Pudding'),
(530043, 'Cuban Sandwich'),
(530043, 'Falafel with Pita'),
(530043, 'Fruit Tray'),
(530043, 'Hamburger on Bun'),
(530043, 'Illini Salad'),
(530043, 'Jell-O'),
(530043, 'Minestrone Soup'),
(530043, 'Pita Bread'),
(530043, 'Soul''s Potato Salad'),
(530043, 'Steak Fries'),
(530043, 'Sweet Potato Hummus'),
(530043, 'Thai Chili Chicken Drumsticks'),
(530043, 'Tuna Salad'),
(530043, 'Tuscan Soup'),
(530043, 'White Rice'),
(530044, 'Boneless Buffalo Chicken Wings'),
(530044, 'Brown Rice'),
(530044, 'Cape Cod Vegetable Blend'),
(530044, 'Confetti Pasta Salad'),
(530044, 'Fire Island Coleslaw'),
(530044, 'French Fried Onion Rings'),
(530044, 'Fruit Tray'),
(530044, 'Hummus'),
(530044, 'Jell-O'),
(530044, 'Lentil Soup'),
(530044, 'Malibu Burger'),
(530044, 'New England Clam Chowder'),
(530044, 'S''mores Bar'),
(530044, 'Salmon Teriyaki'),
(530044, 'Sloppy Joe Sandwiches'),
(530044, 'Vanilla Pudding'),
(530044, 'Vegetable Spread'),
(530045, 'Biscuits'),
(530045, 'Black Bean Chili'),
(530045, 'Brown Rice'),
(530045, 'Chicken and Noodles'),
(530045, 'Chicken Noodle Soup'),
(530045, 'Fettuccine'),
(530045, 'Grilled Piri Piri Shrimp'),
(530045, 'Hummus'),
(530045, 'Italian Meat Sauce'),
(530045, 'Jell-O'),
(530045, 'Marinara Sauce'),
(530045, 'Sugar Snap Peas'),
(530045, 'Tiramisu'),
(530045, 'Tofu Salad with Rice Wine Vinaigrette'),
(530045, 'Vegetable Pot Pie'),
(530045, 'Vinaigrette Cole Slaw'),
(530045, 'Whipped Potatoes'),
(530046, 'Alfredo Sauce'),
(530046, 'Beef Lasagna'),
(530046, 'Buffalo Chicken Salad'),
(530046, 'Cream of Mushroom Soup'),
(530046, 'Farfalle Pasta'),
(530046, 'French Onion Soup'),
(530046, 'Honey Chipotle Chicken'),
(530046, 'Jell-O'),
(530046, 'Marinara Sauce'),
(530046, 'Red Pepper Hummus'),
(530046, 'Sister Schubert Rolls'),
(530046, 'Sponge Cake'),
(530046, 'Steamed Spinach'),
(530046, 'Taffy Apple Salad'),
(530046, 'Vegan Chicken Bang Bang'),
(530046, 'White Rice'),
(530046, 'Whole Kernel Corn'),
(530047, 'Cauliflower'),
(530047, 'Cookies & Cream Pie'),
(530047, 'Cornbread'),
(530047, 'Creamy Pesto Sauce'),
(530047, 'Fettuccine'),
(530047, 'Golden Fried Tofu with Chili Sauce'),
(530047, 'Ham and Bean Soup'),
(530047, 'Hummus'),
(530047, 'Jasmine Rice'),
(530047, 'Jell-O'),
(530047, 'Marinara Sauce'),
(530047, 'Marinated Pork Chop'),
(530047, 'Princess Chicken'),
(530047, 'Ranch Egg Salad'),
(530047, 'Roasted Yukon Gold Potatoes'),
(530047, 'Seafood Salad'),
(530047, 'Spinach and Strawberry Salad'),
(530047, 'Vegetable Barley Soup'),
(530057, 'Banana'),
(530057, 'Grapefruit Halves'),
(530057, 'Hard Cooked Eggs'),
(530057, 'Honeydew Wedges'),
(530058, 'Banana'),
(530058, 'Buttermilk Pancakes'),
(530058, 'Cream of Wheat'),
(530058, 'Egg White Breakfast Sandwich'),
(530058, 'Grapefruit Halves'),
(530058, 'Hard Cooked Eggs'),
(530058, 'Hash Brown Patty'),
(530058, 'Navel Orange'),
(530058, 'Oatmeal'),
(530058, 'Pancake Syrup'),
(530058, 'Pork Sausage Patties'),
(530058, 'Scrambled Egg Toppings'),
(530058, 'Scrambled Eggs'),
(530058, 'Sliced Kiwi'),
(530059, 'Banana'),
(530059, 'Corned Beef Hash'),
(530059, 'French Toast Sticks'),
(530059, 'Grapefruit Halves'),
(530059, 'Grits'),
(530059, 'Hard Cooked Eggs'),
(530059, 'Navel Orange'),
(530059, 'O''Brien Potatoes '),
(530059, 'Oatmeal'),
(530059, 'Pancake Syrup'),
(530059, 'Pork Sausage Links'),
(530059, 'Scrambled Egg Toppings'),
(530059, 'Scrambled Eggs'),
(530059, 'Sliced Kiwi'),
(530060, 'Bacon'),
(530060, 'Banana'),
(530060, 'Biscuits'),
(530060, 'Cream of Wheat'),
(530060, 'Grapefruit Halves'),
(530060, 'Hard Cooked Eggs'),
(530060, 'Hash Browns'),
(530060, 'Navel Orange'),
(530060, 'Oatmeal'),
(530060, 'Sausage Gravy'),
(530060, 'Scrambled Egg Toppings'),
(530060, 'Scrambled Eggs'),
(530060, 'Shrimp and Grits'),
(530060, 'Sliced Kiwi'),
(530061, 'Banana'),
(530061, 'Breakfast Sausage Corn Dog'),
(530061, 'Buttermilk Pancakes'),
(530061, 'Cheese Grits'),
(530061, 'Eggs Benedict'),
(530061, 'Grapefruit Halves'),
(530061, 'Hard Cooked Eggs'),
(530061, 'Navel Orange'),
(530061, 'Oatmeal'),
(530061, 'Pancake Syrup'),
(530061, 'Scrambled Egg Toppings'),
(530061, 'Scrambled Eggs'),
(530061, 'Seasoned Cubed Potatoes'),
(530061, 'Sliced Kiwi'),
(530062, 'Banana'),
(530062, 'Chicken Slider with Biscuit'),
(530062, 'Cream of Wheat'),
(530062, 'French Toast'),
(530062, 'Grapefruit Halves'),
(530062, 'Grilled Ham'),
(530062, 'Hard Cooked Eggs'),
(530062, 'Navel Orange'),
(530062, 'Oatmeal'),
(530062, 'Pancake Syrup'),
(530062, 'Scrambled Egg Toppings'),
(530062, 'Scrambled Eggs'),
(530062, 'Sliced Kiwi'),
(530062, 'Tri-tater Potatoes'),
(530091, 'Assorted Donuts'),
(530091, 'Assorted Muffins'),
(530091, 'Biscuits'),
(530091, 'Country Fried Steak Slider with Biscuit'),
(530091, 'Fruit Tray'),
(530091, 'Grapefruit Halves'),
(530091, 'Grits'),
(530091, 'Hard Cooked Eggs'),
(530091, 'Hash Browns'),
(530091, 'Oatmeal'),
(530091, 'Scrambled Egg Toppings'),
(530091, 'Scrambled Eggs'),
(530091, 'Vegetarian Sausage Gravy'),
(530091, 'Veggie Sausage Patty'),
(530091, 'Yogurt Bar'),
(530092, 'Assorted Danishes'),
(530092, 'Assorted Donuts'),
(530092, 'Bacon'),
(530092, 'Blueberry Pancakes'),
(530092, 'Fruit Tray'),
(530092, 'Grapefruit Halves'),
(530092, 'Hard Cooked Eggs'),
(530092, 'Hash Brown Patty'),
(530092, 'Malt-o-Meal'),
(530092, 'Oatmeal'),
(530092, 'Pancake Syrup'),
(530092, 'Scrambled Egg Toppings'),
(530092, 'Scrambled Eggs'),
(530092, 'Veggie Sausage Patty'),
(530092, 'Yogurt Bar'),
(530093, 'Assorted Donuts'),
(530093, 'Cheese Grits'),
(530093, 'French Toast'),
(530093, 'Fruit Tray'),
(530093, 'Grapefruit Halves'),
(530093, 'Hard Cooked Eggs'),
(530093, 'Oatmeal'),
(530093, 'Pork Sausage Patties'),
(530093, 'Scones'),
(530093, 'Scrambled Egg Toppings'),
(530093, 'Scrambled Eggs'),
(530093, 'Tri-tater Potatoes'),
(530093, 'Veggie Sausage Patty'),
(530093, 'Yogurt Bar'),
(530094, 'Assorted Donuts'),
(530094, 'Assorted Muffins'),
(530094, 'Buttermilk Pancakes'),
(530094, 'Fruit Tray'),
(530094, 'Grapefruit Halves'),
(530094, 'Hard Cooked Eggs'),
(530094, 'Hash Brown Patty'),
(530094, 'Malt-o-Meal'),
(530094, 'Oatmeal'),
(530094, 'Pancake Syrup'),
(530094, 'Pork Sausage Links'),
(530094, 'Scrambled Egg Toppings'),
(530094, 'Scrambled Eggs'),
(530094, 'Veggie Sausage Patty'),
(530094, 'Yogurt Bar'),
(530095, 'Assorted Donuts'),
(530095, 'Captain Crunch French Toast'),
(530095, 'Cinnamon Twirls'),
(530095, 'Cream of Wheat'),
(530095, 'Fruit Tray'),
(530095, 'Grapefruit Halves'),
(530095, 'Hard Cooked Eggs'),
(530095, 'Oatmeal'),
(530095, 'Scrambled Egg Toppings'),
(530095, 'Scrambled Eggs'),
(530095, 'Southwest Tater Tots'),
(530095, 'Turkey Sausage Patty'),
(530095, 'Veggie Sausage Patty'),
(530095, 'Yogurt Bar'),
(530096, 'Assorted Danishes'),
(530096, 'Beef Sirloin Roast'),
(530096, 'Biscuits'),
(530096, 'Chicken Gumbo with Andouille Sausage'),
(530096, 'Crab Salad'),
(530096, 'Dang Cold Noodle Salad'),
(530096, 'Fruit Tray'),
(530096, 'Hash Browns'),
(530096, 'Hummus'),
(530096, 'Jell-O'),
(530096, 'Minestrone Soup'),
(530096, 'Ranch Egg Salad'),
(530096, 'Sausage Gravy'),
(530096, 'Scrambled Egg Toppings'),
(530096, 'Scrambled Eggs'),
(530096, 'Smoked Salmon, Cream Cheese, Onion'),
(530096, 'Spring Vegetable Blend'),
(530096, 'Three Cheese, Potato, and Spinach Bake'),
(530096, 'Vanilla Pudding'),
(530096, 'Veggie Sausage Patty'),
(530096, 'White Rice'),
(530097, 'Basmati Rice'),
(530097, 'Butter Herb Tilapia'),
(530097, 'Cauliflower'),
(530097, 'Chicken Fajitas'),
(530097, 'Chocolate Pudding'),
(530097, 'Corn & Shrimp Chowder'),
(530097, 'Fruit Tray'),
(530097, 'Fudge Brownie'),
(530097, 'Hamburger on Bun'),
(530097, 'Italian Tomato Basil & Pasta Salad'),
(530097, 'Jell-O'),
(530097, 'Pear and Spinach Salad'),
(530097, 'Red Pepper Hummus'),
(530097, 'Roasted Cauliflower'),
(530097, 'Seasoned Curly Fries'),
(530097, 'Spicy Black Bean Burger'),
(530097, 'Vegetable Spread'),
(530097, 'Vegetarian Chili'),
(530098, 'All-Beef Hot Dog'),
(530098, 'Bi Bim Bap Pickled Cucumber'),
(530098, 'Bi Bim Bap Pickled Daikon'),
(530098, 'Bi Bim Bap Poached Bean Sprouts'),
(530098, 'Bi Bim Bap Poached Spinach'),
(530098, 'Bi Bim Bap Poached Zucchini'),
(530098, 'Bi Bim Bap Rice'),
(530098, 'Bi Bim Bap Salad'),
(530098, 'Bi Bim Bap Sauteed Mushrooms'),
(530098, 'Chicago Style Hot Dog Toppings'),
(530098, 'Chocolate Chunk Cookie'),
(530098, 'Cream of Potato Soup'),
(530098, 'French Fried Onion Rings'),
(530098, 'Fruit Tray'),
(530098, 'Grilled Chicken Sandwich'),
(530098, 'Grilled Shrimp and Chipotle Salad'),
(530098, 'Hummus'),
(530098, 'Jell-O'),
(530098, 'Pesto Powerhouse Salad'),
(530098, 'Shrimp Quesadilla'),
(530098, 'Smoked Turkey Salad'),
(530098, 'Tofu with Mango Chutney'),
(530098, 'Tom Yum Soup'),
(530098, 'Vanilla Pudding'),
(530098, 'White Rice'),
(530098, 'Zucchini & Tomato Casserole'),
(530099, 'Apple Crisp'),
(530099, 'Bottleneck Fries'),
(530099, 'Capri Blend Vegetables'),
(530099, 'Chocolate Pudding'),
(530099, 'Cornbread'),
(530099, 'Egg Salad'),
(530099, 'French Dip Sandwich'),
(530099, 'Fruit Tray'),
(530099, 'Greek Orzo Pasta Salad'),
(530099, 'Ham and Bean Soup'),
(530099, 'Jasmine Rice'),
(530099, 'Jell-O'),
(530099, 'Lemon Goat Cheese Hummus'),
(530099, 'Shrimp & Vegetable Stir Fry'),
(530099, 'Southwest Caesar Salad'),
(530099, 'Squash Soup with Apple Confit'),
(530099, 'Turkey Burger'),
(530099, 'Zucchini Quinoa Lasagna'),
(530100, 'Basmati Rice'),
(530100, 'Beef Bulgogi'),
(530100, 'Bi Bim Bap Pickled Cucumber'),
(530100, 'Bi Bim Bap Pickled Daikon'),
(530100, 'Bi Bim Bap Poached Bean Sprouts'),
(530100, 'Bi Bim Bap Poached Spinach'),
(530100, 'Bi Bim Bap Poached Zucchini'),
(530100, 'Bi Bim Bap Rice'),
(530100, 'Bi Bim Bap Salad'),
(530100, 'Bi Bim Bap Sauteed Mushrooms'),
(530100, 'California Medley Soup'),
(530100, 'Candy Cookie'),
(530100, 'Corn Dog'),
(530100, 'French Onion Soup'),
(530100, 'Fruit & Nut Chicken Salad'),
(530100, 'Fruit Tray'),
(530100, 'Green Beans'),
(530100, 'Hummus'),
(530100, 'Jell-O'),
(530100, 'Macaroni & Cheese'),
(530100, 'Soul''s Potato Salad'),
(530100, 'Steak Fries'),
(530100, 'Sweet and Sour Chicken'),
(530100, 'Vanilla Pudding'),
(530100, 'When Grapes Get the Bleus Salad'),
(530101, 'Boneless Buffalo Chicken Wings'),
(530101, 'Breaded Tilapia'),
(530101, 'Broccoli Florets'),
(530101, 'Brown Rice'),
(530101, 'Chocolate Pudding'),
(530101, 'Confetti Pasta Salad'),
(530101, 'Fruit Tray'),
(530101, 'Grilled Cheddar on Wheat Berry'),
(530101, 'Jell-O'),
(530101, 'New England Clam Chowder'),
(530101, 'Raspberry Bars'),
(530101, 'Seasoned Waffle Fries'),
(530101, 'Sweet Potato Hummus'),
(530101, 'Tomato Soup'),
(530101, 'Tuna Salad'),
(530101, 'Vegan Chicken Sukiyaki'),
(530101, 'Vinaigrette Cole Slaw'),
(530102, 'Basmati Rice'),
(530102, 'Beef Stew'),
(530102, 'Chicken Gumbo with Andouille Sausage'),
(530102, 'Cocktail Sauce'),
(530102, 'Crab Salad'),
(530102, 'Dang Cold Noodle Salad'),
(530102, 'Fantail Shrimp'),
(530102, 'Fettuccine'),
(530102, 'French Dinner Roll'),
(530102, 'Gnocchi with Gorgonzola Sauce'),
(530102, 'Green Beans'),
(530102, 'Hummus'),
(530102, 'Italian Meat Sauce'),
(530102, 'Jell-O'),
(530102, 'Marinara Sauce'),
(530102, 'Minestrone Soup'),
(530102, 'Ranch Egg Salad'),
(530102, 'Toasted Marshmallow and Chocolate Bar'),
(530103, 'Alfredo Sauce'),
(530103, 'Asparagus Spears'),
(530103, 'Carrot Cake'),
(530103, 'Corn & Shrimp Chowder'),
(530103, 'Farfalle Pasta'),
(530103, 'Garlic & Cheddar Biscuit'),
(530103, 'Honey Dijon Chicken'),
(530103, 'Italian Tomato Basil & Pasta Salad'),
(530103, 'Jasmine Rice'),
(530103, 'Jell-O'),
(530103, 'London Broil'),
(530103, 'Marinara Sauce'),
(530103, 'Pear and Spinach Salad'),
(530103, 'Red Pepper Hummus'),
(530103, 'Red Roasted Potatoes w/ Rosemary'),
(530103, 'Southern Style Tofu'),
(530103, 'Vegetable Spread'),
(530103, 'Vegetarian Chili'),
(530104, 'Assorted Caramel & Chocolate Cheesecakes'),
(530104, 'Brazilian Salmon'),
(530104, 'Cream of Potato Soup'),
(530104, 'Creamy Pesto Sauce'),
(530104, 'Grilled Shrimp and Chipotle Salad'),
(530104, 'Hummus'),
(530104, 'Jell-O'),
(530104, 'Marinara Sauce'),
(530104, 'Polynesian Chicken'),
(530104, 'Roasted Root Vegetable'),
(530104, 'Sister Schubert Rolls'),
(530104, 'Smoked Turkey Salad'),
(530104, 'Spaghetti'),
(530104, 'Spinach Lasagna'),
(530104, 'Tom Yum Soup'),
(530104, 'White Rice'),
(530105, 'Alfredo Sauce'),
(530105, 'Baked Sweet Potato'),
(530105, 'Bread Sticks'),
(530105, 'California Medley Soup'),
(530105, 'Creamy Polenta with Mushrooms'),
(530105, 'French Onion Soup'),
(530105, 'Fruit & Nut Chicken Salad'),
(530105, 'Herb Grilled Chicken'),
(530105, 'Hummus'),
(530105, 'Italian Garden Sauce'),
(530105, 'Jell-O'),
(530105, 'Pistachio Stuffed Leg of Lamb'),
(530105, 'Sauteed Squash Medley'),
(530105, 'Soul''s Potato Salad'),
(530105, 'Tri-Color Rotini'),
(530105, 'When Grapes Get the Bleus Salad'),
(530105, 'White Rice'),
(530111, 'Black Bean Chili'),
(530111, 'Blueberry Casserole'),
(530111, 'Broccoli Florets'),
(530111, 'Corn Chowder Soup with Bacon'),
(530111, 'Nicoise Salad'),
(530111, 'Pancake Syrup'),
(530111, 'Plain Scrambled Eggs'),
(530112, 'Black Bean Chili'),
(530112, 'Char Grilled Carne Asada'),
(530112, 'Cilantro Rice'),
(530112, 'Corn Chowder Soup with Bacon'),
(530112, 'Fiesta Corn'),
(530112, 'Flour Tortilla'),
(530112, 'Quiche Lorraine'),
(530112, 'Sauteed Yellow Squash'),
(530113, 'Chicken Stir Fry with Broccoli'),
(530113, 'Chicken, White & Wild Rice Soup'),
(530113, 'Gallo Pinto'),
(530113, 'Oven Roasted Vegetables'),
(530113, 'Pasta Fagioli Soup'),
(530113, 'Pork Eggroll'),
(530113, 'Purple Rice'),
(530113, 'Roasted Jerk Chicken'),
(530113, 'Vegan Jerk Chicken'),
(530113, 'Vegetable Lo Mein'),
(530113, 'White Rice'),
(530114, 'All-Beef Hot Dog'),
(530114, 'Baked Potato Soup'),
(530114, 'Brown Rice'),
(530114, 'Chef Salad'),
(530114, 'Philly Cheese Steak Sandwich'),
(530114, 'Sauteed Squash Medley'),
(530114, 'Steamed Pork Bun'),
(530114, 'Sweet and Sour Pork'),
(530114, 'Tofu and Vegetable Stir Fry'),
(530114, 'Vegetable Barley Soup'),
(530114, 'Vegetarian Eggrolls'),
(530114, 'Vegetarian Hot Dog'),
(530114, 'White Rice'),
(530115, 'Chicken Tortilla Soup'),
(530115, 'Eggplant Hummus'),
(530115, 'Falafel'),
(530115, 'Israeli Couscous'),
(530115, 'Lemon Garlic Chicken Skewers'),
(530115, 'Moroccan Carrots'),
(530115, 'Pita Bread'),
(530115, 'Pork Eggroll'),
(530115, 'Purple Rice'),
(530115, 'Szechuan Chicken'),
(530115, 'Vegan Split Pea Soup'),
(530115, 'Vegetable Chow Mein'),
(530115, 'White Rice'),
(530116, 'Alabama White BBQ Sauce'),
(530116, 'BBQ Sauce'),
(530116, 'Brown Rice'),
(530116, 'California Blend Vegetables'),
(530116, 'Carolina BBQ Sauce'),
(530116, 'Chicken Eggroll'),
(530116, 'Cobb Salad'),
(530116, 'Cream of Mushroom Soup'),
(530116, 'Creamy Cole Slaw'),
(530116, 'Fried Macaroni & Cheese'),
(530116, 'Kung Pao Chicken'),
(530116, 'Pinto Bean and Ham Hock Soup'),
(530116, 'Pulled Pork'),
(530116, 'Slider Bun'),
(530116, 'Spicy BBQ Sauce'),
(530116, 'Sweet Potato Fries'),
(530116, 'Vegetarian Fried Rice'),
(530116, 'White Rice'),
(530120, 'Assorted Danishes'),
(530120, 'Assorted Donuts'),
(530120, 'Fruit Tray'),
(530120, 'Hard Cooked Eggs'),
(530120, 'Waffle Bar'),
(530120, 'Yogurt Bar'),
(530121, 'Apple Cinnamon Pancakes'),
(530121, 'Assorted Donuts'),
(530121, 'Cinnamon Twirls'),
(530121, 'Fruit Tray'),
(530121, 'Grapefruit Halves'),
(530121, 'Grilled Ham'),
(530121, 'Hard Cooked Eggs'),
(530121, 'Malt-o-Meal'),
(530121, 'Oatmeal'),
(530121, 'Pancake Syrup'),
(530121, 'Scrambled Egg Toppings'),
(530121, 'Scrambled Eggs'),
(530121, 'Tri-tater Potatoes'),
(530121, 'Veggie Sausage Patty'),
(530121, 'Yogurt Bar'),
(530122, 'Assorted Donuts'),
(530122, 'Biscuits'),
(530122, 'Coffee Cake'),
(530122, 'Cream of Wheat'),
(530122, 'Fruit Tray'),
(530122, 'Grapefruit Halves'),
(530122, 'Hard Cooked Eggs'),
(530122, 'Hash Browns'),
(530122, 'Oatmeal'),
(530122, 'Sausage Gravy'),
(530122, 'Scrambled Egg Toppings'),
(530122, 'Scrambled Eggs'),
(530122, 'Vegetarian Sausage Gravy'),
(530122, 'Veggie Sausage Patty'),
(530122, 'Yogurt Bar'),
(530123, 'Assorted Danishes'),
(530123, 'Assorted Donuts'),
(530123, 'Bacon'),
(530123, 'Blueberry Pancakes'),
(530123, 'Fruit Tray'),
(530123, 'Grapefruit Halves'),
(530123, 'Grits'),
(530123, 'Hard Cooked Eggs'),
(530123, 'Oatmeal'),
(530123, 'Pancake Syrup'),
(530123, 'Scrambled Egg Toppings'),
(530123, 'Scrambled Eggs'),
(530123, 'Tater-Tots'),
(530123, 'Yogurt Bar'),
(530124, 'Assorted Donuts'),
(530124, 'Assorted Muffins'),
(530124, 'Chocolate Malt-o-Meal'),
(530124, 'French Toast'),
(530124, 'Fruit Tray'),
(530124, 'Grapefruit Halves'),
(530124, 'Hard Cooked Eggs'),
(530124, 'Hash Brown Patty'),
(530124, 'Oatmeal'),
(530124, 'Pork Sausage Links'),
(530124, 'Scrambled Egg Toppings'),
(530124, 'Scrambled Eggs'),
(530124, 'Veggie Sausage Patty'),
(530124, 'Yogurt Bar');
INSERT INTO `menus_have_food_items` (`menus_id`, `food_name`) VALUES
(530125, 'Assorted Donuts'),
(530125, 'Assorted Muffins'),
(530125, 'Chicken Bacon'),
(530125, 'Cream of Wheat'),
(530125, 'Fruit Tray'),
(530125, 'Grapefruit Halves'),
(530125, 'Hard Cooked Eggs'),
(530125, 'Make Your Own Chorizo Breakfast Burrito'),
(530125, 'Oatmeal'),
(530125, 'Scrambled Egg Toppings'),
(530125, 'Scrambled Eggs'),
(530125, 'Southwest Tater Tots'),
(530125, 'Veggie Sausage Patty'),
(530125, 'Yogurt Bar'),
(530126, 'Antipasto Platter'),
(530126, 'Asparagus'),
(530126, 'Asparagus Spears'),
(530126, 'Assorted Danish'),
(530126, 'Assorted Danishes'),
(530126, 'Bacon'),
(530126, 'Black Bean Chili'),
(530126, 'Bread Dressing'),
(530126, 'Chicken Noodle Soup'),
(530126, 'Chocolate Pancakes'),
(530126, 'Fruit Tray'),
(530126, 'Hummus'),
(530126, 'Jell-O'),
(530126, 'Neapolitan Spaghetti'),
(530126, 'Roasted Turkey Breast'),
(530126, 'Scrambled Egg Toppings'),
(530126, 'Scrambled Eggs'),
(530126, 'Tofu Salad with Rice Wine Vinaigrette'),
(530126, 'Turkey Gravy'),
(530126, 'Vanilla Pudding'),
(530126, 'Veggie Sausage Patty'),
(530126, 'Vinaigrette Cole Slaw'),
(530126, 'White Rice'),
(530127, 'Apricot Sweet & Sour Sauce'),
(530127, 'Baby Carrots'),
(530127, 'BBQ Brisket Sandwich'),
(530127, 'BBQ Sauce'),
(530127, 'Brown Rice Pilaf'),
(530127, 'Buffalo Chicken Salad'),
(530127, 'Chana Masala (Curried Chickpeas)'),
(530127, 'Chicken Tenders'),
(530127, 'Chocolate Pudding'),
(530127, 'Cream of Mushroom Soup'),
(530127, 'French Onion Soup'),
(530127, 'Fruit Tray'),
(530127, 'Honey Mustard'),
(530127, 'Jell-O'),
(530127, 'Orange Sheet Cake'),
(530127, 'Ranch Dressing'),
(530127, 'Red Pepper Hummus'),
(530127, 'Seasoned Curly Fries'),
(530127, 'Taffy Apple Salad'),
(530127, 'Tuna Salad'),
(530127, 'Venezuelan Shrimp with Feta'),
(530128, 'All-Beef Hot Dog'),
(530128, 'Basmati Rice'),
(530128, 'Chicken Caesar Salad'),
(530128, 'Cream of Tomato Soup'),
(530128, 'Eggplant Hummus'),
(530128, 'French Fries'),
(530128, 'Fruit Tray'),
(530128, 'Green Beans'),
(530128, 'Gyro Sandwich'),
(530128, 'Herbed Grilled Turkey'),
(530128, 'Hot & Sour Soup'),
(530128, 'Jell-O'),
(530128, 'Madras Potatoes'),
(530128, 'Pita Bread'),
(530128, 'Smoked Turkey Salad'),
(530128, 'Tomato Feta Quinoa'),
(530128, 'Vanilla Pudding'),
(530128, 'White Chocolate Macadamia Nut Cookies'),
(530129, 'Apple Smoked Chicken Sausage'),
(530129, 'Chocolate Pudding'),
(530129, 'Corn Tortilla'),
(530129, 'Cornbread'),
(530129, 'Fiesta Corn'),
(530129, 'Flour Tortilla'),
(530129, 'Fruit Tray'),
(530129, 'Ground Beef Tacos'),
(530129, 'Ham and Bean Soup'),
(530129, 'Heidi''s Guacamole'),
(530129, 'Honey Dijon Chicken'),
(530129, 'Hummus'),
(530129, 'Jell-O'),
(530129, 'Ranch Egg Salad'),
(530129, 'Refried Beans'),
(530129, 'Seafood Salad'),
(530129, 'Seasoned Waffle Fries'),
(530129, 'Spinach and Strawberry Salad'),
(530129, 'Taco Toppings'),
(530129, 'Toasted Marshmallow and Chocolate Bar'),
(530129, 'Vegan Fajitas'),
(530129, 'Vegetable Barley Soup'),
(530129, 'Whole Kernel Corn'),
(530129, 'Yellow Rice'),
(530130, 'Broccoli Florets'),
(530130, 'Butter Sugar Cookies'),
(530130, 'Chocolate Pudding'),
(530130, 'Cuban Sandwich'),
(530130, 'Falafel with Pita'),
(530130, 'Fruit Tray'),
(530130, 'Hamburger on Bun'),
(530130, 'Illini Salad'),
(530130, 'Jell-O'),
(530130, 'Minestrone Soup'),
(530130, 'Pita Bread'),
(530130, 'Soul''s Potato Salad'),
(530130, 'Steak Fries'),
(530130, 'Sweet Potato Hummus'),
(530130, 'Thai Chili Chicken Drumsticks'),
(530130, 'Tuna Salad'),
(530130, 'Tuscan Soup'),
(530130, 'White Rice'),
(530131, 'Boneless Buffalo Chicken Wings'),
(530131, 'Brown Rice'),
(530131, 'Cape Cod Vegetable Blend'),
(530131, 'Confetti Pasta Salad'),
(530131, 'Fire Island Coleslaw'),
(530131, 'French Fried Onion Rings'),
(530131, 'Fruit Tray'),
(530131, 'Hummus'),
(530131, 'Jell-O'),
(530131, 'Lentil Soup'),
(530131, 'Malibu Burger'),
(530131, 'New England Clam Chowder'),
(530131, 'S''mores Bar'),
(530131, 'Salmon Teriyaki'),
(530131, 'Sloppy Joe Sandwiches'),
(530131, 'Vanilla Pudding'),
(530131, 'Vegetable Spread'),
(530132, 'Antipasto Platter'),
(530132, 'Biscuits'),
(530132, 'Black Bean Chili'),
(530132, 'Brown Rice'),
(530132, 'Chicken and Noodles'),
(530132, 'Chicken Noodle Soup'),
(530132, 'Fettuccine'),
(530132, 'Grilled Piri Piri Shrimp'),
(530132, 'Hummus'),
(530132, 'Italian Meat Sauce'),
(530132, 'Jell-O'),
(530132, 'Marinara Sauce'),
(530132, 'Sugar Snap Peas'),
(530132, 'Tiramisu'),
(530132, 'Tofu Salad with Rice Wine Vinaigrette'),
(530132, 'Vegetable Pot Pie'),
(530132, 'Vinaigrette Cole Slaw'),
(530132, 'Whipped Potatoes'),
(530133, 'Alfredo Sauce'),
(530133, 'Beef Lasagna'),
(530133, 'Buffalo Chicken Salad'),
(530133, 'Cream of Mushroom Soup'),
(530133, 'Farfalle Pasta'),
(530133, 'French Onion Soup'),
(530133, 'Honey Chipotle Chicken'),
(530133, 'Jell-O'),
(530133, 'Marinara Sauce'),
(530133, 'Red Pepper Hummus'),
(530133, 'Sister Schubert Rolls'),
(530133, 'Sponge Cake'),
(530133, 'Steamed Spinach'),
(530133, 'Taffy Apple Salad'),
(530133, 'Vegan Chicken Bang Bang'),
(530133, 'White Rice'),
(530134, 'Bread Sticks'),
(530134, 'Broccoli Florets'),
(530134, 'Chicken Caesar Salad'),
(530134, 'Chicken Gravy'),
(530134, 'Cream of Tomato Soup'),
(530134, 'Eggplant Hummus'),
(530134, 'Fried Chicken'),
(530134, 'Garlic Red Skin Mashed Potatoes'),
(530134, 'Hot & Sour Soup'),
(530134, 'Jell-O'),
(530134, 'Macaroni & Cheese'),
(530134, 'New York Cheesecake'),
(530134, 'Sautéed Mushrooms'),
(530134, 'Sautéed Onions'),
(530134, 'Sirloin Tri-Tip Roast'),
(530134, 'Smoked Turkey Salad'),
(530134, 'Tomato Feta Quinoa'),
(530134, 'White and Wild Rice'),
(530135, 'Basmati Rice'),
(530135, 'Cheese Ravioli'),
(530135, 'French Dinner Roll'),
(530135, 'Iced Chocolate Cake'),
(530135, 'Illini Salad'),
(530135, 'Jell-O'),
(530135, 'Marinara Sauce'),
(530135, 'Meatloaf'),
(530135, 'Minestrone Soup'),
(530135, 'Prince Edward Vegetable Blend'),
(530135, 'Red Pepper Hummus'),
(530135, 'Roasted Turkey Breast'),
(530135, 'Soul''s Potato Salad'),
(530135, 'Turkey Gravy'),
(530135, 'Tuscan Soup'),
(530135, 'Whipped Potatoes'),
(530190, 'Chicken, White & Wild Rice Soup'),
(530190, 'Orange Chicken'),
(530190, 'Pasta Fagioli Soup'),
(530190, 'Pork Eggroll'),
(530190, 'Purple Rice'),
(530190, 'White Rice'),
(530191, 'Baked Potato Soup'),
(530191, 'Beef and Broccoli Stir Fry'),
(530191, 'Brown Rice'),
(530191, 'Fried Vegetarian Spring Rolls'),
(530191, 'Vegetable Barley Soup'),
(530191, 'White Rice'),
(530192, 'Chicken Tortilla Soup'),
(530192, 'Mongolian Beef'),
(530192, 'Purple Rice'),
(530192, 'Vegan Split Pea Soup'),
(530192, 'Vegetarian Buddha''s Delight'),
(530192, 'White Rice'),
(530193, 'Brown Rice'),
(530193, 'Cream of Mushroom Soup'),
(530193, 'General Tso''s Chicken'),
(530193, 'Pinto Bean and Ham Hock Soup'),
(530193, 'Vegetable Lo Mein'),
(530193, 'White Rice'),
(530194, 'Cajun Shrimp Soup'),
(530194, 'Hawaiian Sticky Tofu'),
(530194, 'Purple Rice'),
(530194, 'Salmon Teriyaki'),
(530194, 'Tomato Basil Soup'),
(530194, 'White Rice'),
(530204, 'Assorted Danishes'),
(530204, 'Assorted Donuts'),
(530204, 'Fruit Tray'),
(530204, 'Hard Cooked Eggs'),
(530204, 'Waffle Bar'),
(530204, 'Yogurt Bar'),
(530205, 'Assorted Donuts'),
(530205, 'Biscuits'),
(530205, 'Coffee Cake'),
(530205, 'Country Fried Steak Slider with Biscuit'),
(530205, 'Fruit Tray'),
(530205, 'Grapefruit Halves'),
(530205, 'Grits'),
(530205, 'Hard Cooked Eggs'),
(530205, 'Hash Browns'),
(530205, 'Oatmeal'),
(530205, 'Scrambled Egg Toppings'),
(530205, 'Scrambled Eggs'),
(530205, 'Vegetarian Sausage Gravy'),
(530205, 'Veggie Sausage Patty'),
(530205, 'Waffle Bar'),
(530205, 'Yogurt Bar'),
(530206, 'Assorted Donuts'),
(530206, 'Bacon'),
(530206, 'Blueberry Pancakes'),
(530206, 'Cheese Danish'),
(530206, 'Fruit Tray'),
(530206, 'Grapefruit Halves'),
(530206, 'Hard Cooked Eggs'),
(530206, 'Malt-o-Meal'),
(530206, 'Oatmeal'),
(530206, 'Pancake Syrup'),
(530206, 'Scrambled Egg Toppings'),
(530206, 'Scrambled Eggs'),
(530206, 'Veggie Sausage Patty'),
(530206, 'Waffle Bar'),
(530206, 'Yogurt Bar'),
(530207, 'Assorted Donuts'),
(530207, 'Assorted Muffins'),
(530207, 'Cheese Grits'),
(530207, 'French Toast Sticks'),
(530207, 'Fruit Tray'),
(530207, 'Grapefruit Halves'),
(530207, 'Hard Cooked Eggs'),
(530207, 'Oatmeal'),
(530207, 'Pancake Syrup'),
(530207, 'Pork Sausage Patties'),
(530207, 'Scrambled Egg Toppings'),
(530207, 'Scrambled Eggs'),
(530207, 'Tri-tater Potatoes'),
(530207, 'Veggie Sausage Patty'),
(530207, 'Waffle Bar'),
(530207, 'Yogurt Bar'),
(530208, 'Assorted Donuts'),
(530208, 'Breakfast Sausage Corn Dog'),
(530208, 'Buttermilk Pancakes'),
(530208, 'Chocolate Malt-o-Meal'),
(530208, 'Fruit Tray'),
(530208, 'Grapefruit Halves'),
(530208, 'Hard Cooked Eggs'),
(530208, 'Hash Brown Patty'),
(530208, 'Oatmeal'),
(530208, 'Pancake Syrup'),
(530208, 'Scrambled Egg Toppings'),
(530208, 'Scrambled Eggs'),
(530208, 'Veggie Sausage Patty'),
(530208, 'Waffle Bar'),
(530208, 'Yogurt Bar'),
(530209, 'Assorted Donuts'),
(530209, 'Cinnamon Twirls'),
(530209, 'Cream of Wheat'),
(530209, 'French Toast'),
(530209, 'Fruit Tray'),
(530209, 'Grapefruit Halves'),
(530209, 'Hard Cooked Eggs'),
(530209, 'Hash Browns'),
(530209, 'Oatmeal'),
(530209, 'Pancake Syrup'),
(530209, 'Scrambled Egg Toppings'),
(530209, 'Scrambled Eggs'),
(530209, 'Turkey Sausage Patty'),
(530209, 'Veggie Sausage Patty'),
(530209, 'Yogurt Bar'),
(530246, 'Cauliflower'),
(530246, 'Cookies & Cream Pie'),
(530246, 'Cornbread'),
(530246, 'Creamy Pesto Sauce'),
(530246, 'Fettuccine'),
(530246, 'Golden Fried Tofu with Chili Sauce'),
(530246, 'Ham and Bean Soup'),
(530246, 'Hummus'),
(530246, 'Jasmine Rice'),
(530246, 'Jell-O'),
(530246, 'Marinara Sauce'),
(530246, 'Marinated Pork Chop'),
(530246, 'Princess Chicken'),
(530246, 'Ranch Egg Salad'),
(530246, 'Roasted Yukon Gold Potatoes'),
(530246, 'Seafood Salad'),
(530246, 'Spinach and Strawberry Salad'),
(530246, 'Vegetable Barley Soup'),
(530247, 'Boneless Buffalo Chicken Wings'),
(530247, 'Breaded Tilapia'),
(530247, 'Broccoli Florets'),
(530247, 'Brown Rice'),
(530247, 'Chocolate Pudding'),
(530247, 'Confetti Pasta Salad'),
(530247, 'Fruit Tray'),
(530247, 'Grilled Cheddar on Wheat Berry'),
(530247, 'Jell-O'),
(530247, 'New England Clam Chowder'),
(530247, 'Raspberry Bars'),
(530247, 'Seasoned Waffle Fries'),
(530247, 'Sweet Potato Hummus'),
(530247, 'Tomato Soup'),
(530247, 'Tuna Salad'),
(530247, 'Vegan Chicken Sukiyaki'),
(530247, 'Vinaigrette Cole Slaw'),
(530249, 'Bread Sticks'),
(530249, 'Broccoli Florets'),
(530249, 'Chicken Caesar Salad'),
(530249, 'Chicken Gravy'),
(530249, 'Cream of Tomato Soup'),
(530249, 'Eggplant Hummus'),
(530249, 'Fried Chicken'),
(530249, 'Garlic Red Skin Mashed Potatoes'),
(530249, 'Hot & Sour Soup'),
(530249, 'Jell-O'),
(530249, 'Macaroni & Cheese'),
(530249, 'New York Cheesecake'),
(530249, 'Sautéed Mushrooms'),
(530249, 'Sautéed Onions'),
(530249, 'Sirloin Tri-Tip Roast'),
(530249, 'Smoked Turkey Salad'),
(530249, 'Tomato Feta Quinoa'),
(530249, 'White and Wild Rice'),
(530250, 'Basmati Rice'),
(530250, 'Cheese Ravioli'),
(530250, 'French Dinner Roll'),
(530250, 'Iced Chocolate Cake'),
(530250, 'Illini Salad'),
(530250, 'Jell-O'),
(530250, 'Marinara Sauce'),
(530250, 'Meatloaf'),
(530250, 'Minestrone Soup'),
(530250, 'Prince Edward Vegetable Blend'),
(530250, 'Red Pepper Hummus'),
(530250, 'Roasted Turkey Breast'),
(530250, 'Soul''s Potato Salad'),
(530250, 'Turkey Gravy'),
(530250, 'Tuscan Soup'),
(530250, 'Whipped Potatoes'),
(530251, 'Beef Gravy'),
(530251, 'Biscuits'),
(530251, 'Breaded Cheese Ravioli'),
(530251, 'California Blend Vegetables'),
(530251, 'Chicken Ramen Broth'),
(530251, 'Egg Salad'),
(530251, 'Garlic Whipped Potatoes'),
(530251, 'Greek Orzo Pasta Salad'),
(530251, 'Ham and Bean Soup'),
(530251, 'Jell-O'),
(530251, 'Lemon Goat Cheese Hummus'),
(530251, 'Marinara Sauce'),
(530251, 'Meatloaf'),
(530251, 'Pound Cake with Berries'),
(530251, 'Roasted Cornish Hens'),
(530251, 'Southwest Caesar Salad'),
(530251, 'Squash Soup with Apple Confit'),
(530251, 'Vegetable Ramen Broth'),
(530251, 'White Rice');

-- --------------------------------------------------------

--
-- Table structure for table `notifications`
--

CREATE TABLE IF NOT EXISTS `notifications` (
  `user_net_id` char(8) NOT NULL,
  `food_name` varchar(255) NOT NULL,
  `facility_id` int(11) NOT NULL,
  PRIMARY KEY (`user_net_id`,`food_name`,`facility_id`),
  KEY `fk_users_has_food_items_food_items2_idx` (`food_name`),
  KEY `fk_users_has_food_items_users1_idx` (`user_net_id`),
  KEY `fk_notifications_facilities1_idx` (`facility_id`)
) ENGINE=InnoDB DEFAULT CHARSET=utf8;

--
-- Dumping data for table `notifications`
--

INSERT INTO `notifications` (`user_net_id`, `food_name`, `facility_id`) VALUES
('whennes2', 'All-Beef Hot Dog', 1),
('srwalte2', 'All-Beef Hot Dog', 5),
('srwalte2', 'All-Beef Hot Dog', 10),
('srwalte2', 'Assorted Dinner Rolls', 23),
('srwalte2', 'Chocolate Chip Pancakes', 23);

-- --------------------------------------------------------

--
-- Table structure for table `nutritional_information`
--

CREATE TABLE IF NOT EXISTS `nutritional_information` (
  `food_name` varchar(255) NOT NULL,
  `calories` int(10) unsigned DEFAULT NULL,
  `total_fat` decimal(5,1) unsigned DEFAULT NULL,
  `saturated_fat` decimal(5,1) unsigned DEFAULT NULL,
  `polyunsaturated_fat` decimal(5,1) unsigned DEFAULT NULL,
  `monounsaturated_fat` decimal(5,1) unsigned DEFAULT NULL,
  `cholesterol` int(10) unsigned DEFAULT NULL,
  `sodium` int(10) unsigned DEFAULT NULL,
  `total_carbohydrate` int(10) unsigned DEFAULT NULL,
  `dietary_fiber` int(10) unsigned DEFAULT NULL,
  `vitamin_a` int(10) unsigned DEFAULT NULL,
  `vitamin_c` int(10) unsigned DEFAULT NULL,
  `calcium` int(10) unsigned DEFAULT NULL,
  `iron` int(10) unsigned DEFAULT NULL,
  `protein` int(10) unsigned DEFAULT NULL,
  `sugar` int(10) unsigned DEFAULT NULL,
  PRIMARY KEY (`food_name`),
  UNIQUE KEY `food_items_id_UNIQUE` (`food_name`)
) ENGINE=InnoDB DEFAULT CHARSET=utf8;

--
-- Dumping data for table `nutritional_information`
--

INSERT INTO `nutritional_information` (`food_name`, `calories`, `total_fat`, `saturated_fat`, `polyunsaturated_fat`, `monounsaturated_fat`, `cholesterol`, `sodium`, `total_carbohydrate`, `dietary_fiber`, `vitamin_a`, `vitamin_c`, `calcium`, `iron`, `protein`, `sugar`) VALUES
(' Beef Enchilada Casserole', 0, '0.0', '0.0', '0.0', '0.0', 0, 0, 0, 0, 0, 0, 0, 0, 0, 0),
(' Yukon Gold Potato Salad with Artichoke', 221, '9.0', '1.5', '0.0', '0.0', 5, 470, 31, 4, 0, 0, 4, 10, 4, 2),
('10oz Sirloin Steak', 0, '0.0', '0.0', '0.0', '0.0', 0, 0, 0, 0, 0, 0, 0, 0, 0, 0),
('12 Flour Tortilla', 0, '0.0', '0.0', '0.0', '0.0', 0, 0, 0, 0, 0, 0, 0, 0, 0, 0),
('12oz Ribeye Steak', 0, '0.0', '0.0', '0.0', '0.0', 0, 0, 0, 0, 0, 0, 0, 0, 0, 0),
('4 Square Ciabatta Roll', 324, '2.5', '0.0', '0.0', '0.0', 0, 560, 62, 2, 0, 0, 8, 20, 14, 1),
('8 Flour Tortilla Shells', 0, '0.0', '0.0', '0.0', '0.0', 0, 0, 0, 0, 0, 0, 0, 0, 0, 0),
('African Sweet Potato and Peanut Soup', 0, '0.0', '0.0', '0.0', '0.0', 0, 0, 0, 0, 0, 0, 0, 0, 0, 0),
('Alabama White BBQ Sauce', 64, '7.0', '1.0', '0.0', '0.0', 5, 95, 0, 0, 0, 0, 0, 0, 0, 0),
('Alfredo Sauce', 170, '16.0', '10.0', '0.0', '0.0', 50, 190, 3, 0, 0, 0, 10, 2, 3, 1),
('All-Beef Hot Dog', 442, '30.0', '10.0', '0.0', '0.0', 90, 1130, 28, 1, 0, 0, 8, 15, 15, 3),
('Almond Apricot Bar', 343, '15.0', '8.0', '0.0', '0.0', 60, 150, 49, 1, 0, 0, 4, 8, 5, 31),
('Almond Cookie', 191, '12.0', '4.5', '0.0', '0.0', 20, 40, 17, 1, 0, 0, 6, 6, 3, 9),
('Almond Danish', 167, '12.0', '3.5', '0.0', '0.0', 5, 95, 13, 0, 0, 0, 4, 2, 2, 2),
('Aloo Gobi', 0, '0.0', '0.0', '0.0', '0.0', 0, 0, 0, 0, 0, 0, 0, 0, 0, 0),
('Ambrosia Fruit Salad', 0, '0.0', '0.0', '0.0', '0.0', 0, 0, 0, 0, 0, 0, 0, 0, 0, 0),
('American Cheese', 0, '0.0', '0.0', '0.0', '0.0', 0, 0, 0, 0, 0, 0, 0, 0, 0, 0),
('American Fried Potatoes', 0, '0.0', '0.0', '0.0', '0.0', 0, 0, 0, 0, 0, 0, 0, 0, 0, 0),
('Anchovy Filet', 0, '0.0', '0.0', '0.0', '0.0', 0, 0, 0, 0, 0, 0, 0, 0, 0, 0),
('Andes Mint Pie', 506, '31.0', '21.0', '0.0', '0.0', 5, 350, 52, 3, 0, 0, 4, 10, 4, 36),
('Angel Food Cake', 215, '0.0', '0.0', '0.0', '0.0', 0, 220, 48, 0, 0, 0, 0, 6, 5, 37),
('Antipasto Platter', 245, '12.0', '5.0', '0.0', '0.0', 25, 650, 23, 2, 0, 0, 15, 8, 11, 8),
('Apple & Candied Pecan Salad', 0, '0.0', '0.0', '0.0', '0.0', 0, 0, 0, 0, 0, 0, 0, 0, 0, 0),
('Apple Cinnamon Pancakes', 166, '4.0', '1.0', '0.0', '0.0', 5, 400, 29, 1, 0, 0, 4, 8, 4, 11),
('Apple Crepes', 0, '0.0', '0.0', '0.0', '0.0', 0, 0, 0, 0, 0, 0, 0, 0, 0, 0),
('Apple Crisp', 317, '11.0', '6.0', '0.0', '0.0', 25, 85, 55, 4, 0, 0, 2, 6, 2, 27),
('Apple Danish', 150, '10.0', '3.0', '0.0', '0.0', 0, 90, 12, 0, 0, 0, 2, 0, 2, 1),
('Apple Pie', 432, '18.0', '8.0', '0.0', '0.0', 0, 400, 61, 3, 0, 0, 0, 10, 4, 21),
('Apple Smoked Chicken Sausage', 120, '7.0', '3.5', '0.0', '0.0', 50, 480, 0, 0, 0, 0, 0, 0, 15, 0),
('Apple, Gouda, Bacon & Cheddar Pizza', 0, '0.0', '0.0', '0.0', '0.0', 0, 0, 0, 0, 0, 0, 0, 0, 0, 0),
('Apricot Danish', 155, '10.0', '3.0', '0.0', '0.0', 0, 90, 13, 0, 0, 0, 2, 0, 2, 2),
('Apricot Sweet & Sour Sauce', 29, '0.0', '0.0', '0.0', '0.0', 0, 20, 7, 0, 0, 0, 0, 0, 0, 6),
('Artichoke, Arugula & Mushroom Salad', 0, '0.0', '0.0', '0.0', '0.0', 0, 0, 0, 0, 0, 0, 0, 0, 0, 0),
('Asian Chicken with Sesame Orange Sauce', 356, '13.0', '2.5', '0.0', '0.0', 30, 790, 41, 0, 0, 0, 6, 15, 14, 23),
('Asian Garlic Chili Sauce', 15, '0.0', '0.0', '0.0', '0.0', 0, 800, 3, 1, 0, 0, 0, 0, 0, 0),
('Asparagus', 22, '0.0', '0.0', '0.0', '0.0', 0, 5, 4, 2, 0, 0, 2, 4, 3, 0),
('Asparagus Spears', 11, '0.0', '0.0', '0.0', '0.0', 0, 0, 2, 0, 0, 0, 2, 2, 1, 0),
('Assorted Caramel & Chocolate Cheesecakes', 300, '19.0', '10.0', '0.0', '0.0', 55, 200, 29, 1, 0, 0, 4, 4, 4, 21),
('Assorted Cookies', 167, '8.0', '3.5', '0.0', '0.0', 10, 150, 22, 0, 0, 0, 0, 4, 2, 13),
('Assorted Danish', 174, '10.0', '4.0', '0.0', '0.0', 10, 135, 18, 0, 0, 0, 2, 2, 3, 3),
('Assorted Danishes', 310, '15.0', '6.0', '0.0', '0.0', 5, 290, 41, 1, 0, 0, 10, 2, 4, 19),
('Assorted Dinner Rolls', 141, '1.5', '0.0', '0.0', '0.0', 0, 230, 27, 2, 0, 0, 2, 8, 5, 3),
('Assorted Donuts', 163, '7.0', '3.0', '0.0', '0.0', 0, 230, 23, 0, 0, 0, 0, 6, 2, 9),
('Assorted Muffins', 181, '6.0', '1.0', '0.0', '0.0', 20, 160, 28, 1, 0, 0, 0, 6, 3, 16),
('Autumn Fruit & Nut Salad', 218, '14.0', '3.0', '0.0', '0.0', 10, 125, 23, 2, 0, 0, 4, 2, 1, 20),
('Autumn Stew', 0, '0.0', '0.0', '0.0', '0.0', 0, 0, 0, 0, 0, 0, 0, 0, 0, 0),
('Avocado Ranch Chicken Breast', 305, '21.0', '10.0', '0.0', '0.0', 95, 770, 6, 1, 0, 0, 6, 6, 23, 1),
('Baby Carrots', 31, '0.0', '0.0', '0.0', '0.0', 0, 60, 7, 3, 0, 0, 4, 2, 0, 4),
('Bacon', 65, '6.0', '2.0', '0.0', '0.0', 10, 120, 0, 0, 0, 0, 0, 0, 2, 0),
('Bacon Cheddar Burger', 0, '0.0', '0.0', '0.0', '0.0', 0, 0, 0, 0, 0, 0, 0, 0, 0, 0),
('Bacon Cheeseburger Pizza', 0, '0.0', '0.0', '0.0', '0.0', 0, 0, 0, 0, 0, 0, 0, 0, 0, 0),
('Bacon Tomato Onion Pizza', 0, '0.0', '0.0', '0.0', '0.0', 0, 0, 0, 0, 0, 0, 0, 0, 0, 0),
('Bagel Bar', 0, '0.0', '0.0', '0.0', '0.0', 0, 0, 0, 0, 0, 0, 0, 0, 0, 0),
('Baked Cajun Catfish', 206, '17.0', '2.0', '0.0', '0.0', 35, 180, 0, 0, 0, 0, 2, 2, 12, 0),
('Baked Cheese Ravioli', 318, '8.0', '4.5', '0.0', '0.0', 75, 900, 42, 3, 0, 0, 6, 6, 11, 11),
('Baked Chicken Pieces', 292, '21.0', '6.0', '0.0', '0.0', 120, 120, 0, 0, 0, 0, 2, 10, 26, 0),
('Baked Chicken w/ BBQ Sauce', 264, '17.0', '5.0', '0.0', '0.0', 95, 180, 8, 0, 0, 0, 2, 8, 20, 4),
('Baked Potato Soup', 328, '28.0', '16.0', '0.0', '0.0', 90, 280, 13, 1, 0, 0, 20, 2, 8, 4),
('Baked Potatoes', 159, '0.0', '0.0', '0.0', '0.0', 0, 15, 36, 5, 0, 0, 2, 8, 4, 3),
('Baked Sweet Potato', 316, '15.0', '9.0', '0.0', '0.0', 40, 80, 45, 4, 0, 0, 6, 6, 2, 23),
('Baked Sweet Potato Falafel', 0, '0.0', '0.0', '0.0', '0.0', 0, 0, 0, 0, 0, 0, 0, 0, 0, 0),
('Baked Ziti w/ Italian Sausage & Mushroom', 0, '0.0', '0.0', '0.0', '0.0', 0, 0, 0, 0, 0, 0, 0, 0, 0, 0),
('Balila (Chickpeas in Cumin & Olive Oil)', 0, '0.0', '0.0', '0.0', '0.0', 0, 0, 0, 0, 0, 0, 0, 0, 0, 0),
('Balsamic Reduction', 0, '0.0', '0.0', '0.0', '0.0', 0, 0, 0, 0, 0, 0, 0, 0, 0, 0),
('Balsamic Vinegar', 0, '0.0', '0.0', '0.0', '0.0', 0, 0, 0, 0, 0, 0, 0, 0, 0, 0),
('Banana', 0, '0.0', '0.0', '0.0', '0.0', 0, 0, 0, 0, 0, 0, 0, 0, 0, 0),
('Banana Cream Pie', 412, '26.0', '14.0', '0.0', '0.0', 40, 250, 40, 1, 0, 0, 8, 6, 4, 21),
('Banana Nut Brownie', 261, '11.0', '3.0', '0.0', '0.0', 0, 180, 38, 2, 0, 0, 2, 10, 4, 27),
('Banana Nut Muffin', 458, '24.0', '4.0', '0.0', '0.0', 80, 380, 54, 2, 0, 0, 4, 15, 6, 28),
('Basmati Rice', 114, '1.0', '0.0', '0.0', '0.0', 0, 80, 23, 0, 0, 0, 2, 2, 2, 0),
('Battered Cod', 357, '23.0', '3.5', '0.0', '0.0', 30, 550, 19, 0, 0, 0, 2, 4, 15, 0),
('Bavarian Pretzel Roll', 0, '0.0', '0.0', '0.0', '0.0', 0, 0, 0, 0, 0, 0, 0, 0, 0, 0),
('Bavarian Pretzel Stick', 0, '0.0', '0.0', '0.0', '0.0', 0, 0, 0, 0, 0, 0, 0, 0, 0, 0),
('BBQ Bacon Burger', 0, '0.0', '0.0', '0.0', '0.0', 0, 0, 0, 0, 0, 0, 0, 0, 0, 0),
('BBQ Beef Sandwich', 0, '0.0', '0.0', '0.0', '0.0', 0, 0, 0, 0, 0, 0, 0, 0, 0, 0),
('BBQ Blueberry Chipotle Tofu', 0, '0.0', '0.0', '0.0', '0.0', 0, 0, 0, 0, 0, 0, 0, 0, 0, 0),
('BBQ Brisket Sandwich', 542, '22.0', '8.0', '0.0', '0.0', 70, 1190, 57, 1, 0, 0, 6, 15, 28, 15),
('BBQ Chicken Pizza', 259, '9.0', '5.0', '0.0', '0.0', 25, 630, 32, 1, 0, 0, 15, 10, 13, 4),
('BBQ Pork Pizza', 0, '0.0', '0.0', '0.0', '0.0', 0, 0, 0, 0, 0, 0, 0, 0, 0, 0),
('BBQ Pork Ribs', 0, '0.0', '0.0', '0.0', '0.0', 0, 0, 0, 0, 0, 0, 0, 0, 0, 0),
('BBQ Pork Sandwich', 510, '17.0', '5.0', '0.0', '0.0', 85, 890, 56, 1, 0, 0, 6, 25, 32, 15),
('BBQ Sauce', 31, '0.0', '0.0', '0.0', '0.0', 0, 100, 8, 0, 0, 0, 0, 0, 0, 4),
('Bean and Cheese and Burrito', 0, '0.0', '0.0', '0.0', '0.0', 0, 0, 0, 0, 0, 0, 0, 0, 0, 0),
('Bean Enchilada Casserole', 0, '0.0', '0.0', '0.0', '0.0', 0, 0, 0, 0, 0, 0, 0, 0, 0, 0),
('Beef & Broccoli Stirfry', 0, '0.0', '0.0', '0.0', '0.0', 0, 0, 0, 0, 0, 0, 0, 0, 0, 0),
('Beef & Chihuahua Cheese Quesadillas', 0, '0.0', '0.0', '0.0', '0.0', 0, 0, 0, 0, 0, 0, 0, 0, 0, 0),
('Beef and Broccoli Stir Fry', 255, '13.0', '3.0', '0.0', '0.0', 45, 480, 16, 2, 0, 0, 6, 10, 18, 7),
('Beef and Noodles', 213, '6.0', '2.5', '0.0', '0.0', 70, 1890, 15, 0, 0, 0, 4, 15, 22, 0),
('Beef Barley Soup', 104, '3.5', '1.0', '0.0', '0.0', 15, 760, 10, 2, 0, 0, 4, 6, 8, 1),
('Beef Bourguignon', 0, '0.0', '0.0', '0.0', '0.0', 0, 0, 0, 0, 0, 0, 0, 0, 0, 0),
('Beef Brisket', 230, '16.0', '6.0', '0.0', '0.0', 60, 1020, 3, 1, 0, 0, 2, 10, 18, 0),
('Beef Bulgogi', 177, '5.0', '2.0', '0.0', '0.0', 60, 610, 6, 0, 0, 0, 4, 10, 24, 4),
('Beef Bulgogi Pizza', 0, '0.0', '0.0', '0.0', '0.0', 0, 0, 0, 0, 0, 0, 0, 0, 0, 0),
('Beef Corned Cabbage', 352, '16.0', '5.0', '0.0', '0.0', 55, 1350, 28, 5, 0, 0, 15, 20, 19, 9),
('Beef Fajitas', 248, '9.0', '2.5', '0.0', '0.0', 45, 490, 22, 2, 0, 0, 10, 8, 19, 2),
('Beef Fusilli Cheddar Bake', 0, '0.0', '0.0', '0.0', '0.0', 0, 0, 0, 0, 0, 0, 0, 0, 0, 0),
('Beef Gravy', 7, '0.0', '0.0', '0.0', '0.0', 0, 210, 1, 0, 0, 0, 0, 0, 0, 0),
('Beef Kibbeh', 0, '0.0', '0.0', '0.0', '0.0', 0, 0, 0, 0, 0, 0, 0, 0, 0, 0),
('Beef Lasagna', 393, '18.0', '10.0', '0.0', '0.0', 70, 1110, 22, 3, 0, 0, 40, 10, 31, 6),
('Beef n Cheddar Sandwich', 0, '0.0', '0.0', '0.0', '0.0', 0, 0, 0, 0, 0, 0, 0, 0, 0, 0),
('Beef Rouladen', 0, '0.0', '0.0', '0.0', '0.0', 0, 0, 0, 0, 0, 0, 0, 0, 0, 0),
('Beef Sirloin Roast', 216, '11.0', '4.0', '0.0', '0.0', 95, 60, 0, 0, 0, 0, 2, 10, 29, 0),
('Beef Steak Tenderloin', 0, '0.0', '0.0', '0.0', '0.0', 0, 0, 0, 0, 0, 0, 0, 0, 0, 0),
('Beef Stew', 291, '13.0', '6.0', '0.0', '0.0', 65, 740, 19, 2, 0, 0, 15, 20, 26, 3),
('Beef Thai Satay', 0, '0.0', '0.0', '0.0', '0.0', 0, 0, 0, 0, 0, 0, 0, 0, 0, 0),
('Beef Veg Stir Fry', 169, '7.0', '2.0', '0.0', '0.0', 45, 250, 8, 2, 0, 0, 4, 10, 18, 3),
('Beef Vegetable Soup', 104, '3.0', '1.0', '0.0', '0.0', 20, 760, 8, 2, 0, 0, 6, 8, 11, 3),
('Beef with Snow Peas', 0, '0.0', '0.0', '0.0', '0.0', 0, 0, 0, 0, 0, 0, 0, 0, 0, 0),
('Beer Cheese Soup', 0, '0.0', '0.0', '0.0', '0.0', 0, 0, 0, 0, 0, 0, 0, 0, 0, 0),
('Bi Bim Bap Pickled Cucumber', 0, '0.0', '0.0', '0.0', '0.0', 0, 0, 0, 0, 0, 0, 0, 0, 0, 0),
('Bi Bim Bap Pickled Daikon', 0, '0.0', '0.0', '0.0', '0.0', 0, 0, 0, 0, 0, 0, 0, 0, 0, 0),
('Bi Bim Bap Poached Bean Sprouts', 0, '0.0', '0.0', '0.0', '0.0', 0, 0, 0, 0, 0, 0, 0, 0, 0, 0),
('Bi Bim Bap Poached Spinach', 0, '0.0', '0.0', '0.0', '0.0', 0, 0, 0, 0, 0, 0, 0, 0, 0, 0),
('Bi Bim Bap Poached Zucchini', 0, '0.0', '0.0', '0.0', '0.0', 0, 0, 0, 0, 0, 0, 0, 0, 0, 0),
('Bi Bim Bap Rice', 136, '0.0', '0.0', '0.0', '0.0', 0, 0, 30, 1, 0, 0, 0, 8, 2, 0),
('Bi Bim Bap Salad', 335, '11.0', '2.0', '0.0', '0.0', 170, 1100, 46, 5, 0, 0, 15, 20, 15, 11),
('Bi Bim Bap Sauteed Mushrooms', 0, '0.0', '0.0', '0.0', '0.0', 0, 0, 0, 0, 0, 0, 0, 0, 0, 0),
('Biscuits', 180, '9.0', '2.5', '0.0', '0.0', 0, 55, 21, 0, 0, 0, 2, 6, 4, 2),
('Biscuits and Gravy', 0, '0.0', '0.0', '0.0', '0.0', 0, 0, 0, 0, 0, 0, 0, 0, 0, 0),
('Black Bean Burger Wrap', 333, '14.0', '4.0', '0.0', '0.0', 15, 710, 38, 7, 0, 0, 20, 10, 16, 4),
('Black Bean Chili', 292, '8.0', '4.0', '0.0', '0.0', 15, 190, 42, 14, 0, 0, 10, 20, 16, 2),
('Black Bean Salad w/ Chiles and Lime', 80, '3.0', '0.0', '0.0', '0.0', 0, 120, 13, 2, 0, 0, 2, 6, 2, 3),
('Black Beans', 0, '0.0', '0.0', '0.0', '0.0', 0, 0, 0, 0, 0, 0, 0, 0, 0, 0),
('Black Eye Pea Soup w/ Sweet Potato', 133, '1.5', '0.0', '0.0', '0.0', 0, 440, 25, 4, 0, 0, 4, 10, 6, 5),
('Black Olives', 0, '0.0', '0.0', '0.0', '0.0', 0, 0, 0, 0, 0, 0, 0, 0, 0, 0),
('Black Rice Paella', 0, '0.0', '0.0', '0.0', '0.0', 0, 0, 0, 0, 0, 0, 0, 0, 0, 0),
('Blackened Chicken', 0, '0.0', '0.0', '0.0', '0.0', 0, 0, 0, 0, 0, 0, 0, 0, 0, 0),
('Blackened Sirloin Steak', 0, '0.0', '0.0', '0.0', '0.0', 0, 0, 0, 0, 0, 0, 0, 0, 0, 0),
('Blackeyed Pea Salad', 0, '0.0', '0.0', '0.0', '0.0', 0, 0, 0, 0, 0, 0, 0, 0, 0, 0),
('Blondie', 273, '13.0', '7.0', '0.0', '0.0', 50, 240, 37, 0, 0, 0, 4, 6, 3, 25),
('Blondie Bar', 243, '11.0', '5.0', '0.0', '0.0', 20, 260, 34, 1, 0, 0, 2, 8, 3, 24),
('BLT Wrap', 338, '21.0', '6.0', '0.0', '0.0', 20, 680, 30, 3, 0, 0, 15, 4, 8, 4),
('Blue Cheese Dressing', 0, '0.0', '0.0', '0.0', '0.0', 0, 0, 0, 0, 0, 0, 0, 0, 0, 0),
('Blueberry Casserole', 294, '10.0', '4.0', '0.0', '0.0', 240, 330, 40, 1, 0, 0, 8, 10, 11, 23),
('Blueberry Crepes', 0, '0.0', '0.0', '0.0', '0.0', 0, 0, 0, 0, 0, 0, 0, 0, 0, 0),
('Blueberry Danish', 155, '10.0', '3.0', '0.0', '0.0', 0, 90, 13, 0, 0, 0, 2, 0, 2, 2),
('Blueberry Muffin', 419, '22.0', '4.0', '0.0', '0.0', 70, 400, 52, 2, 0, 0, 0, 15, 6, 26),
('Blueberry Pancakes', 108, '3.5', '0.5', '0.0', '0.0', 5, 310, 17, 0, 0, 0, 2, 6, 3, 4),
('Blueberry Pie', 390, '18.0', '8.0', '0.0', '0.0', 0, 500, 55, 3, 0, 0, 0, 4, 3, 25),
('Blueberry Walnut Bar', 297, '14.0', '6.0', '0.0', '0.0', 25, 250, 39, 1, 0, 0, 2, 6, 3, 23),
('Bolognese Sauce', 0, '0.0', '0.0', '0.0', '0.0', 0, 0, 0, 0, 0, 0, 0, 0, 0, 0),
('Bon Vivant Pizza', 0, '0.0', '0.0', '0.0', '0.0', 0, 0, 0, 0, 0, 0, 0, 0, 0, 0),
('Boneless Buffalo Chicken Wings', 289, '21.0', '4.0', '0.0', '0.0', 30, 780, 12, 0, 0, 0, 0, 4, 13, 0),
('Boneless Carving Leg of Lamb ', 256, '15.0', '5.0', '0.0', '0.0', 90, 380, 0, 0, 0, 0, 2, 15, 28, 0),
('Boneless Chicken Wings', 249, '16.0', '3.0', '0.0', '0.0', 30, 560, 13, 0, 0, 0, 0, 4, 15, 0),
('Boston Cream Pie', 323, '12.0', '5.0', '0.0', '0.0', 45, 340, 51, 1, 0, 0, 8, 6, 4, 36),
('Bottleneck Fries', 214, '15.0', '1.5', '0.0', '0.0', 0, 360, 18, 2, 0, 0, 0, 0, 2, 0),
('Braised Bok Choy', 0, '0.0', '0.0', '0.0', '0.0', 0, 0, 0, 0, 0, 0, 0, 0, 0, 0),
('Braised Bok Choy & Shiitake Mushroom', 0, '0.0', '0.0', '0.0', '0.0', 0, 0, 0, 0, 0, 0, 0, 0, 0, 0),
('Braised Red Cabbage', 0, '0.0', '0.0', '0.0', '0.0', 0, 0, 0, 0, 0, 0, 0, 0, 0, 0),
('Bratwurst Slider', 150, '13.0', '4.5', '0.0', '0.0', 35, 380, 1, 0, 0, 0, 2, 2, 6, 0),
('Brazilian Salmon', 152, '5.0', '1.0', '0.0', '0.0', 45, 320, 18, 2, 0, 0, 6, 8, 22, 14),
('Bread Dressing', 245, '11.0', '2.0', '0.0', '0.0', 30, 820, 31, 1, 0, 0, 6, 10, 6, 3),
('Bread Sticks', 117, '1.5', '0.0', '0.0', '0.0', 0, 280, 23, 0, 0, 0, 2, 2, 4, 1),
('Breaded Cheese Ravioli', 299, '14.0', '3.0', '0.0', '0.0', 25, 590, 36, 2, 0, 0, 25, 8, 8, 3),
('Breaded Chicken Patty Sandwich', 0, '0.0', '0.0', '0.0', '0.0', 0, 0, 0, 0, 0, 0, 0, 0, 0, 0),
('Breaded Chicken Slider', 308, '17.0', '1.5', '0.0', '0.0', 15, 550, 30, 3, 0, 0, 2, 6, 11, 3),
('Breaded Tilapia', 252, '13.0', '2.5', '0.0', '0.0', 25, 550, 17, 1, 0, 0, 0, 8, 16, 4),
('Breakfast Pizza', 309, '13.0', '7.0', '0.0', '0.0', 120, 600, 34, 1, 0, 0, 20, 15, 15, 4),
('Breakfast Sausage Corn Dog', 0, '0.0', '0.0', '0.0', '0.0', 0, 0, 0, 0, 0, 0, 0, 0, 0, 0),
('Brioche Bun', 0, '0.0', '0.0', '0.0', '0.0', 0, 0, 0, 0, 0, 0, 0, 0, 0, 0),
('Brisket BBQ', 254, '18.0', '7.0', '0.0', '0.0', 65, 580, 2, 0, 0, 0, 0, 8, 20, 1),
('Broccoli', 0, '0.0', '0.0', '0.0', '0.0', 0, 0, 0, 0, 0, 0, 0, 0, 0, 0),
('Broccoli and Cheese Sauce', 248, '19.0', '4.5', '0.0', '0.0', 25, 1340, 11, 0, 0, 0, 30, 2, 9, 7),
('Broccoli Cheese Soup', 353, '29.0', '17.0', '0.0', '0.0', 95, 580, 15, 0, 0, 0, 30, 4, 10, 7),
('Broccoli Florets', 27, '0.0', '0.0', '0.0', '0.0', 0, 15, 5, 3, 0, 0, 4, 4, 3, 1),
('Broccoli Raisin Salad', 528, '43.0', '8.0', '0.0', '0.0', 45, 610, 32, 3, 0, 0, 6, 8, 6, 24),
('Broccoli Ramen Salad', 214, '16.0', '2.5', '0.0', '0.0', 10, 210, 16, 2, 0, 0, 2, 4, 2, 9),
('Broccoli Slaw', 0, '0.0', '0.0', '0.0', '0.0', 0, 0, 0, 0, 0, 0, 0, 0, 0, 0),
('Broccoli with Cheese Sauce', 89, '5.0', '1.5', '0.0', '0.0', 5, 360, 7, 3, 0, 0, 10, 4, 5, 3),
('Broccoli, Chickpea and Millet Salad', 0, '0.0', '0.0', '0.0', '0.0', 0, 0, 0, 0, 0, 0, 0, 0, 0, 0),
('Brown Rice', 117, '1.5', '0.0', '0.0', '0.0', 0, 140, 23, 2, 0, 0, 2, 4, 2, 0),
('Brown Rice Pilaf', 113, '1.0', '0.0', '0.0', '0.0', 0, 550, 23, 2, 0, 0, 2, 4, 2, 1),
('Brownies', 350, '13.0', '1.5', '0.0', '0.0', 35, 260, 56, 2, 0, 0, 2, 15, 4, 38),
('Brussels Sprouts with Apples', 0, '0.0', '0.0', '0.0', '0.0', 0, 0, 0, 0, 0, 0, 0, 0, 0, 0),
('Brussels Sprouts with Caramelized Onions', 65, '3.5', '1.0', '0.0', '0.0', 0, 210, 7, 2, 0, 0, 4, 6, 4, 2),
('Buckwheat Noodle Stir Fry', 0, '0.0', '0.0', '0.0', '0.0', 0, 0, 0, 0, 0, 0, 0, 0, 0, 0),
('Buffalo Chicken Pizza', 0, '0.0', '0.0', '0.0', '0.0', 0, 0, 0, 0, 0, 0, 0, 0, 0, 0),
('Buffalo Chicken Salad', 191, '16.0', '3.0', '0.0', '0.0', 45, 1170, 3, 0, 0, 0, 2, 2, 9, 1),
('Buffalo Chicken Stromboli', 356, '12.0', '5.0', '0.0', '0.0', 30, 1140, 42, 1, 0, 0, 20, 15, 18, 2),
('Buffalo Posole', 58, '1.5', '0.0', '0.0', '0.0', 5, 420, 8, 1, 0, 0, 2, 6, 4, 0),
('Bulgur', 0, '0.0', '0.0', '0.0', '0.0', 0, 0, 0, 0, 0, 0, 0, 0, 0, 0),
('Bulgur Pilavi', 0, '0.0', '0.0', '0.0', '0.0', 0, 0, 0, 0, 0, 0, 0, 0, 0, 0),
('Bulgur, Walnut, Celery & Grape Salad', 117, '6.0', '0.5', '0.0', '0.0', 0, 120, 16, 3, 0, 0, 2, 4, 2, 6),
('Butter Herb Tilapia', 108, '2.5', '1.5', '0.0', '0.0', 50, 230, 2, 0, 0, 0, 2, 4, 20, 0),
('Butter Sugar Cookies', 159, '7.0', '3.5', '0.0', '0.0', 15, 140, 23, 0, 0, 0, 0, 4, 2, 13),
('Buttered Noodles', 0, '0.0', '0.0', '0.0', '0.0', 0, 0, 0, 0, 0, 0, 0, 0, 0, 0),
('Buttermilk Pancakes', 146, '5.0', '1.0', '0.0', '0.0', 5, 460, 21, 0, 0, 0, 4, 8, 4, 3),
('Butterscotch Brownies', 348, '18.0', '10.0', '0.0', '0.0', 95, 80, 46, 0, 0, 0, 4, 6, 4, 37),
('Cactus And Vegetable Salad', 0, '0.0', '0.0', '0.0', '0.0', 0, 0, 0, 0, 0, 0, 0, 0, 0, 0),
('Caesar Salad', 186, '15.0', '3.5', '0.0', '0.0', 20, 530, 9, 0, 0, 0, 15, 4, 6, 1),
('Cajun Pizza', 0, '0.0', '0.0', '0.0', '0.0', 0, 0, 0, 0, 0, 0, 0, 0, 0, 0),
('Cajun Shrimp Soup', 101, '2.5', '1.0', '0.0', '0.0', 90, 800, 7, 0, 0, 0, 6, 10, 13, 4),
('Calamari with Bacon and Scallions', 0, '0.0', '0.0', '0.0', '0.0', 0, 0, 0, 0, 0, 0, 0, 0, 0, 0),
('California Blend Vegetables', 35, '0.0', '0.0', '0.0', '0.0', 0, 30, 7, 3, 0, 0, 4, 4, 1, 3),
('California Medley Soup', 140, '7.0', '4.5', '0.0', '0.0', 20, 1260, 14, 0, 0, 0, 15, 2, 6, 6),
('California Vegetable Pizza', 0, '0.0', '0.0', '0.0', '0.0', 0, 0, 0, 0, 0, 0, 0, 0, 0, 0),
('Candy Cookie', 159, '7.0', '3.5', '0.0', '0.0', 10, 125, 24, 1, 0, 0, 0, 4, 2, 15),
('Cannelini Bean Salad', 260, '5.0', '0.5', '0.0', '0.0', 0, 3580, 39, 15, 0, 0, 10, 30, 15, 3),
('Cannellini Salad w/ Artichokes and Spelt', 0, '0.0', '0.0', '0.0', '0.0', 0, 0, 0, 0, 0, 0, 0, 0, 0, 0),
('Cantaloupe Wedge', 0, '0.0', '0.0', '0.0', '0.0', 0, 0, 0, 0, 0, 0, 0, 0, 0, 0),
('Cape Cod Vegetable Blend', 45, '0.0', '0.0', '0.0', '0.0', 0, 35, 8, 2, 0, 0, 2, 2, 1, 6),
('Caprese Pasta Salad', 231, '12.0', '3.0', '0.0', '0.0', 10, 100, 23, 0, 0, 0, 8, 8, 6, 2),
('Caprese Salad', 0, '0.0', '0.0', '0.0', '0.0', 0, 0, 0, 0, 0, 0, 0, 0, 0, 0),
('Capri Blend Vegetables', 39, '0.0', '0.0', '0.0', '0.0', 0, 30, 6, 3, 0, 0, 0, 0, 1, 4),
('Captain Crunch French Toast', 377, '7.0', '3.0', '0.0', '0.0', 125, 680, 67, 3, 0, 0, 8, 50, 10, 27),
('Caramel Peanut Bar', 439, '32.0', '10.0', '0.0', '0.0', 20, 240, 27, 3, 0, 0, 4, 10, 9, 17),
('Caribbean Blend Vegetables', 0, '0.0', '0.0', '0.0', '0.0', 0, 0, 0, 0, 0, 0, 0, 0, 0, 0),
('Carm. Onion Bacon Blue Cheese Pizza', 279, '12.0', '6.0', '0.0', '0.0', 20, 690, 32, 1, 0, 0, 10, 10, 12, 3),
('Carmelizd Onion,Blue Cheese&Walnut; Pizza', 0, '0.0', '0.0', '0.0', '0.0', 0, 0, 0, 0, 0, 0, 0, 0, 0, 0),
('Carne Asada With Peppers and Onions', 0, '0.0', '0.0', '0.0', '0.0', 0, 0, 0, 0, 0, 0, 0, 0, 0, 0),
('Carolina BBQ Sauce', 4, '0.0', '0.0', '0.0', '0.0', 0, 0, 0, 0, 0, 0, 0, 0, 0, 0),
('Carrot Cake', 280, '13.0', '3.0', '0.0', '0.0', 40, 310, 37, 1, 0, 0, 2, 6, 3, 25),
('Carrot Rings', 35, '0.0', '0.0', '0.0', '0.0', 0, 280, 8, 3, 0, 0, 4, 4, 0, 4),
('Carrot Slaw', 0, '0.0', '0.0', '0.0', '0.0', 0, 0, 0, 0, 0, 0, 0, 0, 0, 0),
('Carrot, White Bean, and Dill Salad', 0, '0.0', '0.0', '0.0', '0.0', 0, 0, 0, 0, 0, 0, 0, 0, 0, 0),
('Cauliflower', 22, '0.0', '0.0', '0.0', '0.0', 0, 20, 4, 2, 0, 0, 2, 4, 2, 2),
('Celery Sticks', 0, '0.0', '0.0', '0.0', '0.0', 0, 0, 0, 0, 0, 0, 0, 0, 0, 0),
('Chaeyuk Kui', 0, '0.0', '0.0', '0.0', '0.0', 0, 0, 0, 0, 0, 0, 0, 0, 0, 0),
('Chana Masala (Curried Chickpeas)', 152, '3.0', '0.5', '0.0', '0.0', 0, 400, 26, 9, 0, 0, 4, 10, 6, 4),
('Char Grilled Carne Asada', 329, '23.0', '6.0', '0.0', '0.0', 50, 680, 2, 0, 0, 0, 4, 10, 27, 0),
('Cheese Curds', 0, '0.0', '0.0', '0.0', '0.0', 0, 0, 0, 0, 0, 0, 0, 0, 0, 0),
('Cheese Danish', 170, '12.0', '4.0', '0.0', '0.0', 10, 120, 12, 0, 0, 0, 2, 0, 2, 0),
('Cheese Grits', 102, '2.0', '1.0', '0.0', '0.0', 5, 430, 18, 1, 0, 0, 6, 40, 3, 0),
('Cheese Quesadilla', 357, '29.0', '17.0', '0.0', '0.0', 80, 440, 9, 0, 0, 0, 45, 4, 16, 0),
('Cheese Ravioli', 172, '4.5', '2.5', '0.0', '0.0', 40, 520, 23, 1, 0, 0, 4, 4, 6, 6),
('Cheese Sauce', 0, '0.0', '0.0', '0.0', '0.0', 0, 0, 0, 0, 0, 0, 0, 0, 0, 0),
('Cheese Sticks', 0, '0.0', '0.0', '0.0', '0.0', 0, 0, 0, 0, 0, 0, 0, 0, 0, 0),
('Cheesecake Pie', 571, '35.0', '19.0', '0.0', '0.0', 95, 550, 55, 1, 0, 0, 2, 10, 9, 35),
('Cheesy Garlic Bread', 184, '10.0', '6.0', '0.0', '0.0', 25, 310, 16, 1, 0, 0, 15, 8, 7, 0),
('Chef Salad', 0, '0.0', '0.0', '0.0', '0.0', 0, 0, 0, 0, 0, 0, 0, 0, 0, 0),
('Cherry Crepes', 0, '0.0', '0.0', '0.0', '0.0', 0, 0, 0, 0, 0, 0, 0, 0, 0, 0),
('Cherry Crumble Pie', 337, '12.0', '6.0', '0.0', '0.0', 20, 115, 54, 1, 0, 0, 2, 8, 3, 22),
('Cherry Danish', 153, '10.0', '3.0', '0.0', '0.0', 0, 90, 13, 0, 0, 0, 2, 0, 2, 2),
('Cherry Pie', 380, '17.0', '8.0', '0.0', '0.0', 0, 500, 52, 2, 0, 0, 4, 60, 3, 26),
('Cherry Pie Square', 17473, '929.0', '349.0', '0.0', '0.0', 625, 11270, 2054, 32, 0, 0, 120, 390, 199, 807),
('Chewda', 0, '0.0', '0.0', '0.0', '0.0', 0, 0, 0, 0, 0, 0, 0, 0, 0, 0),
('Chicago Style Hot Dog Toppings', 17, '0.0', '0.0', '0.0', '0.0', 0, 690, 4, 0, 0, 0, 0, 0, 0, 2),
('Chicken Alambres', 0, '0.0', '0.0', '0.0', '0.0', 0, 0, 0, 0, 0, 0, 0, 0, 0, 0),
('Chicken Alfredo', 0, '0.0', '0.0', '0.0', '0.0', 0, 0, 0, 0, 0, 0, 0, 0, 0, 0),
('Chicken and Noodles', 207, '7.0', '3.0', '0.0', '0.0', 70, 280, 22, 1, 0, 0, 2, 8, 14, 0),
('Chicken and Rice Casserole', 0, '0.0', '0.0', '0.0', '0.0', 0, 0, 0, 0, 0, 0, 0, 0, 0, 0),
('Chicken Bacon', 51, '3.0', '0.0', '0.0', '0.0', 20, 170, 0, 0, 0, 0, 0, 0, 4, 0),
('Chicken Bacon Ranch Pizza', 0, '0.0', '0.0', '0.0', '0.0', 0, 0, 0, 0, 0, 0, 0, 0, 0, 0),
('Chicken Breast', 0, '0.0', '0.0', '0.0', '0.0', 0, 0, 0, 0, 0, 0, 0, 0, 0, 0),
('Chicken Caesar Salad', 376, '26.0', '6.0', '0.0', '0.0', 70, 1450, 17, 1, 0, 0, 15, 8, 22, 2),
('Chicken Chimichurri', 0, '0.0', '0.0', '0.0', '0.0', 0, 0, 0, 0, 0, 0, 0, 0, 0, 0),
('Chicken Chow Mein', 0, '0.0', '0.0', '0.0', '0.0', 0, 0, 0, 0, 0, 0, 0, 0, 0, 0),
('Chicken Dumpling Soup', 0, '0.0', '0.0', '0.0', '0.0', 0, 0, 0, 0, 0, 0, 0, 0, 0, 0),
('Chicken Eggroll', 0, '0.0', '0.0', '0.0', '0.0', 0, 0, 0, 0, 0, 0, 0, 0, 0, 0),
('Chicken Enchilada Pizza', 240, '8.0', '4.0', '0.0', '0.0', 20, 670, 31, 1, 0, 0, 15, 10, 12, 3),
('Chicken Enchiladas', 540, '35.0', '14.0', '0.0', '0.0', 135, 2040, 25, 2, 0, 0, 45, 10, 37, 4),
('Chicken Fajitas', 245, '10.0', '2.5', '0.0', '0.0', 40, 670, 25, 2, 0, 0, 8, 2, 14, 2),
('Chicken Fried Rice', 0, '0.0', '0.0', '0.0', '0.0', 0, 0, 0, 0, 0, 0, 0, 0, 0, 0),
('Chicken Giardiniera', 0, '0.0', '0.0', '0.0', '0.0', 0, 0, 0, 0, 0, 0, 0, 0, 0, 0),
('Chicken Gravy', 39, '3.0', '2.0', '0.0', '0.0', 10, 140, 3, 0, 0, 0, 0, 2, 0, 0),
('Chicken Gumbo Soup', 0, '0.0', '0.0', '0.0', '0.0', 0, 0, 0, 0, 0, 0, 0, 0, 0, 0),
('Chicken Gumbo with Andouille Sausage', 183, '10.0', '4.0', '0.0', '0.0', 45, 710, 12, 2, 0, 0, 4, 8, 12, 3),
('Chicken in Garlic Sauce', 0, '0.0', '0.0', '0.0', '0.0', 0, 0, 0, 0, 0, 0, 0, 0, 0, 0),
('Chicken Lasagna', 0, '0.0', '0.0', '0.0', '0.0', 0, 0, 0, 0, 0, 0, 0, 0, 0, 0),
('Chicken Marsala', 156, '5.0', '2.0', '0.0', '0.0', 55, 360, 2, 0, 0, 0, 2, 6, 21, 0),
('Chicken Noodle Soup', 74, '2.5', '0.5', '0.0', '0.0', 20, 600, 9, 0, 0, 0, 2, 4, 4, 2),
('Chicken Philly Pizza', 0, '0.0', '0.0', '0.0', '0.0', 0, 0, 0, 0, 0, 0, 0, 0, 0, 0),
('Chicken Posole Soup', 140, '5.0', '1.0', '0.0', '0.0', 15, 740, 20, 3, 0, 0, 4, 8, 7, 4),
('Chicken Pot Pie', 0, '0.0', '0.0', '0.0', '0.0', 0, 0, 0, 0, 0, 0, 0, 0, 0, 0),
('Chicken Potstickers', 0, '0.0', '0.0', '0.0', '0.0', 0, 0, 0, 0, 0, 0, 0, 0, 0, 0),
('Chicken Quesadillas', 0, '0.0', '0.0', '0.0', '0.0', 0, 0, 0, 0, 0, 0, 0, 0, 0, 0),
('Chicken Ramen Broth', 28, '0.0', '0.0', '0.0', '0.0', 0, 1510, 4, 0, 0, 0, 2, 0, 2, 1),
('Chicken Salad', 229, '21.0', '4.0', '0.0', '0.0', 50, 460, 1, 0, 0, 0, 0, 0, 9, 0),
('Chicken Saltimbocca', 0, '0.0', '0.0', '0.0', '0.0', 0, 0, 0, 0, 0, 0, 0, 0, 0, 0),
('Chicken Sesame Salad', 0, '0.0', '0.0', '0.0', '0.0', 0, 0, 0, 0, 0, 0, 0, 0, 0, 0),
('Chicken Slider with Biscuit', 414, '26.0', '4.5', '0.0', '0.0', 20, 550, 33, 4, 0, 0, 2, 10, 14, 3),
('Chicken Spring Rolls', 0, '0.0', '0.0', '0.0', '0.0', 0, 0, 0, 0, 0, 0, 0, 0, 0, 0),
('Chicken Stir Fry', 148, '9.0', '2.0', '0.0', '0.0', 40, 460, 6, 1, 0, 0, 2, 4, 13, 2),
('Chicken Stir Fry with Broccoli', 0, '0.0', '0.0', '0.0', '0.0', 0, 0, 0, 0, 0, 0, 0, 0, 0, 0),
('Chicken Tandoori', 0, '0.0', '0.0', '0.0', '0.0', 0, 0, 0, 0, 0, 0, 0, 0, 0, 0),
('Chicken Tenders', 283, '19.0', '3.5', '0.0', '0.0', 25, 500, 12, 2, 0, 0, 0, 4, 17, 2),
('Chicken Teriyaki Pizza', 0, '0.0', '0.0', '0.0', '0.0', 0, 0, 0, 0, 0, 0, 0, 0, 0, 0),
('Chicken Tortellini with Pesto Soup', 0, '0.0', '0.0', '0.0', '0.0', 0, 0, 0, 0, 0, 0, 0, 0, 0, 0),
('Chicken Tortilla Soup', 79, '4.5', '1.5', '0.0', '0.0', 15, 630, 7, 1, 0, 0, 2, 4, 4, 2),
('Chicken Wing', 0, '0.0', '0.0', '0.0', '0.0', 0, 0, 0, 0, 0, 0, 0, 0, 0, 0),
('Chicken Wing Dings', 284, '21.0', '4.5', '0.0', '0.0', 50, 520, 9, 0, 0, 0, 0, 6, 13, 0),
('Chicken Wonton Soup', 103, '4.0', '1.0', '0.0', '0.0', 10, 960, 13, 1, 0, 0, 4, 2, 4, 2),
('Chicken, White & Wild Rice Soup', 240, '10.0', '4.0', '0.0', '0.0', 30, 1560, 30, 2, 0, 0, 4, 4, 8, 4),
('Chickpea & Tomato Soup', 53, '1.5', '0.0', '0.0', '0.0', 0, 440, 9, 3, 0, 0, 2, 4, 2, 3),
('Chili', 269, '11.0', '4.0', '0.0', '0.0', 35, 980, 26, 9, 0, 0, 8, 20, 15, 6),
('Chili Dog', 487, '31.0', '11.0', '0.0', '0.0', 100, 1410, 34, 2, 0, 0, 10, 20, 19, 5),
('Chili Garlic Shrimp', 179, '7.0', '1.5', '0.0', '0.0', 115, 300, 13, 1, 0, 0, 8, 15, 16, 12),
('Chimichurri Flank Steak', 0, '0.0', '0.0', '0.0', '0.0', 0, 0, 0, 0, 0, 0, 0, 0, 0, 0),
('Chimichurri Tri Tip Roast', 213, '13.0', '4.0', '0.0', '0.0', 80, 100, 0, 0, 0, 0, 4, 10, 23, 0),
('Chipotle Sour Cream', 0, '0.0', '0.0', '0.0', '0.0', 0, 0, 0, 0, 0, 0, 0, 0, 0, 0),
('Choc Peanut Butter Rice Krispy Treat', 259, '10.0', '5.0', '0.0', '0.0', 15, 170, 39, 1, 0, 0, 2, 4, 4, 22),
('Chocolate Candy Cookies', 159, '8.0', '4.0', '0.0', '0.0', 0, 135, 23, 0, 0, 0, 0, 2, 2, 16),
('Chocolate Cherry Cake', 290, '16.0', '7.0', '0.0', '0.0', 60, 250, 34, 1, 0, 0, 4, 6, 3, 26),
('Chocolate Chip Pancakes', 150, '7.0', '2.5', '0.0', '0.0', 5, 310, 21, 1, 0, 0, 2, 8, 3, 8),
('Chocolate Chip Pecan Pie', 4474, '223.0', '83.0', '0.0', '0.0', 605, 1560, 642, 27, 0, 0, 25, 80, 46, 533),
('Chocolate Chip Rice Krispy Treats', 258, '9.0', '5.0', '0.0', '0.0', 20, 135, 43, 0, 0, 0, 2, 4, 2, 27),
('Chocolate Chunk Cookie', 175, '8.0', '3.0', '0.0', '0.0', 10, 140, 23, 0, 0, 0, 0, 0, 2, 13),
('Chocolate Coconut Cookie', 208, '10.0', '8.0', '0.0', '0.0', 25, 70, 34, 4, 0, 0, 4, 15, 4, 26),
('Chocolate Coffee Rice Krispy Treat ', 237, '8.0', '5.0', '0.0', '0.0', 15, 140, 40, 0, 0, 0, 2, 4, 2, 23),
('Chocolate Cream Pie', 521, '38.0', '25.0', '0.0', '0.0', 0, 310, 44, 2, 0, 0, 0, 4, 3, 29),
('Chocolate Danish ', 324, '17.0', '7.0', '0.0', '0.0', 0, 90, 42, 2, 0, 0, 4, 4, 3, 30),
('Chocolate Donuts', 190, '8.0', '1.5', '0.0', '0.0', 35, 350, 27, 0, 0, 0, 2, 8, 4, 10),
('Chocolate Malt-o-Meal', 62, '0.0', '0.0', '0.0', '0.0', 0, 160, 13, 0, 0, 0, 0, 25, 2, 3),
('Chocolate Marshmallow S''Mores Pie', 421, '22.0', '12.0', '0.0', '0.0', 60, 170, 58, 2, 0, 0, 4, 10, 4, 45),
('Chocolate Pancakes', 139, '4.0', '1.0', '0.0', '0.0', 5, 430, 22, 1, 0, 0, 4, 10, 5, 4),
('Chocolate Peanut Butter Pie', 500, '34.0', '16.0', '0.0', '0.0', 55, 290, 47, 2, 0, 0, 4, 10, 5, 31),
('Chocolate Pudding', 128, '3.0', '2.5', '0.0', '0.0', 0, 190, 25, 1, 0, 0, 2, 2, 0, 16),
('Chocolate Walnut Raspberry Bar', 375, '18.0', '9.0', '0.0', '0.0', 60, 150, 50, 2, 0, 0, 6, 8, 5, 30),
('Chop Chae', 198, '3.5', '0.5', '0.0', '0.0', 0, 330, 41, 1, 0, 0, 4, 10, 1, 1),
('Chop House Tater', 0, '0.0', '0.0', '0.0', '0.0', 0, 0, 0, 0, 0, 0, 0, 0, 0, 0),
('Chopped Miso Salad', 0, '0.0', '0.0', '0.0', '0.0', 0, 0, 0, 0, 0, 0, 0, 0, 0, 0),
('Chopped Romaine', 0, '0.0', '0.0', '0.0', '0.0', 0, 0, 0, 0, 0, 0, 0, 0, 0, 0),
('Chorizo Avocado Pizza', 0, '0.0', '0.0', '0.0', '0.0', 0, 0, 0, 0, 0, 0, 0, 0, 0, 0),
('Chorizo Sausage Patty', 0, '0.0', '0.0', '0.0', '0.0', 0, 0, 0, 0, 0, 0, 0, 0, 0, 0),
('Chow Mein Noodles', 0, '0.0', '0.0', '0.0', '0.0', 0, 0, 0, 0, 0, 0, 0, 0, 0, 0),
('Chow Mein Salad', 0, '0.0', '0.0', '0.0', '0.0', 0, 0, 0, 0, 0, 0, 0, 0, 0, 0),
('Cider-Roasted Pork Loin', 196, '12.0', '4.0', '0.0', '0.0', 60, 3710, 2, 0, 0, 0, 4, 8, 19, 0),
('Cilantro Mint Chutney', 9, '0.0', '0.0', '0.0', '0.0', 0, 35, 2, 0, 0, 0, 2, 4, 0, 0),
('Cilantro Rice', 0, '0.0', '0.0', '0.0', '0.0', 0, 0, 0, 0, 0, 0, 0, 0, 0, 0),
('Cinnamon Sugar', 30, '0.0', '0.0', '0.0', '0.0', 0, 0, 8, 0, 0, 0, 0, 0, 0, 8),
('Cinnamon Twirls', 470, '22.0', '6.0', '0.0', '0.0', 0, 1240, 60, 2, 0, 0, 4, 15, 8, 18),
('Cobb Salad', 346, '26.0', '7.0', '0.0', '0.0', 145, 780, 5, 1, 0, 0, 8, 6, 24, 2),
('Cocina Grilled Chicken', 203, '12.0', '2.5', '0.0', '0.0', 55, 200, 2, 0, 0, 0, 2, 6, 21, 0),
('Cocina Mexicana Salsa', 0, '0.0', '0.0', '0.0', '0.0', 0, 0, 0, 0, 0, 0, 0, 0, 0, 0),
('Cocktail Sauce', 52, '0.0', '0.0', '0.0', '0.0', 0, 550, 13, 2, 0, 0, 2, 2, 0, 0),
('Coconut Cream Pie', 410, '22.0', '15.0', '0.0', '0.0', 0, 240, 50, 1, 0, 0, 0, 0, 2, 33),
('Coconut Jasmine Rice with Mango', 0, '0.0', '0.0', '0.0', '0.0', 0, 0, 0, 0, 0, 0, 0, 0, 0, 0),
('Coconut Layer Cake', 428, '18.0', '6.0', '0.0', '0.0', 55, 340, 63, 0, 0, 0, 4, 6, 3, 46),
('Cod Fish Nuggets', 234, '16.0', '2.5', '0.0', '0.0', 15, 270, 11, 0, 0, 0, 2, 2, 9, 0),
('Coffee Cake', 356, '16.0', '8.0', '0.0', '0.0', 75, 250, 49, 1, 0, 0, 6, 10, 5, 28),
('Coles Sticks', 204, '6.0', '3.5', '0.0', '0.0', 20, 280, 23, 2, 0, 0, 15, 6, 10, 3),
('Coles Sticks with Marinara', 447, '13.0', '6.0', '0.0', '0.0', 40, 900, 52, 4, 0, 0, 35, 15, 20, 11),
('Combination Cheese Platter', 0, '0.0', '0.0', '0.0', '0.0', 0, 0, 0, 0, 0, 0, 0, 0, 0, 0),
('Confetti Pasta Salad', 273, '6.0', '1.0', '0.0', '0.0', 0, 320, 43, 2, 0, 0, 6, 15, 8, 3),
('Cookies & Cream Pie', 308, '19.0', '14.0', '0.0', '0.0', 0, 250, 32, 1, 0, 0, 4, 6, 2, 22),
('Corn', 0, '0.0', '0.0', '0.0', '0.0', 0, 0, 0, 0, 0, 0, 0, 0, 0, 0),
('Corn & Shrimp Chowder', 235, '15.0', '9.0', '0.0', '0.0', 70, 90, 17, 1, 0, 0, 15, 4, 8, 7),
('Corn Casserole ', 0, '0.0', '0.0', '0.0', '0.0', 0, 0, 0, 0, 0, 0, 0, 0, 0, 0),
('Corn Chowder Soup with Bacon', 0, '0.0', '0.0', '0.0', '0.0', 0, 0, 0, 0, 0, 0, 0, 0, 0, 0),
('Corn Dog', 291, '15.0', '3.5', '0.0', '0.0', 50, 860, 30, 1, 0, 0, 2, 60, 10, 9),
('Corn Elotes', 0, '0.0', '0.0', '0.0', '0.0', 0, 0, 0, 0, 0, 0, 0, 0, 0, 0),
('Corn on the Cob', 222, '2.0', '0.0', '0.0', '0.0', 0, 10, 53, 6, 0, 0, 2, 10, 7, 9),
('Corn Tortilla', 51, '1.0', '0.0', '0.0', '0.0', 0, 40, 11, 1, 0, 0, 2, 2, 1, 0),
('Cornbread', 234, '7.0', '1.5', '0.0', '0.0', 35, 470, 39, 2, 0, 0, 15, 10, 5, 9),
('Corned Beef Hash', 157, '9.0', '2.5', '0.0', '0.0', 20, 280, 10, 1, 0, 0, 0, 4, 7, 0),
('Corriander Chutney', 0, '0.0', '0.0', '0.0', '0.0', 0, 0, 0, 0, 0, 0, 0, 0, 0, 0),
('Count Chocula Treats', 229, '7.0', '1.5', '0.0', '0.0', 0, 230, 41, 0, 0, 0, 0, 15, 2, 20),
('Country Club Roll', 130, '1.0', '0.0', '0.0', '0.0', 0, 250, 27, 1, 0, 0, 2, 10, 4, 0),
('Country Fried Steak', 0, '0.0', '0.0', '0.0', '0.0', 0, 0, 0, 0, 0, 0, 0, 0, 0, 0),
('Country Fried Steak Slider with Biscuit', 467, '30.0', '7.0', '0.0', '0.0', 40, 400, 35, 0, 0, 0, 4, 15, 14, 2),
('Couscous ', 0, '0.0', '0.0', '0.0', '0.0', 0, 0, 0, 0, 0, 0, 0, 0, 0, 0),
('Couscous with Dried Fruit and Pine Nuts', 0, '0.0', '0.0', '0.0', '0.0', 0, 0, 0, 0, 0, 0, 0, 0, 0, 0),
('Crab and Pasta Salad', 0, '0.0', '0.0', '0.0', '0.0', 0, 0, 0, 0, 0, 0, 0, 0, 0, 0),
('Crab Legs', 0, '0.0', '0.0', '0.0', '0.0', 0, 0, 0, 0, 0, 0, 0, 0, 0, 0),
('Crab Rangoon Pizza', 0, '0.0', '0.0', '0.0', '0.0', 0, 0, 0, 0, 0, 0, 0, 0, 0, 0),
('Crab Rangoons', 0, '0.0', '0.0', '0.0', '0.0', 0, 0, 0, 0, 0, 0, 0, 0, 0, 0),
('Crab Salad', 264, '22.0', '3.0', '0.0', '0.0', 15, 720, 8, 0, 0, 0, 2, 2, 8, 0),
('Cranberry Orange Rice', 0, '0.0', '0.0', '0.0', '0.0', 0, 0, 0, 0, 0, 0, 0, 0, 0, 0),
('Cranberry Sriacha and Mint Chicken Wings', 0, '0.0', '0.0', '0.0', '0.0', 0, 0, 0, 0, 0, 0, 0, 0, 0, 0),
('Crazy Monkey Panini', 1084, '65.0', '14.0', '0.0', '0.0', 0, 520, 106, 8, 0, 0, 2, 25, 25, 85),
('Cream of Mushroom Soup', 204, '15.0', '9.0', '0.0', '0.0', 50, 280, 12, 1, 0, 0, 15, 4, 5, 6),
('Cream of Potato Soup', 276, '22.0', '13.0', '0.0', '0.0', 75, 380, 17, 2, 0, 0, 10, 4, 4, 3),
('Cream of Tomato Soup', 139, '3.0', '2.0', '0.0', '0.0', 10, 680, 22, 2, 0, 0, 15, 2, 6, 16),
('Cream of Wheat', 65, '0.0', '0.0', '0.0', '0.0', 0, 0, 13, 0, 0, 0, 6, 30, 2, 0),
('Creamy Caesar Dressing', 0, '0.0', '0.0', '0.0', '0.0', 0, 0, 0, 0, 0, 0, 0, 0, 0, 0),
('Creamy Cole Slaw', 0, '0.0', '0.0', '0.0', '0.0', 0, 0, 0, 0, 0, 0, 0, 0, 0, 0),
('Creamy Fruit Salad', 0, '0.0', '0.0', '0.0', '0.0', 0, 0, 0, 0, 0, 0, 0, 0, 0, 0),
('Creamy Herb Coleslaw', 147, '13.0', '2.0', '0.0', '0.0', 10, 580, 7, 1, 0, 0, 4, 4, 0, 5),
('Creamy Pesto Sauce', 257, '25.0', '14.0', '0.0', '0.0', 65, 280, 5, 0, 0, 0, 15, 2, 5, 1),
('Creamy Polenta w/ Sausage Mushroom Ragu', 289, '18.0', '7.0', '0.0', '0.0', 50, 750, 17, 4, 0, 0, 6, 10, 13, 2),
('Creamy Polenta with Mushrooms', 526, '47.0', '29.0', '0.0', '0.0', 170, 270, 21, 2, 0, 0, 15, 6, 6, 1),
('Creamy Shrimp Twist Salad', 0, '0.0', '0.0', '0.0', '0.0', 0, 0, 0, 0, 0, 0, 0, 0, 0, 0),
('Creme Puff', 333, '18.0', '7.0', '0.0', '0.0', 205, 85, 35, 0, 0, 0, 10, 8, 7, 20),
('Crinkle Fries', 194, '12.0', '1.0', '0.0', '0.0', 0, 160, 20, 2, 0, 0, 0, 4, 2, 0),
('Crisp Garden Salad', 244, '18.0', '4.0', '0.0', '0.0', 20, 520, 15, 2, 0, 0, 10, 6, 6, 7),
('Crispy Vegetable Potstickers', 48, '2.5', '0.0', '0.0', '0.0', 0, 40, 5, 0, 0, 0, 4, 2, 1, 0),
('Croque Monsieur Salad', 0, '0.0', '0.0', '0.0', '0.0', 0, 0, 0, 0, 0, 0, 0, 0, 0, 0),
('Croutons', 0, '0.0', '0.0', '0.0', '0.0', 0, 0, 0, 0, 0, 0, 0, 0, 0, 0),
('Crushed Red Pepper', 0, '0.0', '0.0', '0.0', '0.0', 0, 0, 0, 0, 0, 0, 0, 0, 0, 0),
('Cuban Black Beans', 0, '0.0', '0.0', '0.0', '0.0', 0, 0, 0, 0, 0, 0, 0, 0, 0, 0),
('Cuban Sandwich', 485, '26.0', '12.0', '0.0', '0.0', 120, 1120, 26, 1, 0, 0, 20, 15, 34, 1),
('Cucumber & Onion Salad', 0, '0.0', '0.0', '0.0', '0.0', 0, 0, 0, 0, 0, 0, 0, 0, 0, 0),
('Cucumber Raita', 0, '0.0', '0.0', '0.0', '0.0', 0, 0, 0, 0, 0, 0, 0, 0, 0, 0),
('Cucumbers', 0, '0.0', '0.0', '0.0', '0.0', 0, 0, 0, 0, 0, 0, 0, 0, 0, 0),
('Curried Carrot Puree Soup', 46, '0.5', '0.0', '0.0', '0.0', 0, 320, 10, 4, 0, 0, 6, 4, 1, 5),
('Curried Chicken Stew', 0, '0.0', '0.0', '0.0', '0.0', 0, 0, 0, 0, 0, 0, 0, 0, 0, 0),
('Curried Egg Salad', 0, '0.0', '0.0', '0.0', '0.0', 0, 0, 0, 0, 0, 0, 0, 0, 0, 0),
('Curried Egg Tofu Salad', 0, '0.0', '0.0', '0.0', '0.0', 0, 0, 0, 0, 0, 0, 0, 0, 0, 0),
('Curried Vegetable Stew', 115, '3.5', '0.0', '0.0', '0.0', 0, 630, 20, 5, 0, 0, 4, 8, 4, 6),
('Daikon Noodle Salad with Tofu', 0, '0.0', '0.0', '0.0', '0.0', 0, 0, 0, 0, 0, 0, 0, 0, 0, 0),
('Daikon Slaw', 0, '0.0', '0.0', '0.0', '0.0', 0, 0, 0, 0, 0, 0, 0, 0, 0, 0),
('Dang Cold Noodle Salad', 152, '7.0', '1.0', '0.0', '0.0', 0, 170, 18, 3, 0, 0, 4, 10, 5, 4),
('Dauphinoise Potatoes', 0, '0.0', '0.0', '0.0', '0.0', 0, 0, 0, 0, 0, 0, 0, 0, 0, 0),
('Deviled Egg Salad', 244, '18.0', '3.5', '0.0', '0.0', 265, 620, 8, 0, 0, 0, 4, 8, 8, 3),
('Don''s Pasta Salad', 0, '0.0', '0.0', '0.0', '0.0', 0, 0, 0, 0, 0, 0, 0, 0, 0, 0),
('Double Chocolate Layer Cake', 370, '14.0', '4.5', '0.0', '0.0', 30, 330, 59, 3, 0, 0, 0, 15, 3, 39),
('Double Dutch Muffin', 458, '26.0', '6.0', '0.0', '0.0', 70, 460, 54, 2, 0, 0, 4, 20, 6, 32),
('Double Fudge Cookie', 169, '8.0', '4.5', '0.0', '0.0', 10, 135, 23, 1, 0, 0, 2, 4, 2, 15),
('Dutch Apple Pie', 437, '19.0', '9.0', '0.0', '0.0', 0, 700, 65, 2, 0, 0, 8, 6, 4, 29),
('Egg Drop Soup', 0, '0.0', '0.0', '0.0', '0.0', 0, 0, 0, 0, 0, 0, 0, 0, 0, 0),
('Egg Patty', 0, '0.0', '0.0', '0.0', '0.0', 0, 0, 0, 0, 0, 0, 0, 0, 0, 0),
('Egg Salad', 244, '18.0', '3.5', '0.0', '0.0', 265, 620, 8, 0, 0, 0, 4, 8, 8, 3),
('Egg White Breakfast Sandwich', 341, '10.0', '4.5', '0.0', '0.0', 35, 1310, 36, 1, 0, 0, 50, 15, 26, 2),
('Egg, Cheese & Canadian Bacon Sandwich', 388, '18.0', '7.0', '0.0', '0.0', 175, 1430, 35, 1, 0, 0, 25, 15, 24, 2),
('Eggplant Hummus', 30, '1.5', '0.0', '0.0', '0.0', 0, 55, 4, 2, 0, 0, 2, 2, 0, 0),
('Eggplant Parmesan', 0, '0.0', '0.0', '0.0', '0.0', 0, 0, 0, 0, 0, 0, 0, 0, 0, 0),
('Eggs Benedict', 482, '21.0', '9.0', '0.0', '0.0', 175, 1790, 36, 0, 0, 0, 8, 10, 12, 2),
('Eggs Blackstone', 0, '0.0', '0.0', '0.0', '0.0', 0, 0, 0, 0, 0, 0, 0, 0, 0, 0),
('Elbow Macaroni', 0, '0.0', '0.0', '0.0', '0.0', 0, 0, 0, 0, 0, 0, 0, 0, 0, 0),
('Everything Pizza', 0, '0.0', '0.0', '0.0', '0.0', 0, 0, 0, 0, 0, 0, 0, 0, 0, 0),
('Extreme Sausage Pizza', 0, '0.0', '0.0', '0.0', '0.0', 0, 0, 0, 0, 0, 0, 0, 0, 0, 0),
('Falafel', 210, '12.0', '2.0', '0.0', '0.0', 0, 380, 21, 6, 0, 0, 2, 8, 4, 0),
('Falafel with Pita', 253, '3.5', '0.5', '0.0', '0.0', 0, 680, 46, 9, 0, 0, 8, 10, 9, 2),
('Fantail Shrimp', 272, '12.0', '2.0', '0.0', '0.0', 80, 820, 29, 1, 0, 0, 2, 4, 12, 1),
('Farfalle Pasta', 188, '1.0', '0.0', '0.0', '0.0', 0, 80, 38, 2, 0, 0, 2, 10, 6, 0),
('Farfalle with Vegetables and Herbs', 259, '18.0', '3.0', '0.0', '0.0', 0, 480, 20, 2, 0, 0, 6, 8, 5, 2),
('Feta Cheese', 0, '0.0', '0.0', '0.0', '0.0', 0, 0, 0, 0, 0, 0, 0, 0, 0, 0),
('Fettuccine', 200, '1.0', '0.0', '0.0', '0.0', 0, 70, 40, 2, 0, 0, 2, 10, 7, 0),
('Fiesta Corn', 119, '5.0', '3.0', '0.0', '0.0', 10, 135, 19, 3, 0, 0, 2, 4, 3, 4),
('Fingerling Carrots', 31, '0.0', '0.0', '0.0', '0.0', 0, 60, 7, 3, 0, 0, 4, 2, 0, 4),
('Fire Island Coleslaw', 81, '3.5', '0.5', '0.0', '0.0', 5, 110, 13, 2, 0, 0, 4, 4, 2, 6),
('Fish Tacos', 404, '16.0', '6.0', '0.0', '0.0', 80, 770, 31, 4, 0, 0, 25, 8, 35, 4),
('Five Bean & Ham Hock Soup', 0, '0.0', '0.0', '0.0', '0.0', 0, 0, 0, 0, 0, 0, 0, 0, 0, 0),
('Five Cup Salad', 0, '0.0', '0.0', '0.0', '0.0', 0, 0, 0, 0, 0, 0, 0, 0, 0, 0),
('Flatbread Bar', 0, '0.0', '0.0', '0.0', '0.0', 0, 0, 0, 0, 0, 0, 0, 0, 0, 0),
('Florentine Pizza', 267, '11.0', '6.0', '0.0', '0.0', 20, 580, 33, 2, 0, 0, 15, 15, 12, 4),
('Flour Tortilla', 90, '2.5', '1.0', '0.0', '0.0', 0, 200, 16, 2, 0, 0, 6, 0, 3, 0),
('Four Cheese Pizza', 306, '15.0', '9.0', '0.0', '0.0', 35, 650, 31, 1, 0, 0, 25, 10, 14, 2),
('Four Cheese White Pizza w/Basil & Garlic', 0, '0.0', '0.0', '0.0', '0.0', 0, 0, 0, 0, 0, 0, 0, 0, 0, 0),
('Frank''s Hot Sauce', 0, '0.0', '0.0', '0.0', '0.0', 0, 0, 0, 0, 0, 0, 0, 0, 0, 0),
('French Bread', 0, '0.0', '0.0', '0.0', '0.0', 0, 0, 0, 0, 0, 0, 0, 0, 0, 0),
('French Dinner Roll', 91, '0.0', '0.0', '0.0', '0.0', 0, 240, 20, 0, 0, 0, 0, 8, 3, 0),
('French Dip Sandwich', 537, '25.0', '10.0', '0.0', '0.0', 95, 1830, 44, 2, 0, 0, 6, 35, 33, 0),
('French Fried Onion Rings', 291, '20.0', '2.5', '0.0', '0.0', 0, 350, 24, 1, 0, 0, 0, 4, 2, 4),
('French Fries', 213, '14.0', '3.0', '0.0', '0.0', 0, 250, 21, 2, 0, 0, 0, 2, 2, 0),
('French Onion Soup', 166, '8.0', '2.5', '0.0', '0.0', 5, 1080, 17, 1, 0, 0, 10, 6, 6, 3),
('French Sandwich Roll', 0, '0.0', '0.0', '0.0', '0.0', 0, 0, 0, 0, 0, 0, 0, 0, 0, 0),
('French Toast', 228, '9.0', '2.0', '0.0', '0.0', 130, 370, 28, 1, 0, 0, 8, 10, 9, 7),
('French Toast Sticks', 201, '9.0', '1.5', '0.0', '0.0', 0, 270, 27, 0, 0, 0, 4, 8, 3, 7),
('Fresh Bean Sprouts', 0, '0.0', '0.0', '0.0', '0.0', 0, 0, 0, 0, 0, 0, 0, 0, 0, 0),
('Fresh Cilantro', 0, '0.0', '0.0', '0.0', '0.0', 0, 0, 0, 0, 0, 0, 0, 0, 0, 0),
('Fresh Diced Tomatoes', 8, '0.0', '0.0', '0.0', '0.0', 0, 0, 2, 0, 0, 0, 0, 2, 0, 1),
('Fresh Potato Chips', 113, '8.0', '1.5', '0.0', '0.0', 0, 125, 9, 0, 0, 0, 0, 4, 0, 0),
('Fresh Steamed Broccoli', 21, '0.0', '0.0', '0.0', '0.0', 0, 20, 4, 2, 0, 0, 4, 4, 2, 1),
('Fried Battered Asparagus', 219, '17.0', '2.0', '0.0', '0.0', 15, 370, 17, 2, 0, 0, 0, 4, 3, 0),
('Fried Battered Green Beans', 0, '0.0', '0.0', '0.0', '0.0', 0, 0, 0, 0, 0, 0, 0, 0, 0, 0),
('Fried Cabbage', 0, '0.0', '0.0', '0.0', '0.0', 0, 0, 0, 0, 0, 0, 0, 0, 0, 0),
('Fried Calamari', 0, '0.0', '0.0', '0.0', '0.0', 0, 0, 0, 0, 0, 0, 0, 0, 0, 0),
('Fried Catfish Filets', 387, '26.0', '3.0', '0.0', '0.0', 60, 270, 16, 1, 0, 0, 2, 6, 23, 0),
('Fried Catfish Fillet', 0, '0.0', '0.0', '0.0', '0.0', 0, 0, 0, 0, 0, 0, 0, 0, 0, 0),
('Fried Chicken', 380, '28.0', '7.0', '0.0', '0.0', 90, 170, 10, 0, 0, 0, 2, 10, 21, 0),
('Fried Chicken Wontons', 0, '0.0', '0.0', '0.0', '0.0', 0, 0, 0, 0, 0, 0, 0, 0, 0, 0),
('Fried Macaroni & Cheese', 68, '5.0', '1.5', '0.0', '0.0', 0, 380, 5, 0, 0, 0, 4, 2, 2, 0),
('Fried Mushrooms', 126, '9.0', '1.5', '0.0', '0.0', 0, 210, 10, 0, 0, 0, 0, 2, 2, 0),
('Fried Pickles', 188, '10.0', '1.5', '0.0', '0.0', 0, 870, 21, 2, 0, 0, 2, 4, 3, 3),
('Fried Plantains', 0, '0.0', '0.0', '0.0', '0.0', 0, 0, 0, 0, 0, 0, 0, 0, 0, 0),
('Fried Tofu', 185, '13.0', '1.5', '0.0', '0.0', 0, 25, 12, 1, 0, 0, 10, 10, 7, 1),
('Fried Vegetarian Spring Rolls', 0, '0.0', '0.0', '0.0', '0.0', 0, 0, 0, 0, 0, 0, 0, 0, 0, 0),
('Fruit & Nut Chicken Salad', 363, '34.0', '5.0', '0.0', '0.0', 60, 490, 5, 1, 0, 0, 2, 4, 11, 3),
('Fruit Salad', 95, '0.0', '0.0', '0.0', '0.0', 0, 15, 25, 2, 0, 0, 2, 4, 1, 21),
('Fruit Tray', 53, '0.0', '0.0', '0.0', '0.0', 0, 5, 13, 1, 0, 0, 2, 2, 0, 11),
('Fudge Brownie', 238, '13.0', '4.0', '0.0', '0.0', 40, 160, 29, 1, 0, 0, 0, 4, 3, 19),
('Funnel Cakes', 328, '16.0', '4.0', '0.0', '0.0', 40, 310, 41, 1, 0, 0, 8, 15, 5, 16),
('Fusilli Pasta', 0, '0.0', '0.0', '0.0', '0.0', 0, 0, 0, 0, 0, 0, 0, 0, 0, 0),
('Gado Gado', 0, '0.0', '0.0', '0.0', '0.0', 0, 0, 0, 0, 0, 0, 0, 0, 0, 0),
('Gallo Pinto', 0, '0.0', '0.0', '0.0', '0.0', 0, 0, 0, 0, 0, 0, 0, 0, 0, 0),
('Gardenburger Sandwich', 0, '0.0', '0.0', '0.0', '0.0', 0, 0, 0, 0, 0, 0, 0, 0, 0, 0),
('Garlic & Cheddar Biscuit', 100, '5.0', '1.5', '0.0', '0.0', 0, 380, 12, 0, 0, 0, 2, 6, 2, 2),
('Garlic Asiago Ravioli with Pesto Cream', 0, '0.0', '0.0', '0.0', '0.0', 0, 0, 0, 0, 0, 0, 0, 0, 0, 0),
('Garlic Knot', 0, '0.0', '0.0', '0.0', '0.0', 0, 0, 0, 0, 0, 0, 0, 0, 0, 0),
('Garlic Red Skin Mashed Potatoes', 243, '16.0', '10.0', '0.0', '0.0', 55, 330, 22, 2, 0, 0, 4, 6, 3, 2),
('Garlic Whipped Potatoes', 76, '1.5', '0.0', '0.0', '0.0', 0, 420, 14, 0, 0, 0, 2, 4, 2, 0),
('Garlic White Chicken Pizza', 285, '12.0', '6.0', '0.0', '0.0', 30, 600, 32, 1, 0, 0, 15, 10, 13, 2),
('Garlicky Soy Korean Dipping Sauce', 0, '0.0', '0.0', '0.0', '0.0', 0, 0, 0, 0, 0, 0, 0, 0, 0, 0),
('Gehl''s Cheese Sauce', 0, '0.0', '0.0', '0.0', '0.0', 0, 0, 0, 0, 0, 0, 0, 0, 0, 0),
('Gelatin-Free Yogurt', 110, '0.0', '0.0', '0.0', '0.0', 5, 150, 16, 4, 0, 0, 25, 0, 12, 16),
('Gemuse mit der Huhnchenbrust', 0, '0.0', '0.0', '0.0', '0.0', 0, 0, 0, 0, 0, 0, 0, 0, 0, 0),
('General Tso''s Chicken', 287, '10.0', '2.0', '0.0', '0.0', 25, 850, 40, 0, 0, 0, 2, 10, 10, 16),
('General Tso''s Pizza', 0, '0.0', '0.0', '0.0', '0.0', 0, 0, 0, 0, 0, 0, 0, 0, 0, 0),
('General Tso''s Tofu', 224, '8.0', '1.0', '0.0', '0.0', 0, 330, 29, 0, 0, 0, 15, 10, 10, 9),
('German Chocolate Cake', 319, '16.0', '5.0', '0.0', '0.0', 40, 340, 41, 2, 0, 0, 8, 8, 4, 25),
('Giant Hamburger On Bun', 662, '41.0', '15.0', '0.0', '0.0', 130, 450, 33, 0, 0, 0, 10, 30, 38, 1),
('Glazed Carrots', 81, '6.0', '3.5', '0.0', '0.0', 15, 85, 7, 2, 0, 0, 4, 2, 0, 5),
('Gnocchi with Gorgonzola Sauce', 370, '22.0', '12.0', '0.0', '0.0', 55, 650, 34, 2, 0, 0, 20, 6, 11, 1),
('Go Chu Jang Chili Sauce', 0, '0.0', '0.0', '0.0', '0.0', 0, 0, 0, 0, 0, 0, 0, 0, 0, 0),
('Go Chu Jang Sauce', 0, '0.0', '0.0', '0.0', '0.0', 0, 0, 0, 0, 0, 0, 0, 0, 0, 0),
('Golden Fried Tofu with Chili Sauce', 384, '23.0', '4.0', '0.0', '0.0', 0, 1750, 35, 2, 0, 0, 15, 10, 12, 12),
('Grandma''s Pot Roast', 207, '8.0', '3.5', '0.0', '0.0', 60, 530, 11, 2, 0, 0, 4, 15, 21, 2),
('Granola Pancakes', 155, '2.5', '0.5', '0.0', '0.0', 10, 490, 28, 1, 0, 0, 4, 10, 5, 5),
('Grape Tomatoes', 0, '0.0', '0.0', '0.0', '0.0', 0, 0, 0, 0, 0, 0, 0, 0, 0, 0),
('Grapefruit Halves', 46, '0.0', '0.0', '0.0', '0.0', 0, 0, 12, 2, 0, 0, 2, 0, 0, 7),
('Grated Parmesan Cheese', 0, '0.0', '0.0', '0.0', '0.0', 0, 0, 0, 0, 0, 0, 0, 0, 0, 0),
('Gravlax Egg Salad', 166, '13.0', '3.0', '0.0', '0.0', 210, 710, 2, 0, 0, 0, 4, 8, 10, 0),
('Greek Chicken', 0, '0.0', '0.0', '0.0', '0.0', 0, 0, 0, 0, 0, 0, 0, 0, 0, 0),
('Greek Orzo Pasta Salad', 280, '14.0', '3.0', '0.0', '0.0', 5, 360, 29, 2, 0, 0, 10, 10, 7, 2),
('Greek Pizza', 0, '0.0', '0.0', '0.0', '0.0', 0, 0, 0, 0, 0, 0, 0, 0, 0, 0),
('Greek Salad', 84, '8.0', '2.0', '0.0', '0.0', 5, 290, 3, 0, 0, 0, 6, 2, 2, 2),
('Green Bean Casserole', 215, '14.0', '6.0', '0.0', '0.0', 0, 430, 19, 4, 0, 0, 10, 10, 5, 5),
('Green Beans', 23, '0.0', '0.0', '0.0', '0.0', 0, 5, 6, 2, 0, 0, 6, 6, 1, 1),
('Green Beans Szechuan', 0, '0.0', '0.0', '0.0', '0.0', 0, 0, 0, 0, 0, 0, 0, 0, 0, 0),
('Green Beans w/ Lemon Zest', 0, '0.0', '0.0', '0.0', '0.0', 0, 0, 0, 0, 0, 0, 0, 0, 0, 0),
('Greens Collard with Ham Hocks', 51, '2.5', '1.0', '0.0', '0.0', 10, 220, 4, 1, 0, 0, 10, 4, 4, 0),
('Grilled Apple Honey Glazed Chicken', 0, '0.0', '0.0', '0.0', '0.0', 0, 0, 0, 0, 0, 0, 0, 0, 0, 0),
('Grilled Beer Bratwurst', 0, '0.0', '0.0', '0.0', '0.0', 0, 0, 0, 0, 0, 0, 0, 0, 0, 0),
('Grilled Bratwurst with Peppers & Onions', 572, '39.0', '12.0', '0.0', '0.0', 80, 1130, 32, 2, 0, 0, 10, 15, 25, 5),
('Grilled Buffalo Chicken', 0, '0.0', '0.0', '0.0', '0.0', 0, 0, 0, 0, 0, 0, 0, 0, 0, 0),
('Grilled Cheddar on Sourdough', 580, '48.0', '17.0', '0.0', '0.0', 55, 820, 20, 1, 0, 0, 45, 6, 17, 0),
('Grilled Cheddar on Wheat Berry', 767, '51.0', '17.0', '0.0', '0.0', 55, 1110, 54, 3, 0, 0, 50, 15, 24, 6),
('Grilled Cheese Bar', 681, '53.0', '24.0', '0.0', '0.0', 90, 1970, 36, 3, 0, 0, 45, 10, 24, 6),
('Grilled Cheese Sandwich', 409, '22.0', '11.0', '0.0', '0.0', 40, 1310, 39, 1, 0, 0, 30, 10, 17, 3),
('Grilled Chicken Breast', 0, '0.0', '0.0', '0.0', '0.0', 0, 0, 0, 0, 0, 0, 0, 0, 0, 0),
('Grilled Chicken Parmesan Sandwich ', 587, '11.0', '5.0', '0.0', '0.0', 100, 1470, 63, 3, 0, 0, 25, 30, 49, 9),
('Grilled Chicken Sandwich', 462, '28.0', '4.5', '0.0', '0.0', 75, 450, 28, 2, 0, 0, 4, 15, 26, 6),
('Grilled Fresh Zucchini and Yellow Squash', 0, '0.0', '0.0', '0.0', '0.0', 0, 0, 0, 0, 0, 0, 0, 0, 0, 0),
('Grilled Ham', 142, '6.0', '1.5', '0.0', '0.0', 60, 1390, 1, 0, 0, 0, 2, 6, 21, 2),
('Grilled Muenster & Bacon on Sourdough', 641, '50.0', '17.0', '0.0', '0.0', 65, 1200, 20, 1, 0, 0, 35, 8, 19, 0),
('Grilled Muenster on Sourdough', 434, '20.0', '11.0', '0.0', '0.0', 50, 830, 39, 2, 0, 0, 40, 10, 16, 0),
('Grilled NY Strip Steak', 0, '0.0', '0.0', '0.0', '0.0', 0, 0, 0, 0, 0, 0, 0, 0, 0, 0),
('Grilled Piri Piri Shrimp', 191, '14.0', '8.0', '0.0', '0.0', 135, 360, 4, 0, 0, 0, 8, 15, 14, 0),
('Grilled Pita Bread', 0, '0.0', '0.0', '0.0', '0.0', 0, 0, 0, 0, 0, 0, 0, 0, 0, 0),
('Grilled Pork Loin Sandwich', 413, '11.0', '3.5', '0.0', '0.0', 55, 1080, 39, 2, 0, 0, 4, 15, 28, 2),
('Grilled Portabella Mushroom', 0, '0.0', '0.0', '0.0', '0.0', 0, 0, 0, 0, 0, 0, 0, 0, 0, 0),
('Grilled Ranch Chicken Breast', 0, '0.0', '0.0', '0.0', '0.0', 0, 0, 0, 0, 0, 0, 0, 0, 0, 0),
('Grilled Salmon', 0, '0.0', '0.0', '0.0', '0.0', 0, 0, 0, 0, 0, 0, 0, 0, 0, 0),
('Grilled Shrimp and Chipotle Salad', 144, '9.0', '3.0', '0.0', '0.0', 30, 420, 9, 1, 0, 0, 10, 4, 6, 2),
('Grilled Smoked Turkey with Cheddar', 0, '0.0', '0.0', '0.0', '0.0', 0, 0, 0, 0, 0, 0, 0, 0, 0, 0),
('Grinder Bar', 0, '0.0', '0.0', '0.0', '0.0', 0, 0, 0, 0, 0, 0, 0, 0, 0, 0),
('Grits', 100, '0.0', '0.0', '0.0', '0.0', 0, 460, 22, 1, 0, 0, 2, 45, 2, 0),
('Ground Beef Tacos', 310, '21.0', '8.0', '0.0', '0.0', 65, 440, 11, 1, 0, 0, 4, 15, 17, 2),
('Gyro Meat', 0, '0.0', '0.0', '0.0', '0.0', 0, 0, 0, 0, 0, 0, 0, 0, 0, 0),
('Gyro Sandwich', 315, '15.0', '6.0', '0.0', '0.0', 35, 590, 29, 2, 0, 0, 6, 10, 14, 3),
('Ham', 0, '0.0', '0.0', '0.0', '0.0', 0, 0, 0, 0, 0, 0, 0, 0, 0, 0),
('Ham & Cheese Crepes', 0, '0.0', '0.0', '0.0', '0.0', 0, 0, 0, 0, 0, 0, 0, 0, 0, 0),
('Ham and Bean Soup', 216, '1.5', '0.0', '0.0', '0.0', 10, 390, 36, 14, 0, 0, 10, 20, 16, 3),
('Ham Salad', 126, '6.0', '1.5', '0.0', '0.0', 80, 770, 5, 0, 0, 0, 2, 4, 11, 2),
('Hamburger Bun', 0, '0.0', '0.0', '0.0', '0.0', 0, 0, 0, 0, 0, 0, 0, 0, 0, 0),
('Hamburger on Bun', 404, '24.0', '8.0', '0.0', '0.0', 75, 240, 25, 1, 0, 0, 4, 20, 23, 4),
('Hand Dipped Ice Cream', 133, '6.0', '4.5', '0.0', '0.0', 25, 60, 16, 0, 0, 0, 6, 0, 2, 13),
('Hard Cooked Eggs', 73, '5.0', '1.5', '0.0', '0.0', 210, 70, 0, 0, 0, 0, 4, 6, 6, 0),
('Harissa Pasta Saute', 0, '0.0', '0.0', '0.0', '0.0', 0, 0, 0, 0, 0, 0, 0, 0, 0, 0),
('Hash Brown Patty', 161, '12.0', '2.5', '0.0', '0.0', 0, 220, 13, 3, 0, 0, 0, 2, 0, 0),
('Hash Brown Potato Patties', 0, '0.0', '0.0', '0.0', '0.0', 0, 0, 0, 0, 0, 0, 0, 0, 0, 0),
('Hash Browns', 265, '22.0', '5.0', '0.0', '0.0', 0, 300, 13, 2, 0, 0, 0, 4, 2, 0),
('Hashbrown Potato and Cheese Casserole', 0, '0.0', '0.0', '0.0', '0.0', 0, 0, 0, 0, 0, 0, 0, 0, 0, 0),
('Hawaiian Pizza', 271, '10.0', '6.0', '0.0', '0.0', 20, 750, 32, 1, 0, 0, 25, 10, 15, 4),
('Hawaiian Sticky Tofu', 0, '0.0', '0.0', '0.0', '0.0', 0, 0, 0, 0, 0, 0, 0, 0, 0, 0),
('Heidi''s Guacamole', 111, '11.0', '1.5', '0.0', '0.0', 0, 85, 4, 3, 0, 0, 2, 4, 0, 1),
('Herb Focaccia Bread', 161, '2.5', '1.0', '0.0', '0.0', 0, 270, 25, 0, 0, 0, 2, 4, 5, 0),
('Herb Grilled Chicken', 148, '7.0', '1.5', '0.0', '0.0', 55, 400, 0, 0, 0, 0, 2, 6, 20, 0),
('Herb Roasted Chicken', 238, '18.0', '5.0', '0.0', '0.0', 90, 310, 0, 0, 0, 0, 2, 8, 19, 0),
('Herb Roasted Sliced Pork Loin', 455, '31.0', '9.0', '0.0', '0.0', 135, 190, 0, 0, 0, 0, 6, 10, 43, 0),
('Herb Smoked Turkey Breast', 0, '0.0', '0.0', '0.0', '0.0', 0, 0, 0, 0, 0, 0, 0, 0, 0, 0),
('Herbed Grilled Turkey', 195, '5.0', '1.0', '0.0', '0.0', 95, 60, 0, 0, 0, 0, 2, 10, 34, 0),
('Herbed Spaetzle in Brown Butter', 0, '0.0', '0.0', '0.0', '0.0', 0, 0, 0, 0, 0, 0, 0, 0, 0, 0),
('Hoback Jun ', 0, '0.0', '0.0', '0.0', '0.0', 0, 0, 0, 0, 0, 0, 0, 0, 0, 0),
('Hoisin', 0, '0.0', '0.0', '0.0', '0.0', 0, 0, 0, 0, 0, 0, 0, 0, 0, 0),
('Honey Baked Ham', 182, '8.0', '4.0', '0.0', '0.0', 65, 1250, 6, 0, 0, 0, 2, 6, 19, 10),
('Honey Chipotle Chicken', 190, '6.0', '1.5', '0.0', '0.0', 55, 55, 6, 0, 0, 0, 2, 4, 20, 14),
('Honey Dijon Chicken', 151, '6.0', '1.5', '0.0', '0.0', 50, 270, 3, 0, 0, 0, 2, 4, 20, 2),
('Honey Miso Roasted Butternut Squash', 82, '1.5', '0.0', '0.0', '0.0', 0, 140, 15, 2, 0, 0, 6, 6, 2, 6),
('Honey Mustard', 133, '0.0', '0.0', '0.0', '0.0', 0, 200, 27, 0, 0, 0, 0, 0, 0, 27);
INSERT INTO `nutritional_information` (`food_name`, `calories`, `total_fat`, `saturated_fat`, `polyunsaturated_fat`, `monounsaturated_fat`, `cholesterol`, `sodium`, `total_carbohydrate`, `dietary_fiber`, `vitamin_a`, `vitamin_c`, `calcium`, `iron`, `protein`, `sugar`) VALUES
('Honeydew Wedges', 0, '0.0', '0.0', '0.0', '0.0', 0, 0, 0, 0, 0, 0, 0, 0, 0, 0),
('Hot & Sour Soup', 87, '5.0', '1.0', '0.0', '0.0', 20, 700, 5, 1, 0, 0, 6, 6, 6, 2),
('Hot Buttered Apples', 0, '0.0', '0.0', '0.0', '0.0', 0, 0, 0, 0, 0, 0, 0, 0, 0, 0),
('Hot Dog Bun', 147, '2.5', '0.0', '0.0', '0.0', 25, 280, 27, 1, 0, 0, 6, 8, 4, 3),
('Hummus', 96, '6.0', '1.0', '0.0', '0.0', 0, 170, 8, 3, 0, 0, 2, 4, 3, 0),
('Hummus & Vegetable Wrap', 0, '0.0', '0.0', '0.0', '0.0', 0, 0, 0, 0, 0, 0, 0, 0, 0, 0),
('Hush Puppies', 166, '9.0', '0.0', '0.0', '0.0', 0, 380, 19, 0, 0, 0, 2, 6, 2, 2),
('Ice Cream Cookies and Cream', 119, '2.0', '1.0', '0.0', '0.0', 5, 55, 22, 0, 0, 0, 10, 0, 3, 18),
('Ice Cream Hand Dipped', 137, '6.0', '4.0', '0.0', '0.0', 20, 55, 18, 0, 0, 0, 8, 0, 2, 15),
('Ice Cream Novelties', 233, '12.0', '7.0', '0.0', '0.0', 25, 110, 29, 0, 0, 0, 8, 2, 3, 20),
('Ice Cream Sundae Bar', 185, '8.0', '4.0', '0.0', '0.0', 0, 85, 27, 0, 0, 0, 2, 2, 1, 21),
('Iced Chocolate Cake', 300, '13.0', '3.5', '0.0', '0.0', 35, 280, 44, 2, 0, 0, 2, 10, 3, 29),
('Illini Salad', 149, '7.0', '2.0', '0.0', '0.0', 0, 105, 16, 4, 0, 0, 4, 8, 8, 6),
('Israeli Couscous', 135, '0.0', '0.0', '0.0', '0.0', 0, 5, 28, 2, 0, 0, 2, 4, 5, 0),
('Israeli Couscous Salad w/ Fruit & Nuts', 0, '0.0', '0.0', '0.0', '0.0', 0, 0, 0, 0, 0, 0, 0, 0, 0, 0),
('Italian Beef Sandwich', 0, '0.0', '0.0', '0.0', '0.0', 0, 0, 0, 0, 0, 0, 0, 0, 0, 0),
('Italian Chop Salad', 0, '0.0', '0.0', '0.0', '0.0', 0, 0, 0, 0, 0, 0, 0, 0, 0, 0),
('Italian Garden Sauce', 87, '2.5', '0.0', '0.0', '0.0', 0, 520, 11, 2, 0, 0, 4, 8, 2, 7),
('Italian Herb Chicken', 207, '8.0', '1.5', '0.0', '0.0', 85, 115, 0, 0, 0, 0, 2, 6, 31, 0),
('Italian Herb Flat Focaccia Bread', 0, '0.0', '0.0', '0.0', '0.0', 0, 0, 0, 0, 0, 0, 0, 0, 0, 0),
('Italian Marinated Pork Loin', 0, '0.0', '0.0', '0.0', '0.0', 0, 0, 0, 0, 0, 0, 0, 0, 0, 0),
('Italian Meat Sauce', 89, '5.0', '2.0', '0.0', '0.0', 15, 350, 5, 1, 0, 0, 2, 6, 5, 3),
('Italian Sausage', 276, '21.0', '6.0', '0.0', '0.0', 75, 960, 3, 2, 0, 0, 6, 10, 19, 2),
('Italian Sausage Lasagna', 0, '0.0', '0.0', '0.0', '0.0', 0, 0, 0, 0, 0, 0, 0, 0, 0, 0),
('Italian Sausage Sauce', 0, '0.0', '0.0', '0.0', '0.0', 0, 0, 0, 0, 0, 0, 0, 0, 0, 0),
('Italian Sausage Slider', 237, '14.0', '3.5', '0.0', '0.0', 115, 610, 19, 1, 0, 0, 2, 15, 9, 3),
('Italian Tomato Basil & Pasta Salad', 195, '9.0', '2.0', '0.0', '0.0', 0, 210, 22, 2, 0, 0, 8, 8, 6, 2),
('Italian Vegetables', 37, '0.0', '0.0', '0.0', '0.0', 0, 55, 6, 2, 0, 0, 2, 2, 1, 2),
('Italian Wedding Soup', 0, '0.0', '0.0', '0.0', '0.0', 0, 0, 0, 0, 0, 0, 0, 0, 0, 0),
('Jalapeno Bottle Caps', 0, '0.0', '0.0', '0.0', '0.0', 0, 0, 0, 0, 0, 0, 0, 0, 0, 0),
('Jalapeno Peppers', 0, '0.0', '0.0', '0.0', '0.0', 0, 0, 0, 0, 0, 0, 0, 0, 0, 0),
('Jalapeno Tortilla', 0, '0.0', '0.0', '0.0', '0.0', 0, 0, 0, 0, 0, 0, 0, 0, 0, 0),
('Jasmine Rice', 118, '1.0', '0.0', '0.0', '0.0', 0, 30, 24, 0, 0, 0, 2, 2, 2, 0),
('Jell-O', 74, '0.0', '0.0', '0.0', '0.0', 0, 100, 18, 0, 0, 0, 0, 0, 1, 17),
('Jerk Chicken Breast', 0, '0.0', '0.0', '0.0', '0.0', 0, 0, 0, 0, 0, 0, 0, 0, 0, 0),
('Kale Chips', 57, '5.0', '0.5', '0.0', '0.0', 0, 290, 2, 0, 0, 0, 4, 2, 0, 0),
('Kale Market Salad', 0, '0.0', '0.0', '0.0', '0.0', 0, 0, 0, 0, 0, 0, 0, 0, 0, 0),
('Key Lime Pie', 400, '19.0', '13.0', '0.0', '0.0', 50, 280, 52, 1, 0, 0, 15, 4, 5, 42),
('Key West Pineapple Slaw', 0, '0.0', '0.0', '0.0', '0.0', 0, 0, 0, 0, 0, 0, 0, 0, 0, 0),
('Kielbasa Sausage', 0, '0.0', '0.0', '0.0', '0.0', 0, 0, 0, 0, 0, 0, 0, 0, 0, 0),
('Kim Chee', 0, '0.0', '0.0', '0.0', '0.0', 0, 0, 0, 0, 0, 0, 0, 0, 0, 0),
('Kim Chi', 0, '0.0', '0.0', '0.0', '0.0', 0, 0, 0, 0, 0, 0, 0, 0, 0, 0),
('Kiwi', 0, '0.0', '0.0', '0.0', '0.0', 0, 0, 0, 0, 0, 0, 0, 0, 0, 0),
('Korean BBQ Chicken Skewer', 0, '0.0', '0.0', '0.0', '0.0', 0, 0, 0, 0, 0, 0, 0, 0, 0, 0),
('Korean Bean Thread Noodles w/ Vegetables', 0, '0.0', '0.0', '0.0', '0.0', 0, 0, 0, 0, 0, 0, 0, 0, 0, 0),
('Korean Bibim Bap', 0, '0.0', '0.0', '0.0', '0.0', 0, 0, 0, 0, 0, 0, 0, 0, 0, 0),
('Korean Happy Rice', 0, '0.0', '0.0', '0.0', '0.0', 0, 0, 0, 0, 0, 0, 0, 0, 0, 0),
('Korean Kim Chi', 0, '0.0', '0.0', '0.0', '0.0', 0, 0, 0, 0, 0, 0, 0, 0, 0, 0),
('Korean Miso Soup', 0, '0.0', '0.0', '0.0', '0.0', 0, 0, 0, 0, 0, 0, 0, 0, 0, 0),
('Korean Spicy Chicken Pizza', 0, '0.0', '0.0', '0.0', '0.0', 0, 0, 0, 0, 0, 0, 0, 0, 0, 0),
('Kung Pao Chicken', 0, '0.0', '0.0', '0.0', '0.0', 0, 0, 0, 0, 0, 0, 0, 0, 0, 0),
('Latin Strata', 0, '0.0', '0.0', '0.0', '0.0', 0, 0, 0, 0, 0, 0, 0, 0, 0, 0),
('Layered Strawberry Shortcake', 159, '8.0', '3.5', '0.0', '0.0', 35, 140, 19, 0, 0, 0, 4, 4, 1, 14),
('Le Hog Pizza', 0, '0.0', '0.0', '0.0', '0.0', 0, 0, 0, 0, 0, 0, 0, 0, 0, 0),
('Leaf Lettuce', 0, '0.0', '0.0', '0.0', '0.0', 0, 0, 0, 0, 0, 0, 0, 0, 0, 0),
('Lemon and Garlic Grilled Prawns', 0, '0.0', '0.0', '0.0', '0.0', 0, 0, 0, 0, 0, 0, 0, 0, 0, 0),
('Lemon Bar', 271, '10.0', '6.0', '0.0', '0.0', 60, 85, 43, 0, 0, 0, 2, 6, 3, 32),
('Lemon Bars', 174, '7.0', '4.0', '0.0', '0.0', 50, 130, 26, 0, 0, 0, 2, 2, 2, 21),
('Lemon Blueberry Cake', 171, '7.0', '4.0', '0.0', '0.0', 35, 125, 25, 0, 0, 0, 2, 4, 3, 16),
('Lemon Buttermilk Cake', 581, '24.0', '14.0', '0.0', '0.0', 180, 340, 88, 0, 0, 0, 6, 10, 7, 64),
('Lemon Garlic Chicken Skewers', 140, '10.0', '3.0', '0.0', '0.0', 45, 125, 1, 0, 0, 0, 2, 2, 11, 0),
('Lemon Goat Cheese Hummus', 73, '5.0', '1.5', '0.0', '0.0', 0, 110, 5, 2, 0, 0, 2, 4, 3, 0),
('Lemon Meringue Pie', 289, '8.0', '3.0', '0.0', '0.0', 0, 240, 53, 1, 0, 0, 0, 0, 2, 35),
('Lemon Mist Cake', 770, '48.0', '22.0', '0.0', '0.0', 85, 350, 70, 1, 0, 0, 2, 4, 5, 51),
('Lemon Pepper Chicken Breast', 153, '5.0', '1.5', '0.0', '0.0', 70, 45, 0, 0, 0, 0, 2, 6, 26, 0),
('Lemon Poppy Muffin', 458, '24.0', '4.0', '0.0', '0.0', 80, 420, 54, 2, 0, 0, 8, 15, 6, 28),
('Lentil Rice Pilaf', 0, '0.0', '0.0', '0.0', '0.0', 0, 0, 0, 0, 0, 0, 0, 0, 0, 0),
('Lentil Shepherd''s Pie', 230, '16.0', '2.5', '0.0', '0.0', 0, 470, 19, 4, 0, 0, 4, 10, 4, 3),
('Lentil Soup', 100, '1.0', '0.0', '0.0', '0.0', 0, 500, 17, 7, 0, 0, 4, 10, 6, 2),
('Lentils with Spinach', 0, '0.0', '0.0', '0.0', '0.0', 0, 0, 0, 0, 0, 0, 0, 0, 0, 0),
('Lettuce & Tofu Wraps', 0, '0.0', '0.0', '0.0', '0.0', 0, 0, 0, 0, 0, 0, 0, 0, 0, 0),
('Light Soy Sauce', 0, '0.0', '0.0', '0.0', '0.0', 0, 0, 0, 0, 0, 0, 0, 0, 0, 0),
('Lighter Side of Italy Panini', 575, '26.0', '8.0', '0.0', '0.0', 25, 1470, 64, 4, 0, 0, 45, 30, 28, 4),
('Limes', 0, '0.0', '0.0', '0.0', '0.0', 0, 0, 0, 0, 0, 0, 0, 0, 0, 0),
('Linguine Pasta', 200, '1.0', '0.0', '0.0', '0.0', 0, 70, 40, 2, 0, 0, 2, 10, 7, 0),
('Loaded Baked Potato Salad', 201, '16.0', '8.0', '0.0', '0.0', 30, 370, 9, 1, 0, 0, 10, 2, 6, 0),
('Lobster Waldorf Salad', 0, '0.0', '0.0', '0.0', '0.0', 0, 0, 0, 0, 0, 0, 0, 0, 0, 0),
('Lomo Saltado', 0, '0.0', '0.0', '0.0', '0.0', 0, 0, 0, 0, 0, 0, 0, 0, 0, 0),
('London Broil', 412, '19.0', '8.0', '0.0', '0.0', 100, 340, 2, 0, 0, 0, 4, 20, 54, 0),
('M&M; Blondie Bars', 274, '12.0', '7.0', '0.0', '0.0', 50, 250, 38, 0, 0, 0, 4, 6, 3, 26),
('M&M; Rice Krispie Treat', 269, '8.0', '2.0', '0.0', '0.0', 0, 240, 46, 0, 0, 0, 2, 4, 3, 27),
('Mac N Cheese BBQ Pork Sandwich', 0, '0.0', '0.0', '0.0', '0.0', 0, 0, 0, 0, 0, 0, 0, 0, 0, 0),
('Macadamia Nut Cookie', 169, '9.0', '4.0', '0.0', '0.0', 10, 120, 22, 0, 0, 0, 0, 4, 2, 14),
('Macaroni & Cheese', 372, '12.0', '7.0', '0.0', '0.0', 35, 520, 47, 1, 0, 0, 25, 15, 15, 4),
('Macaroni Salad', 176, '6.0', '1.0', '0.0', '0.0', 35, 570, 24, 1, 0, 0, 2, 8, 4, 2),
('Madras Curry Tofu', 101, '7.0', '2.5', '0.0', '0.0', 10, 150, 6, 1, 0, 0, 10, 8, 6, 2),
('Madras Potatoes', 160, '12.0', '6.0', '0.0', '0.0', 35, 150, 12, 2, 0, 0, 6, 4, 3, 4),
('Makanek', 0, '0.0', '0.0', '0.0', '0.0', 0, 0, 0, 0, 0, 0, 0, 0, 0, 0),
('Make Your Own Chorizo Breakfast Burrito', 502, '31.0', '11.0', '0.0', '0.0', 470, 1000, 25, 2, 0, 0, 15, 15, 28, 2),
('Malabar Coconut Rice', 0, '0.0', '0.0', '0.0', '0.0', 0, 0, 0, 0, 0, 0, 0, 0, 0, 0),
('Malibu Burger', 305, '10.0', '1.0', '0.0', '0.0', 0, 800, 47, 5, 0, 0, 4, 10, 10, 6),
('Malt-o-Meal', 62, '0.0', '0.0', '0.0', '0.0', 0, 160, 13, 0, 0, 0, 0, 25, 2, 0),
('Mango Chutney', 0, '0.0', '0.0', '0.0', '0.0', 0, 0, 0, 0, 0, 0, 0, 0, 0, 0),
('Mango Couscous', 0, '0.0', '0.0', '0.0', '0.0', 0, 0, 0, 0, 0, 0, 0, 0, 0, 0),
('Manhattan Clam Chowder', 0, '0.0', '0.0', '0.0', '0.0', 0, 0, 0, 0, 0, 0, 0, 0, 0, 0),
('Maple Pecan French Toast Casserole', 0, '0.0', '0.0', '0.0', '0.0', 0, 0, 0, 0, 0, 0, 0, 0, 0, 0),
('Margherita Pizza', 0, '0.0', '0.0', '0.0', '0.0', 0, 0, 0, 0, 0, 0, 0, 0, 0, 0),
('Margherita Stromboli', 0, '0.0', '0.0', '0.0', '0.0', 0, 0, 0, 0, 0, 0, 0, 0, 0, 0),
('Marinara Sauce', 91, '0.0', '0.0', '0.0', '0.0', 0, 740, 14, 1, 0, 0, 2, 8, 2, 10),
('Marinated Leg of Lamb', 0, '0.0', '0.0', '0.0', '0.0', 0, 0, 0, 0, 0, 0, 0, 0, 0, 0),
('Marinated Pork Chop', 175, '11.0', '3.5', '0.0', '0.0', 55, 115, 0, 0, 0, 0, 2, 4, 18, 0),
('Marinated Vegetable Salad', 0, '0.0', '0.0', '0.0', '0.0', 0, 0, 0, 0, 0, 0, 0, 0, 0, 0),
('Marshmallow Brownies', 524, '28.0', '16.0', '0.0', '0.0', 110, 55, 69, 2, 0, 0, 4, 10, 6, 56),
('Masala Fried Fish', 0, '0.0', '0.0', '0.0', '0.0', 0, 0, 0, 0, 0, 0, 0, 0, 0, 0),
('Mashed Potatoes', 0, '0.0', '0.0', '0.0', '0.0', 0, 0, 0, 0, 0, 0, 0, 0, 0, 0),
('Meatball Sub Sandwich', 535, '19.0', '8.0', '0.0', '0.0', 45, 1780, 61, 3, 0, 0, 15, 30, 23, 11),
('Meatballs', 0, '0.0', '0.0', '0.0', '0.0', 0, 0, 0, 0, 0, 0, 0, 0, 0, 0),
('Meatloaf', 220, '13.0', '5.0', '0.0', '0.0', 110, 400, 11, 0, 0, 0, 4, 10, 13, 6),
('Meatzza Lovers Pizza', 319, '14.0', '7.0', '0.0', '0.0', 30, 1070, 31, 1, 0, 0, 15, 15, 18, 3),
('Mediterranean Couscous', 131, '2.0', '0.0', '0.0', '0.0', 0, 200, 24, 1, 0, 0, 2, 4, 4, 0),
('Mediterranean Vegetable Risotto', 133, '8.0', '3.5', '0.0', '0.0', 15, 230, 12, 0, 0, 0, 8, 2, 3, 0),
('Medium Salsa', 0, '0.0', '0.0', '0.0', '0.0', 0, 0, 0, 0, 0, 0, 0, 0, 0, 0),
('Melon Raita', 0, '0.0', '0.0', '0.0', '0.0', 0, 0, 0, 0, 0, 0, 0, 0, 0, 0),
('Mexicali Twist', 0, '0.0', '0.0', '0.0', '0.0', 0, 0, 0, 0, 0, 0, 0, 0, 0, 0),
('Mexican Rice', 0, '0.0', '0.0', '0.0', '0.0', 0, 0, 0, 0, 0, 0, 0, 0, 0, 0),
('Millet', 0, '0.0', '0.0', '0.0', '0.0', 0, 0, 0, 0, 0, 0, 0, 0, 0, 0),
('Minestrone Soup', 124, '2.0', '0.0', '0.0', '0.0', 0, 610, 22, 2, 0, 0, 4, 8, 4, 3),
('Mint Pesto Sauce', 180, '17.0', '3.5', '0.0', '0.0', 5, 530, 4, 2, 0, 0, 20, 25, 7, 0),
('Miso Cod', 118, '1.0', '0.0', '0.0', '0.0', 35, 680, 9, 0, 0, 0, 4, 4, 15, 7),
('Miso Soup', 85, '3.0', '0.0', '0.0', '0.0', 0, 1330, 9, 2, 0, 0, 10, 8, 6, 3),
('Mixed Vegetables', 63, '0.5', '0.0', '0.0', '0.0', 0, 50, 12, 3, 0, 0, 2, 2, 3, 4),
('Mocha Brownie', 200, '6.0', '2.5', '0.0', '0.0', 0, 180, 35, 1, 0, 0, 0, 8, 3, 25),
('Mocha Mousse Cake', 1030, '66.0', '34.0', '0.0', '0.0', 185, 420, 104, 9, 0, 0, 15, 70, 13, 62),
('Molasses Ginger Cake', 353, '17.0', '3.0', '0.0', '0.0', 30, 260, 43, 0, 0, 0, 4, 10, 3, 28),
('Mongolian Beef', 191, '8.0', '2.0', '0.0', '0.0', 45, 200, 12, 2, 0, 0, 6, 10, 18, 5),
('Mongolian Drumsticks', 136, '7.0', '2.0', '0.0', '0.0', 70, 95, 0, 0, 0, 0, 2, 6, 16, 0),
('Moorish Pork', 0, '0.0', '0.0', '0.0', '0.0', 0, 0, 0, 0, 0, 0, 0, 0, 0, 0),
('Moroccan Carrots', 49, '2.0', '0.0', '0.0', '0.0', 0, 75, 7, 2, 0, 0, 4, 6, 0, 4),
('Moroccan Couscous', 0, '0.0', '0.0', '0.0', '0.0', 0, 0, 0, 0, 0, 0, 0, 0, 0, 0),
('Moroccan Lentil Soup', 0, '0.0', '0.0', '0.0', '0.0', 0, 0, 0, 0, 0, 0, 0, 0, 0, 0),
('Moroccan Vegetable Ragout', 0, '0.0', '0.0', '0.0', '0.0', 0, 0, 0, 0, 0, 0, 0, 0, 0, 0),
('Muffaleta Pizza', 0, '0.0', '0.0', '0.0', '0.0', 0, 0, 0, 0, 0, 0, 0, 0, 0, 0),
('Muhammara', 514, '45.0', '5.0', '0.0', '0.0', 0, 500, 24, 5, 0, 0, 10, 15, 10, 8),
('Mushroom Rice Bowl', 0, '0.0', '0.0', '0.0', '0.0', 0, 0, 0, 0, 0, 0, 0, 0, 0, 0),
('Mushroom Swiss Burger', 0, '0.0', '0.0', '0.0', '0.0', 0, 0, 0, 0, 0, 0, 0, 0, 0, 0),
('Mussels w/Tomatoes & Tarragon', 0, '0.0', '0.0', '0.0', '0.0', 0, 0, 0, 0, 0, 0, 0, 0, 0, 0),
('Muttar Paneer', 0, '0.0', '0.0', '0.0', '0.0', 0, 0, 0, 0, 0, 0, 0, 0, 0, 0),
('Naan Flat Bread', 0, '0.0', '0.0', '0.0', '0.0', 0, 0, 0, 0, 0, 0, 0, 0, 0, 0),
('Nacho Pizza', 343, '17.0', '9.0', '0.0', '0.0', 45, 950, 35, 2, 0, 0, 20, 15, 16, 4),
('Navel Orange', 0, '0.0', '0.0', '0.0', '0.0', 0, 0, 0, 0, 0, 0, 0, 0, 0, 0),
('Navy Bean Soup', 139, '2.0', '0.0', '0.0', '0.0', 0, 360, 24, 9, 0, 0, 8, 10, 7, 2),
('Neapolitan Spaghetti', 0, '0.0', '0.0', '0.0', '0.0', 0, 0, 0, 0, 0, 0, 0, 0, 0, 0),
('New England Clam Chowder', 155, '6.0', '3.5', '0.0', '0.0', 30, 370, 15, 0, 0, 0, 15, 35, 11, 7),
('New York Cheesecake', 466, '34.0', '20.0', '0.0', '0.0', 135, 360, 32, 1, 0, 0, 10, 8, 6, 25),
('New York Style Cheesecake', 460, '34.0', '20.0', '0.0', '0.0', 135, 360, 32, 1, 0, 0, 10, 8, 6, 25),
('Nicoise Salad', 176, '13.0', '2.5', '0.0', '0.0', 115, 470, 6, 1, 0, 0, 4, 6, 11, 2),
('No Gluten Added Vegan Rice Krispy Treats', 223, '7.0', '2.0', '0.0', '0.0', 0, 90, 41, 1, 0, 0, 2, 2, 2, 19),
('Nori', 0, '0.0', '0.0', '0.0', '0.0', 0, 0, 0, 0, 0, 0, 0, 0, 0, 0),
('O''Brien Potatoes ', 156, '7.0', '1.5', '0.0', '0.0', 0, 280, 22, 3, 0, 0, 2, 4, 2, 2),
('O''Brien Potatoes with Green Chiles', 0, '0.0', '0.0', '0.0', '0.0', 0, 0, 0, 0, 0, 0, 0, 0, 0, 0),
('Oatmeal', 74, '1.0', '0.0', '0.0', '0.0', 0, 140, 13, 2, 0, 0, 2, 4, 3, 0),
('Oatmeal Cookie', 159, '7.0', '4.0', '0.0', '0.0', 10, 130, 23, 1, 0, 0, 0, 4, 2, 13),
('Oatmeal Raisin Pecan Cookies', 150, '7.0', '3.0', '0.0', '0.0', 20, 95, 19, 1, 0, 0, 2, 4, 2, 11),
('Okonomiyaki', 0, '0.0', '0.0', '0.0', '0.0', 0, 0, 0, 0, 0, 0, 0, 0, 0, 0),
('Olive Medley Tapas Tray', 0, '0.0', '0.0', '0.0', '0.0', 0, 0, 0, 0, 0, 0, 0, 0, 0, 0),
('Olive Oil', 0, '0.0', '0.0', '0.0', '0.0', 0, 0, 0, 0, 0, 0, 0, 0, 0, 0),
('Omelet Station', 287, '21.0', '9.0', '0.0', '0.0', 460, 350, 3, 0, 0, 0, 30, 10, 21, 2),
('Onion Rings', 190, '9.0', '1.5', '0.0', '0.0', 0, 350, 24, 1, 0, 0, 0, 4, 2, 4),
('Onions', 0, '0.0', '0.0', '0.0', '0.0', 0, 0, 0, 0, 0, 0, 0, 0, 0, 0),
('Oodles Dipping Sauce', 0, '0.0', '0.0', '0.0', '0.0', 0, 0, 0, 0, 0, 0, 0, 0, 0, 0),
('Oodles Peanut Sauce', 0, '0.0', '0.0', '0.0', '0.0', 0, 0, 0, 0, 0, 0, 0, 0, 0, 0),
('Orange Chicken', 0, '0.0', '0.0', '0.0', '0.0', 0, 0, 0, 0, 0, 0, 0, 0, 0, 0),
('Orange Chicken Salad with Dill', 0, '0.0', '0.0', '0.0', '0.0', 0, 0, 0, 0, 0, 0, 0, 0, 0, 0),
('Orange Sheet Cake', 300, '9.0', '3.0', '0.0', '0.0', 45, 280, 50, 1, 0, 0, 0, 0, 4, 33),
('Oreo Brownies', 18930, '617.0', '216.0', '0.0', '0.0', 0, 17720, 3221, 121, 0, 0, 4, 790, 241, 2260),
('Original Popcorn Chicken', 0, '0.0', '0.0', '0.0', '0.0', 0, 0, 0, 0, 0, 0, 0, 0, 0, 0),
('Orzo Pasta', 0, '0.0', '0.0', '0.0', '0.0', 0, 0, 0, 0, 0, 0, 0, 0, 0, 0),
('Oven Roasted Vegetables', 103, '9.0', '1.0', '0.0', '0.0', 0, 120, 5, 1, 0, 0, 2, 4, 1, 3),
('Panang Curry w/ Beef', 0, '0.0', '0.0', '0.0', '0.0', 0, 0, 0, 0, 0, 0, 0, 0, 0, 0),
('Pancake Syrup', 114, '0.0', '0.0', '0.0', '0.0', 0, 35, 30, 0, 0, 0, 0, 0, 0, 30),
('Parslied New Potatoes', 0, '0.0', '0.0', '0.0', '0.0', 0, 0, 0, 0, 0, 0, 0, 0, 0, 0),
('Pasta Fagioli Soup ', 346, '3.0', '0.5', '0.0', '0.0', 0, 800, 62, 11, 0, 0, 8, 25, 16, 3),
('Pasta Primavera', 336, '2.0', '0.0', '0.0', '0.0', 0, 120, 63, 3, 0, 0, 4, 20, 11, 2),
('Pasta Salad with Soy Vinaigrette', 273, '19.0', '2.5', '0.0', '0.0', 0, 380, 22, 2, 0, 0, 4, 8, 4, 7),
('Pasta Shells', 0, '0.0', '0.0', '0.0', '0.0', 0, 0, 0, 0, 0, 0, 0, 0, 0, 0),
('Peach Crepes', 0, '0.0', '0.0', '0.0', '0.0', 0, 0, 0, 0, 0, 0, 0, 0, 0, 0),
('Peach Danish', 151, '10.0', '3.0', '0.0', '0.0', 0, 90, 12, 0, 0, 0, 2, 0, 2, 1),
('Peach Pie', 380, '17.0', '8.0', '0.0', '0.0', 0, 510, 53, 2, 0, 0, 0, 0, 3, 26),
('Peanut Butter Chocolate Chunk Cookies', 160, '7.0', '2.5', '0.0', '0.0', 10, 135, 23, 0, 0, 0, 0, 6, 3, 16),
('Peanut Butter Cookie', 169, '9.0', '3.5', '0.0', '0.0', 10, 170, 20, 1, 0, 0, 0, 4, 3, 12),
('Pear and Spinach Salad', 217, '19.0', '2.5', '0.0', '0.0', 0, 110, 10, 2, 0, 0, 6, 8, 3, 5),
('Peas', 64, '3.0', '0.0', '0.0', '0.0', 0, 90, 11, 3, 0, 0, 2, 8, 4, 4),
('Peas and Carrots', 0, '0.0', '0.0', '0.0', '0.0', 0, 0, 0, 0, 0, 0, 0, 0, 0, 0),
('Peas and Pearl Onions', 57, '2.5', '0.0', '0.0', '0.0', 0, 80, 10, 3, 0, 0, 2, 6, 4, 4),
('Peking Duck Pizza', 0, '0.0', '0.0', '0.0', '0.0', 0, 0, 0, 0, 0, 0, 0, 0, 0, 0),
('Penne Pasta', 0, '0.0', '0.0', '0.0', '0.0', 0, 0, 0, 0, 0, 0, 0, 0, 0, 0),
('Penne w/ Velvety Sun Dried Tomato Sauce', 0, '0.0', '0.0', '0.0', '0.0', 0, 0, 0, 0, 0, 0, 0, 0, 0, 0),
('Penne with Sundried Tomato & Artichokes', 440, '6.0', '0.5', '0.0', '0.0', 0, 1340, 80, 5, 0, 0, 8, 25, 15, 6),
('Pepper Gravy', 0, '0.0', '0.0', '0.0', '0.0', 0, 0, 0, 0, 0, 0, 0, 0, 0, 0),
('Pepper Melange and Fontina Pizza', 0, '0.0', '0.0', '0.0', '0.0', 0, 0, 0, 0, 0, 0, 0, 0, 0, 0),
('Pepperoncini Peppers', 0, '0.0', '0.0', '0.0', '0.0', 0, 0, 0, 0, 0, 0, 0, 0, 0, 0),
('Pepperoni Pizza', 0, '0.0', '0.0', '0.0', '0.0', 0, 0, 0, 0, 0, 0, 0, 0, 0, 0),
('Pepperoni Roll', 491, '19.0', '9.0', '0.0', '0.0', 40, 1370, 52, 2, 0, 0, 45, 25, 24, 7),
('Pepperoni Stromboli', 0, '0.0', '0.0', '0.0', '0.0', 0, 0, 0, 0, 0, 0, 0, 0, 0, 0),
('Pesto Pasta Salad', 247, '7.0', '1.5', '0.0', '0.0', 0, 350, 36, 2, 0, 0, 8, 15, 8, 2),
('Pesto Powerhouse Salad', 0, '0.0', '0.0', '0.0', '0.0', 0, 0, 0, 0, 0, 0, 0, 0, 0, 0),
('Pesto Turkey Filet', 299, '16.0', '3.0', '0.0', '0.0', 95, 130, 0, 0, 0, 0, 6, 10, 36, 0),
('Philly Cheese Steak Pizza', 0, '0.0', '0.0', '0.0', '0.0', 0, 0, 0, 0, 0, 0, 0, 0, 0, 0),
('Philly Cheese Steak Sandwich', 726, '50.0', '18.0', '0.0', '0.0', 95, 740, 33, 2, 0, 0, 25, 25, 34, 3),
('Pho', 0, '0.0', '0.0', '0.0', '0.0', 0, 0, 0, 0, 0, 0, 0, 0, 0, 0),
('Pho Soup Condiments', 0, '0.0', '0.0', '0.0', '0.0', 0, 0, 0, 0, 0, 0, 0, 0, 0, 0),
('Pickle Slices', 0, '0.0', '0.0', '0.0', '0.0', 0, 0, 0, 0, 0, 0, 0, 0, 0, 0),
('Pico de Gallo', 0, '0.0', '0.0', '0.0', '0.0', 0, 0, 0, 0, 0, 0, 0, 0, 0, 0),
('Pineapple Churrasco', 0, '0.0', '0.0', '0.0', '0.0', 0, 0, 0, 0, 0, 0, 0, 0, 0, 0),
('Pineapple Fried Rice', 0, '0.0', '0.0', '0.0', '0.0', 0, 0, 0, 0, 0, 0, 0, 0, 0, 0),
('Pineapple Upside Down Cake', 98, '3.0', '0.5', '0.0', '0.0', 25, 80, 17, 0, 0, 0, 4, 4, 1, 13),
('Pinto Bean and Ham Hock Soup', 0, '0.0', '0.0', '0.0', '0.0', 0, 0, 0, 0, 0, 0, 0, 0, 0, 0),
('Pinto Beans', 71, '0.0', '0.0', '0.0', '0.0', 0, 190, 16, 6, 0, 0, 4, 8, 5, 0),
('Pistachio Muffin', 498, '28.0', '5.0', '0.0', '0.0', 80, 440, 56, 2, 0, 0, 4, 15, 6, 30),
('Pistachio Stuffed Leg of Lamb', 252, '15.0', '4.5', '0.0', '0.0', 80, 210, 4, 0, 0, 0, 4, 10, 26, 0),
('Pita Bread', 178, '4.0', '0.0', '0.0', '0.0', 0, 370, 32, 1, 0, 0, 4, 10, 6, 2),
('Pizza Bianca', 0, '0.0', '0.0', '0.0', '0.0', 0, 0, 0, 0, 0, 0, 0, 0, 0, 0),
('Pizza Sauce', 0, '0.0', '0.0', '0.0', '0.0', 0, 0, 0, 0, 0, 0, 0, 0, 0, 0),
('Plain Scrambled Eggs', 171, '13.0', '3.5', '0.0', '0.0', 400, 160, 0, 0, 0, 0, 6, 10, 12, 0),
('Polenta with Spinach & Garlic', 119, '7.0', '3.5', '0.0', '0.0', 15, 460, 11, 2, 0, 0, 8, 10, 3, 0),
('Polynesian Chicken', 198, '10.0', '4.0', '0.0', '0.0', 55, 125, 7, 0, 0, 0, 2, 8, 21, 4),
('Ponzu Sauce', 0, '0.0', '0.0', '0.0', '0.0', 0, 0, 0, 0, 0, 0, 0, 0, 0, 0),
('Popcorn Shrimp', 154, '6.0', '1.0', '0.0', '0.0', 40, 350, 16, 0, 0, 0, 2, 6, 8, 0),
('Pork Bulgogi', 0, '0.0', '0.0', '0.0', '0.0', 0, 0, 0, 0, 0, 0, 0, 0, 0, 0),
('Pork Carnita IKE', 0, '0.0', '0.0', '0.0', '0.0', 0, 0, 0, 0, 0, 0, 0, 0, 0, 0),
('Pork Eggroll', 0, '0.0', '0.0', '0.0', '0.0', 0, 0, 0, 0, 0, 0, 0, 0, 0, 0),
('Pork Fajitas Chipotle', 0, '0.0', '0.0', '0.0', '0.0', 0, 0, 0, 0, 0, 0, 0, 0, 0, 0),
('Pork Fritter Sandwich', 0, '0.0', '0.0', '0.0', '0.0', 0, 0, 0, 0, 0, 0, 0, 0, 0, 0),
('Pork Loin Diane with Sauce', 0, '0.0', '0.0', '0.0', '0.0', 0, 0, 0, 0, 0, 0, 0, 0, 0, 0),
('Pork Sausage Links', 141, '12.0', '4.0', '0.0', '0.0', 35, 290, 0, 0, 0, 0, 2, 2, 7, 0),
('Pork Sausage Patties', 233, '23.0', '8.0', '0.0', '0.0', 40, 410, 0, 0, 0, 0, 0, 2, 7, 0),
('Pork with Sweet and Spicy Plum Sauce', 0, '0.0', '0.0', '0.0', '0.0', 0, 0, 0, 0, 0, 0, 0, 0, 0, 0),
('Portobello and Red Pepper Pizza', 203, '7.0', '3.0', '0.0', '0.0', 0, 450, 30, 1, 0, 0, 6, 10, 8, 2),
('Potato Leek Soup', 0, '0.0', '0.0', '0.0', '0.0', 0, 0, 0, 0, 0, 0, 0, 0, 0, 0),
('Potato Onion Pierogie w/ Sauteed Veggies', 151, '3.0', '0.0', '0.0', '0.0', 0, 400, 27, 1, 0, 0, 2, 8, 4, 2),
('Potato Sausage Soup', 0, '0.0', '0.0', '0.0', '0.0', 0, 0, 0, 0, 0, 0, 0, 0, 0, 0),
('Potato, Caramelized Onion &Cheddar; Pizza', 0, '0.0', '0.0', '0.0', '0.0', 0, 0, 0, 0, 0, 0, 0, 0, 0, 0),
('Pound Cake with Berries', 144, '5.0', '3.0', '0.0', '0.0', 15, 90, 24, 0, 0, 0, 2, 2, 1, 17),
('Pretzel Bun', 0, '0.0', '0.0', '0.0', '0.0', 0, 0, 0, 0, 0, 0, 0, 0, 0, 0),
('Prince Edward Vegetable Blend', 25, '0.0', '0.0', '0.0', '0.0', 0, 25, 5, 2, 0, 0, 4, 4, 2, 3),
('Princess Chicken', 384, '17.0', '3.5', '0.0', '0.0', 35, 940, 42, 0, 0, 0, 2, 15, 16, 10),
('Provolone Cheese Slices', 0, '0.0', '0.0', '0.0', '0.0', 0, 0, 0, 0, 0, 0, 0, 0, 0, 0),
('Pulled Pork', 0, '0.0', '0.0', '0.0', '0.0', 0, 0, 0, 0, 0, 0, 0, 0, 0, 0),
('Pulled Pork Lasagna', 0, '0.0', '0.0', '0.0', '0.0', 0, 0, 0, 0, 0, 0, 0, 0, 0, 0),
('Pumpernickel Dinner Roll', 0, '0.0', '0.0', '0.0', '0.0', 0, 0, 0, 0, 0, 0, 0, 0, 0, 0),
('Pumpkin Bars', 17131, '720.0', '123.0', '0.0', '0.0', 2230, 13790, 2651, 83, 0, 0, 350, 460, 180, 1755),
('Pumpkin Pie', 300, '11.0', '5.0', '0.0', '0.0', 25, 430, 46, 2, 0, 0, 15, 4, 5, 21),
('Purple Potato, Artichoke, & Millet Salad', 0, '0.0', '0.0', '0.0', '0.0', 0, 0, 0, 0, 0, 0, 0, 0, 0, 0),
('Purple Rice', 0, '0.0', '0.0', '0.0', '0.0', 0, 0, 0, 0, 0, 0, 0, 0, 0, 0),
('Puttanesca Sauce', 0, '0.0', '0.0', '0.0', '0.0', 0, 0, 0, 0, 0, 0, 0, 0, 0, 0),
('Quiche Lorraine', 352, '26.0', '14.0', '0.0', '0.0', 90, 570, 12, 0, 0, 0, 25, 2, 17, 0),
('Quinoa', 0, '0.0', '0.0', '0.0', '0.0', 0, 0, 0, 0, 0, 0, 0, 0, 0, 0),
('Quinoa Lentil Salad', 0, '0.0', '0.0', '0.0', '0.0', 0, 0, 0, 0, 0, 0, 0, 0, 0, 0),
('Quinoa Stuffed Poblano Peppers', 146, '6.0', '2.5', '0.0', '0.0', 10, 300, 17, 3, 0, 0, 10, 8, 6, 2),
('Quinoa, Apple, Cranberry & Feta Salad', 0, '0.0', '0.0', '0.0', '0.0', 0, 0, 0, 0, 0, 0, 0, 0, 0, 0),
('Ranch Dressing', 93, '10.0', '1.5', '0.0', '0.0', 10, 220, 0, 0, 0, 0, 2, 0, 0, 0),
('Ranch Egg Salad', 220, '19.0', '4.0', '0.0', '0.0', 305, 710, 2, 0, 0, 0, 4, 8, 9, 1),
('Raspberry Bars', 275, '14.0', '6.0', '0.0', '0.0', 25, 240, 34, 0, 0, 0, 2, 6, 3, 18),
('Raspberry Chocolate Crepe Cake', 4427, '221.0', '84.0', '0.0', '0.0', 940, 2600, 549, 32, 0, 0, 80, 40, 74, 357),
('Raspberry Pound Cake', 88, '4.0', '1.5', '0.0', '0.0', 20, 75, 12, 0, 0, 0, 2, 4, 1, 7),
('Raspberry Yogurt Rice Krispy Treat', 217, '6.0', '3.5', '0.0', '0.0', 15, 140, 39, 0, 0, 0, 2, 4, 2, 23),
('Ratatouille', 0, '0.0', '0.0', '0.0', '0.0', 0, 0, 0, 0, 0, 0, 0, 0, 0, 0),
('Real Bacon Bits', 0, '0.0', '0.0', '0.0', '0.0', 0, 0, 0, 0, 0, 0, 0, 0, 0, 0),
('Red Bean Buns', 230, '3.0', '1.0', '0.0', '0.0', 5, 260, 44, 1, 0, 0, 4, 8, 6, 16),
('Red Delicious Apples', 0, '0.0', '0.0', '0.0', '0.0', 0, 0, 0, 0, 0, 0, 0, 0, 0, 0),
('Red Grapefruit', 0, '0.0', '0.0', '0.0', '0.0', 0, 0, 0, 0, 0, 0, 0, 0, 0, 0),
('Red Onion', 0, '0.0', '0.0', '0.0', '0.0', 0, 0, 0, 0, 0, 0, 0, 0, 0, 0),
('Red Pepper and Avocado Wrap', 277, '14.0', '3.5', '0.0', '0.0', 0, 550, 32, 5, 0, 0, 15, 15, 6, 5),
('Red Pepper Hummus', 131, '9.0', '1.5', '0.0', '0.0', 0, 210, 9, 4, 0, 0, 2, 6, 3, 0),
('Red Raspberry Danish', 152, '10.0', '3.0', '0.0', '0.0', 0, 95, 12, 0, 0, 0, 2, 0, 2, 2),
('Red Rice', 0, '0.0', '0.0', '0.0', '0.0', 0, 0, 0, 0, 0, 0, 0, 0, 0, 0),
('Red Roasted Potatoes w/ Rosemary', 171, '4.0', '0.5', '0.0', '0.0', 0, 290, 31, 3, 0, 0, 2, 8, 4, 2),
('Red Velvet Brownies', 293, '10.0', '6.0', '0.0', '0.0', 60, 80, 48, 1, 0, 0, 4, 10, 4, 33),
('Red Velvet Layer Cake', 550, '34.0', '1.0', '0.0', '0.0', 75, 240, 61, 1, 0, 0, 4, 4, 4, 32),
('Red Velvet Sheet Cake', 10512, '368.0', '218.0', '0.0', '0.0', 2295, 10720, 1690, 27, 0, 0, 160, 420, 155, 1042),
('Reese''s Pieces Rice Krispie on a Stick', 678, '27.0', '12.0', '0.0', '0.0', 30, 350, 100, 3, 0, 0, 8, 8, 9, 71),
('Refried Beans', 133, '1.0', '0.0', '0.0', '0.0', 0, 360, 22, 9, 0, 0, 4, 8, 6, 1),
('Ribeye Roast', 0, '0.0', '0.0', '0.0', '0.0', 0, 0, 0, 0, 0, 0, 0, 0, 0, 0),
('Rice Krispie Treats', 13850, '371.0', '70.0', '0.0', '0.0', 0, 14110, 2459, 14, 0, 0, 20, 160, 134, 1313),
('Rice Noodles', 0, '0.0', '0.0', '0.0', '0.0', 0, 0, 0, 0, 0, 0, 0, 0, 0, 0),
('Ricotta Cheese', 0, '0.0', '0.0', '0.0', '0.0', 0, 0, 0, 0, 0, 0, 0, 0, 0, 0),
('Rigatoni Pizza Pasta Bake', 0, '0.0', '0.0', '0.0', '0.0', 0, 0, 0, 0, 0, 0, 0, 0, 0, 0),
('Risotto', 301, '8.0', '4.5', '0.0', '0.0', 15, 700, 46, 1, 0, 0, 15, 2, 8, 2),
('Risotto with Asparagus', 0, '0.0', '0.0', '0.0', '0.0', 0, 0, 0, 0, 0, 0, 0, 0, 0, 0),
('Roasted Beet and Orange Salad', 0, '0.0', '0.0', '0.0', '0.0', 0, 0, 0, 0, 0, 0, 0, 0, 0, 0),
('Roasted Broccoli', 0, '0.0', '0.0', '0.0', '0.0', 0, 0, 0, 0, 0, 0, 0, 0, 0, 0),
('Roasted Carrots with Dill', 0, '0.0', '0.0', '0.0', '0.0', 0, 0, 0, 0, 0, 0, 0, 0, 0, 0),
('Roasted Cauliflower', 138, '11.0', '4.0', '0.0', '0.0', 15, 450, 7, 3, 0, 0, 10, 4, 4, 3),
('Roasted Cauliflower (Vegan)', 0, '0.0', '0.0', '0.0', '0.0', 0, 0, 0, 0, 0, 0, 0, 0, 0, 0),
('Roasted Corn & Black Bean Salad', 0, '0.0', '0.0', '0.0', '0.0', 0, 0, 0, 0, 0, 0, 0, 0, 0, 0),
('Roasted Corn and Black Beans', 110, '2.5', '0.0', '0.0', '0.0', 0, 150, 19, 4, 0, 0, 2, 6, 4, 4),
('Roasted Cornish Hens', 581, '43.0', '11.0', '0.0', '0.0', 260, 810, 2, 0, 0, 0, 4, 10, 44, 0),
('Roasted Edamame Salad', 166, '8.0', '1.5', '0.0', '0.0', 0, 380, 14, 8, 0, 0, 8, 15, 11, 2),
('Roasted Jerk Chicken', 0, '0.0', '0.0', '0.0', '0.0', 0, 0, 0, 0, 0, 0, 0, 0, 0, 0),
('Roasted Potato Salad', 0, '0.0', '0.0', '0.0', '0.0', 0, 0, 0, 0, 0, 0, 0, 0, 0, 0),
('Roasted Red Pepper Sauce', 0, '0.0', '0.0', '0.0', '0.0', 0, 0, 0, 0, 0, 0, 0, 0, 0, 0),
('Roasted Red Pepper Soup', 0, '0.0', '0.0', '0.0', '0.0', 0, 0, 0, 0, 0, 0, 0, 0, 0, 0),
('Roasted Red Pork', 0, '0.0', '0.0', '0.0', '0.0', 0, 0, 0, 0, 0, 0, 0, 0, 0, 0),
('Roasted Root Vegetable', 136, '10.0', '1.5', '0.0', '0.0', 0, 130, 11, 3, 0, 0, 4, 4, 1, 5),
('Roasted Tomato & Pesto Sandwich', 0, '0.0', '0.0', '0.0', '0.0', 0, 0, 0, 0, 0, 0, 0, 0, 0, 0),
('Roasted Tomato with Basil Soup', 0, '0.0', '0.0', '0.0', '0.0', 0, 0, 0, 0, 0, 0, 0, 0, 0, 0),
('Roasted Turkey Breast', 139, '1.0', '0.0', '0.0', '0.0', 85, 95, 0, 0, 0, 0, 2, 10, 31, 0),
('Roasted Vegetable and Quinoa Salad', 0, '0.0', '0.0', '0.0', '0.0', 0, 0, 0, 0, 0, 0, 0, 0, 0, 0),
('Roasted Vegetable Lasagna', 305, '18.0', '7.0', '0.0', '0.0', 35, 800, 19, 2, 0, 0, 30, 6, 13, 6),
('Roasted Vegetable Rustica Pizza', 0, '0.0', '0.0', '0.0', '0.0', 0, 0, 0, 0, 0, 0, 0, 0, 0, 0),
('Roasted Yukon Gold Potatoes', 96, '2.0', '0.0', '0.0', '0.0', 0, 500, 17, 2, 0, 0, 2, 6, 2, 1),
('Rocky Road Cookie', 190, '9.0', '6.0', '0.0', '0.0', 25, 200, 24, 1, 0, 0, 0, 6, 2, 16),
('Rosemary and Garlic Tri Tip Churassco', 0, '0.0', '0.0', '0.0', '0.0', 0, 0, 0, 0, 0, 0, 0, 0, 0, 0),
('Roti Bread', 0, '0.0', '0.0', '0.0', '0.0', 0, 0, 0, 0, 0, 0, 0, 0, 0, 0),
('Rotini', 188, '1.0', '0.0', '0.0', '0.0', 0, 80, 38, 2, 0, 0, 2, 10, 6, 0),
('S''mores Bar', 228, '10.0', '6.0', '0.0', '0.0', 15, 160, 35, 1, 0, 0, 6, 15, 2, 24),
('Salmon Teriyaki', 233, '7.0', '1.5', '0.0', '0.0', 30, 590, 14, 0, 0, 0, 0, 30, 23, 0),
('Salmon with Julienne Vegetables', 111, '7.0', '1.5', '0.0', '0.0', 50, 95, 2, 0, 0, 0, 2, 4, 23, 0),
('Salsa Verde', 0, '0.0', '0.0', '0.0', '0.0', 0, 0, 0, 0, 0, 0, 0, 0, 0, 0),
('Sausage', 0, '0.0', '0.0', '0.0', '0.0', 0, 0, 0, 0, 0, 0, 0, 0, 0, 0),
('Sausage Carmlized Onion Smkd Gouda Pizza', 334, '17.0', '10.0', '0.0', '0.0', 40, 730, 33, 1, 0, 0, 25, 10, 15, 3),
('Sausage Donut Breakfast Sandwich', 0, '0.0', '0.0', '0.0', '0.0', 0, 0, 0, 0, 0, 0, 0, 0, 0, 0),
('Sausage Gravy', 136, '9.0', '4.5', '0.0', '0.0', 30, 260, 6, 0, 0, 0, 8, 4, 6, 3),
('Sausage Mushroom & Pepperoni Pizza', 324, '16.0', '7.0', '0.0', '0.0', 30, 860, 32, 1, 0, 0, 15, 15, 14, 4),
('Sausage Mushroom Pizza', 302, '14.0', '7.0', '0.0', '0.0', 20, 770, 32, 1, 0, 0, 15, 15, 13, 4),
('Sausage Pizza', 0, '0.0', '0.0', '0.0', '0.0', 0, 0, 0, 0, 0, 0, 0, 0, 0, 0),
('Sausage Stromboli', 0, '0.0', '0.0', '0.0', '0.0', 0, 0, 0, 0, 0, 0, 0, 0, 0, 0),
('Sautéed Mushrooms', 58, '6.0', '4.0', '0.0', '0.0', 15, 0, 0, 0, 0, 0, 0, 2, 0, 0),
('Sautéed Onions', 51, '4.5', '3.0', '0.0', '0.0', 10, 0, 3, 0, 0, 0, 2, 0, 0, 1),
('Sauteed Miso Squash ', 0, '0.0', '0.0', '0.0', '0.0', 0, 0, 0, 0, 0, 0, 0, 0, 0, 0),
('Sauteed Squash Medley', 41, '1.5', '0.0', '0.0', '0.0', 0, 100, 6, 2, 0, 0, 2, 2, 1, 3),
('Sauteed Vegetable Medley', 52, '2.5', '0.0', '0.0', '0.0', 0, 30, 7, 2, 0, 0, 4, 6, 2, 3),
('Sauteed Yellow Squash', 28, '2.0', '0.0', '0.0', '0.0', 0, 0, 3, 1, 0, 0, 2, 2, 0, 1),
('Scalloped Corn', 160, '4.5', '2.5', '0.0', '0.0', 10, 380, 30, 2, 0, 0, 2, 6, 4, 5),
('Scones', 421, '21.0', '12.0', '0.0', '0.0', 65, 290, 41, 2, 0, 0, 6, 8, 5, 21),
('Scrambled Egg Toppings', 39, '3.0', '1.5', '0.0', '0.0', 10, 75, 1, 0, 0, 0, 6, 2, 3, 0),
('Scrambled Eggs', 236, '19.0', '5.0', '0.0', '0.0', 455, 210, 1, 0, 0, 0, 6, 10, 14, 1),
('Seadog Sandwich', 466, '20.0', '2.5', '0.0', '0.0', 60, 1010, 49, 1, 0, 0, 8, 10, 19, 4),
('Seafood Pizza', 0, '0.0', '0.0', '0.0', '0.0', 0, 0, 0, 0, 0, 0, 0, 0, 0, 0),
('Seafood Salad', 149, '8.0', '1.5', '0.0', '0.0', 75, 500, 6, 0, 0, 0, 4, 8, 13, 0),
('Seasoned Chicken Gravy', 70, '4.5', '2.5', '0.0', '0.0', 15, 300, 6, 0, 0, 0, 8, 2, 2, 3),
('Seasoned Cubed Potatoes', 0, '0.0', '0.0', '0.0', '0.0', 0, 0, 0, 0, 0, 0, 0, 0, 0, 0),
('Seasoned Curly Fries', 237, '17.0', '3.0', '0.0', '0.0', 0, 430, 20, 2, 0, 0, 0, 6, 2, 0),
('Seasoned Waffle Fries', 235, '16.0', '3.5', '0.0', '0.0', 0, 400, 21, 1, 0, 0, 0, 4, 2, 0),
('Seedless Cucumbers', 0, '0.0', '0.0', '0.0', '0.0', 0, 0, 0, 0, 0, 0, 0, 0, 0, 0),
('Sesame Broccoli Slaw', 0, '0.0', '0.0', '0.0', '0.0', 0, 0, 0, 0, 0, 0, 0, 0, 0, 0),
('Sesame Eggplant', 0, '0.0', '0.0', '0.0', '0.0', 0, 0, 0, 0, 0, 0, 0, 0, 0, 0),
('Sharp Cheddar Cheese Sauce', 0, '0.0', '0.0', '0.0', '0.0', 0, 0, 0, 0, 0, 0, 0, 0, 0, 0),
('Shoestring Fries', 0, '0.0', '0.0', '0.0', '0.0', 0, 0, 0, 0, 0, 0, 0, 0, 0, 0),
('Shredded Carrot', 0, '0.0', '0.0', '0.0', '0.0', 0, 0, 0, 0, 0, 0, 0, 0, 0, 0),
('Shredded Carrots', 0, '0.0', '0.0', '0.0', '0.0', 0, 0, 0, 0, 0, 0, 0, 0, 0, 0),
('Shredded Cheddar Cheese', 0, '0.0', '0.0', '0.0', '0.0', 0, 0, 0, 0, 0, 0, 0, 0, 0, 0),
('Shredded Chicken Carnitas', 0, '0.0', '0.0', '0.0', '0.0', 0, 0, 0, 0, 0, 0, 0, 0, 0, 0),
('Shredded Lettuce', 0, '0.0', '0.0', '0.0', '0.0', 0, 0, 0, 0, 0, 0, 0, 0, 0, 0),
('Shredded Mozz/Prov Mix', 45, '3.0', '2.0', '0.0', '0.0', 10, 110, 0, 0, 0, 0, 10, 0, 3, 0),
('Shredded Parmesean Cheese', 0, '0.0', '0.0', '0.0', '0.0', 0, 0, 0, 0, 0, 0, 0, 0, 0, 0),
('Shrimp ', 0, '0.0', '0.0', '0.0', '0.0', 0, 0, 0, 0, 0, 0, 0, 0, 0, 0),
('Shrimp & Vegetable Stir Fry', 114, '3.5', '0.5', '0.0', '0.0', 55, 720, 10, 2, 0, 0, 8, 10, 10, 2),
('Shrimp Alfredo', 423, '29.0', '14.0', '0.0', '0.0', 115, 330, 27, 1, 0, 0, 15, 10, 15, 2),
('Shrimp and Grits', 665, '63.0', '37.0', '0.0', '0.0', 285, 1600, 11, 0, 0, 0, 20, 15, 17, 2),
('Shrimp Ceviche', 0, '0.0', '0.0', '0.0', '0.0', 0, 0, 0, 0, 0, 0, 0, 0, 0, 0),
('Shrimp Cocktail', 0, '0.0', '0.0', '0.0', '0.0', 0, 0, 0, 0, 0, 0, 0, 0, 0, 0),
('Shrimp Creole', 178, '6.0', '1.0', '0.0', '0.0', 160, 360, 8, 2, 0, 0, 8, 15, 22, 3),
('Shrimp Hunan', 0, '0.0', '0.0', '0.0', '0.0', 0, 0, 0, 0, 0, 0, 0, 0, 0, 0),
('Shrimp Mojo Skewer', 0, '0.0', '0.0', '0.0', '0.0', 0, 0, 0, 0, 0, 0, 0, 0, 0, 0),
('Shrimp Pad Thai', 0, '0.0', '0.0', '0.0', '0.0', 0, 0, 0, 0, 0, 0, 0, 0, 0, 0),
('Shrimp Po'' Boy Sandwich', 298, '7.0', '1.0', '0.0', '0.0', 65, 780, 43, 2, 0, 0, 6, 15, 16, 2),
('Shrimp Quesadilla', 343, '16.0', '8.0', '0.0', '0.0', 115, 800, 25, 2, 0, 0, 35, 10, 24, 1),
('Simple Salad w/ Miso Dressing', 0, '0.0', '0.0', '0.0', '0.0', 0, 0, 0, 0, 0, 0, 0, 0, 0, 0),
('Sirloin Tri-Tip Roast', 224, '14.0', '4.5', '0.0', '0.0', 85, 340, 0, 0, 0, 0, 4, 10, 24, 0),
('Sister Schubert Rolls', 140, '4.0', '1.0', '0.0', '0.0', 10, 240, 23, 1, 0, 0, 0, 4, 3, 4),
('Sliced Garlic Bread', 130, '6.0', '1.0', '0.0', '0.0', 0, 190, 18, 0, 0, 0, 0, 6, 3, 1),
('Sliced Kiwi', 0, '0.0', '0.0', '0.0', '0.0', 0, 0, 0, 0, 0, 0, 0, 0, 0, 0),
('Sliced Mushrooms', 0, '0.0', '0.0', '0.0', '0.0', 0, 0, 0, 0, 0, 0, 0, 0, 0, 0),
('Sliced Scallions', 0, '0.0', '0.0', '0.0', '0.0', 0, 0, 0, 0, 0, 0, 0, 0, 0, 0),
('Sliced Strawberries', 54, '0.0', '0.0', '0.0', '0.0', 0, 0, 15, 1, 0, 0, 2, 2, 0, 14),
('Sliced Swiss Cheese', 0, '0.0', '0.0', '0.0', '0.0', 0, 0, 0, 0, 0, 0, 0, 0, 0, 0),
('Sliced Tomatoes', 0, '0.0', '0.0', '0.0', '0.0', 0, 0, 0, 0, 0, 0, 0, 0, 0, 0),
('Slider Bun', 100, '1.5', '0.0', '0.0', '0.0', 0, 105, 19, 0, 0, 0, 2, 4, 3, 2),
('Slider Hot Dog Bun', 90, '1.5', '0.0', '0.0', '0.0', 80, 170, 16, 1, 0, 0, 2, 10, 3, 2),
('Sloppy Joe Sandwiches', 362, '18.0', '6.0', '0.0', '0.0', 55, 670, 33, 1, 0, 0, 4, 15, 19, 10),
('Slow Roasted Pork Loin', 284, '17.0', '5.0', '0.0', '0.0', 75, 620, 9, 0, 0, 0, 6, 10, 25, 0),
('Smoked Gouda Cheese Sauce', 0, '0.0', '0.0', '0.0', '0.0', 0, 0, 0, 0, 0, 0, 0, 0, 0, 0),
('Smoked Hummus', 0, '0.0', '0.0', '0.0', '0.0', 0, 0, 0, 0, 0, 0, 0, 0, 0, 0),
('Smoked Mozzarella & Tomato Empanadas', 100, '4.0', '1.5', '0.0', '0.0', 10, 135, 12, 1, 0, 0, 4, 4, 4, 1),
('Smoked Pork Loin Sandwich', 0, '0.0', '0.0', '0.0', '0.0', 0, 0, 0, 0, 0, 0, 0, 0, 0, 0),
('Smoked Salmon, Cream Cheese, Onion', 160, '10.0', '5.0', '0.0', '0.0', 40, 810, 0, 0, 0, 0, 2, 4, 15, 0),
('Smoked Tofu Steak', 0, '0.0', '0.0', '0.0', '0.0', 0, 0, 0, 0, 0, 0, 0, 0, 0, 0),
('Smoked Tofu Steak w/ Mango Chutney', 0, '0.0', '0.0', '0.0', '0.0', 0, 0, 0, 0, 0, 0, 0, 0, 0, 0),
('Smoked Turkey Salad', 149, '12.0', '2.0', '0.0', '0.0', 70, 490, 3, 0, 0, 0, 2, 4, 8, 2),
('Snickerdoodle Cookies', 164, '7.0', '4.0', '0.0', '0.0', 30, 180, 24, 0, 0, 0, 0, 4, 3, 13),
('Soo Hwa Wrap', 0, '0.0', '0.0', '0.0', '0.0', 0, 0, 0, 0, 0, 0, 0, 0, 0, 0),
('Soul''s Potato Salad', 248, '20.0', '3.5', '0.0', '0.0', 90, 400, 14, 1, 0, 0, 2, 6, 3, 1),
('Soup Ramen Condiments', 188, '5.0', '1.0', '0.0', '0.0', 25, 110, 32, 4, 0, 0, 2, 10, 9, 4),
('Sour Cream', 0, '0.0', '0.0', '0.0', '0.0', 0, 0, 0, 0, 0, 0, 0, 0, 0, 0),
('Southeast Asian Salad', 50, '1.0', '0.0', '0.0', '0.0', 0, 95, 10, 3, 0, 0, 6, 10, 3, 5),
('Southern Dry Rub Baby Back Ribs', 805, '62.0', '23.0', '0.0', '0.0', 245, 270, 8, 0, 0, 0, 10, 20, 51, 7),
('Southern Green Beans', 30, '1.0', '0.0', '0.0', '0.0', 0, 45, 5, 2, 0, 0, 4, 4, 1, 1),
('Southern Style Cornbread', 239, '8.0', '3.0', '0.0', '0.0', 40, 580, 40, 2, 0, 0, 20, 10, 6, 4),
('Southern Style Tofu', 105, '4.5', '0.5', '0.0', '0.0', 0, 160, 12, 3, 0, 0, 20, 10, 6, 5),
('Southwest Caesar Salad', 354, '20.0', '5.0', '0.0', '0.0', 20, 1100, 35, 5, 0, 0, 25, 15, 13, 6),
('Southwest Chicken Pasta Salad', 0, '0.0', '0.0', '0.0', '0.0', 0, 0, 0, 0, 0, 0, 0, 0, 0, 0),
('Southwest Tater Tots', 216, '14.0', '3.0', '0.0', '0.0', 0, 350, 18, 2, 0, 0, 0, 4, 2, 0),
('Southwest Vegetable Salad', 141, '6.0', '0.5', '0.0', '0.0', 0, 190, 19, 3, 0, 0, 2, 6, 3, 8),
('Soy Honey Grilled Salmon', 153, '7.0', '1.0', '0.0', '0.0', 45, 560, 9, 0, 0, 0, 2, 4, 22, 12),
('Spaghetti', 200, '1.0', '0.0', '0.0', '0.0', 0, 70, 40, 2, 0, 0, 2, 10, 7, 0),
('Spanakopita', 0, '0.0', '0.0', '0.0', '0.0', 0, 0, 0, 0, 0, 0, 0, 0, 0, 0),
('Spanish Spicy Potatoes', 0, '0.0', '0.0', '0.0', '0.0', 0, 0, 0, 0, 0, 0, 0, 0, 0, 0),
('Spelt', 0, '0.0', '0.0', '0.0', '0.0', 0, 0, 0, 0, 0, 0, 0, 0, 0, 0),
('Spelt and Edamame Salad', 168, '4.0', '0.5', '0.0', '0.0', 0, 370, 26, 6, 0, 0, 4, 15, 9, 18),
('Spelt, Arugula & Chimichurri Salad', 0, '0.0', '0.0', '0.0', '0.0', 0, 0, 0, 0, 0, 0, 0, 0, 0, 0),
('Spicy Adobo Pork Soup', 0, '0.0', '0.0', '0.0', '0.0', 0, 0, 0, 0, 0, 0, 0, 0, 0, 0),
('Spicy BBQ Sauce', 29, '0.5', '0.0', '0.0', '0.0', 0, 90, 6, 0, 0, 0, 0, 2, 0, 4),
('Spicy Black Bean Burger', 340, '9.0', '1.0', '0.0', '0.0', 0, 870, 49, 8, 0, 0, 10, 20, 22, 6),
('Spicy Italian Burger', 0, '0.0', '0.0', '0.0', '0.0', 0, 0, 0, 0, 0, 0, 0, 0, 0, 0),
('Spicy Italian Pizza ', 287, '12.0', '6.0', '0.0', '0.0', 20, 820, 32, 1, 0, 0, 15, 10, 14, 4),
('Spicy Italian Sausage Pizza', 0, '0.0', '0.0', '0.0', '0.0', 0, 0, 0, 0, 0, 0, 0, 0, 0, 0),
('Spicy Southwest Potato Salad', 0, '0.0', '0.0', '0.0', '0.0', 0, 0, 0, 0, 0, 0, 0, 0, 0, 0),
('Spinach', 27, '0.0', '0.0', '0.0', '0.0', 0, 80, 4, 3, 0, 0, 15, 10, 3, 0),
('Spinach Aglio e Olio', 66, '4.5', '3.0', '0.0', '0.0', 10, 220, 5, 2, 0, 0, 10, 15, 3, 0),
('Spinach and Feta Quiche', 278, '21.0', '11.0', '0.0', '0.0', 130, 200, 12, 0, 0, 0, 20, 4, 10, 0),
('Spinach and Feta Stuffed Rigatoni', 0, '0.0', '0.0', '0.0', '0.0', 0, 0, 0, 0, 0, 0, 0, 0, 0, 0),
('Spinach and Strawberry Salad', 182, '16.0', '1.5', '0.0', '0.0', 0, 80, 8, 3, 0, 0, 6, 10, 4, 3),
('Spinach Artichoke Pizza', 255, '11.0', '4.0', '0.0', '0.0', 10, 590, 31, 2, 0, 0, 15, 10, 10, 2),
('Spinach Broccoli Pizza', 0, '0.0', '0.0', '0.0', '0.0', 0, 0, 0, 0, 0, 0, 0, 0, 0, 0),
('Spinach Lasagna', 487, '14.0', '8.0', '0.0', '0.0', 110, 1000, 51, 5, 0, 0, 50, 25, 35, 7),
('Spinach Salad with Poppy Seed Dressing', 176, '15.0', '1.0', '0.0', '0.0', 0, 150, 7, 1, 0, 0, 6, 6, 1, 5),
('Spinach Tortilla Wrap', 0, '0.0', '0.0', '0.0', '0.0', 0, 0, 0, 0, 0, 0, 0, 0, 0, 0),
('Spinach, Leek, & Mushroom Pizza', 0, '0.0', '0.0', '0.0', '0.0', 0, 0, 0, 0, 0, 0, 0, 0, 0, 0),
('Spiral Sliced Ham', 142, '8.0', '3.5', '0.0', '0.0', 45, 1040, 3, 0, 0, 0, 0, 4, 15, 2),
('Sponge Cake', 187, '3.0', '0.5', '0.0', '0.0', 40, 135, 38, 0, 0, 0, 4, 6, 2, 0),
('Spread Banh Mi', 0, '0.0', '0.0', '0.0', '0.0', 0, 0, 0, 0, 0, 0, 0, 0, 0, 0),
('Spring Break Salad', 0, '0.0', '0.0', '0.0', '0.0', 0, 0, 0, 0, 0, 0, 0, 0, 0, 0),
('Spring Vegetable Blend', 25, '0.0', '0.0', '0.0', '0.0', 0, 15, 5, 2, 0, 0, 2, 2, 1, 2),
('Squash Soup with Apple Confit', 98, '3.0', '1.5', '0.0', '0.0', 10, 320, 18, 2, 0, 0, 6, 4, 1, 8),
('Squash Sweet Potato & Plantain Curry', 0, '0.0', '0.0', '0.0', '0.0', 0, 0, 0, 0, 0, 0, 0, 0, 0, 0),
('Sriracha Sauce', 0, '0.0', '0.0', '0.0', '0.0', 0, 0, 0, 0, 0, 0, 0, 0, 0, 0),
('Steak & Potato Pizza', 0, '0.0', '0.0', '0.0', '0.0', 0, 0, 0, 0, 0, 0, 0, 0, 0, 0),
('Steak Fajita Salad', 0, '0.0', '0.0', '0.0', '0.0', 0, 0, 0, 0, 0, 0, 0, 0, 0, 0),
('Steak Fries', 205, '12.0', '2.0', '0.0', '0.0', 0, 230, 22, 2, 0, 0, 2, 4, 2, 0),
('Steamed Kyoto Blend Vegetables', 70, '2.0', '0.0', '0.0', '0.0', 20, 15, 8, 3, 0, 0, 6, 6, 5, 2),
('Steamed Long Grain Rice', 86, '1.0', '0.0', '0.0', '0.0', 0, 0, 17, 0, 0, 0, 2, 4, 2, 0),
('Steamed Pork Bun', 0, '0.0', '0.0', '0.0', '0.0', 0, 0, 0, 0, 0, 0, 0, 0, 0, 0),
('Steamed Prince Edward Blend Vegetables', 25, '0.0', '0.0', '0.0', '0.0', 0, 25, 5, 2, 0, 0, 4, 4, 2, 3),
('Steamed Spinach', 27, '0.0', '0.0', '0.0', '0.0', 0, 150, 4, 3, 0, 0, 15, 10, 3, 0),
('Strawberry Cheesecake Swirl Bar', 242, '16.0', '8.0', '0.0', '0.0', 50, 160, 21, 0, 0, 0, 4, 0, 5, 16),
('Strawberry Crepes', 0, '0.0', '0.0', '0.0', '0.0', 0, 0, 0, 0, 0, 0, 0, 0, 0, 0),
('Strawberry Danish', 153, '10.0', '3.0', '0.0', '0.0', 0, 95, 13, 0, 0, 0, 2, 0, 2, 2),
('Strawberry Hummus', 98, '6.0', '1.0', '0.0', '0.0', 0, 240, 9, 3, 0, 0, 4, 4, 3, 0),
('Strawberry Hummus Wrap', 227, '6.0', '1.0', '0.0', '0.0', 0, 330, 39, 5, 0, 0, 6, 6, 6, 9),
('Strawberry Pretzel Salad', 0, '0.0', '0.0', '0.0', '0.0', 0, 0, 0, 0, 0, 0, 0, 0, 0, 0),
('Strawberry Rhubarb Pie', 409, '19.0', '9.0', '0.0', '0.0', 0, 540, 57, 2, 0, 0, 10, 4, 3, 29),
('Stuffed Portabella Mushroom', 128, '6.0', '4.0', '0.0', '0.0', 15, 410, 8, 2, 0, 0, 25, 10, 11, 2),
('Sugar Snap Peas', 44, '0.0', '0.0', '0.0', '0.0', 0, 0, 8, 3, 0, 0, 6, 10, 3, 4),
('Sugar Snap Peas & Carrots w/ Ginger', 85, '4.5', '0.5', '0.0', '0.0', 0, 270, 9, 3, 0, 0, 6, 10, 2, 5),
('Sun Dried Tomato Pizza', 0, '0.0', '0.0', '0.0', '0.0', 0, 0, 0, 0, 0, 0, 0, 0, 0, 0),
('Super Chocolate Chip Cookie', 521, '24.0', '12.0', '0.0', '0.0', 30, 370, 74, 0, 0, 0, 0, 0, 6, 49),
('Supreme Pizza', 286, '12.0', '6.0', '0.0', '0.0', 20, 790, 33, 1, 0, 0, 15, 15, 14, 4),
('Sweet & Sour Sauce', 33, '0.0', '0.0', '0.0', '0.0', 0, 95, 8, 0, 0, 0, 0, 0, 0, 7),
('Sweet & Sour Tofu', 348, '22.0', '3.5', '0.0', '0.0', 0, 1610, 28, 1, 0, 0, 15, 10, 12, 5),
('Sweet & Spicy Plum Sauce', 97, '0.5', '0.0', '0.0', '0.0', 0, 440, 23, 0, 0, 0, 0, 0, 0, 20),
('Sweet ''n'' Sour Pork Pizza', 0, '0.0', '0.0', '0.0', '0.0', 0, 0, 0, 0, 0, 0, 0, 0, 0, 0),
('Sweet and Sour Chicken', 270, '9.0', '2.0', '0.0', '0.0', 25, 580, 38, 0, 0, 0, 0, 10, 10, 15),
('Sweet and Sour Cod', 0, '0.0', '0.0', '0.0', '0.0', 0, 0, 0, 0, 0, 0, 0, 0, 0, 0),
('Sweet and Sour Pork', 324, '15.0', '4.5', '0.0', '0.0', 75, 710, 28, 0, 0, 0, 6, 10, 18, 14),
('Sweet and Spicy BBQ Pork', 295, '13.0', '5.0', '0.0', '0.0', 100, 450, 16, 0, 0, 0, 4, 10, 26, 16),
('Sweet Hawaiian Bread', 111, '3.0', '1.5', '0.0', '0.0', 15, 90, 18, 1, 0, 0, 0, 2, 4, 7),
('Sweet Potato Bar', 0, '0.0', '0.0', '0.0', '0.0', 0, 0, 0, 0, 0, 0, 0, 0, 0, 0),
('Sweet Potato Crunch Pie', 284, '12.0', '6.0', '0.0', '0.0', 50, 190, 42, 2, 0, 0, 4, 6, 3, 27),
('Sweet Potato Fries', 197, '13.0', '1.5', '0.0', '0.0', 0, 180, 19, 3, 0, 0, 4, 2, 0, 7),
('Sweet Potato Gratin', 0, '0.0', '0.0', '0.0', '0.0', 0, 0, 0, 0, 0, 0, 0, 0, 0, 0),
('Sweet Potato Hummus', 48, '2.5', '0.0', '0.0', '0.0', 0, 75, 5, 2, 0, 0, 2, 2, 1, 0),
('Sweet Tamarind Chutney', 0, '0.0', '0.0', '0.0', '0.0', 0, 0, 0, 0, 0, 0, 0, 0, 0, 0),
('Szechuan Chicken', 0, '0.0', '0.0', '0.0', '0.0', 0, 0, 0, 0, 0, 0, 0, 0, 0, 0),
('Szechwan Green Beans', 0, '0.0', '0.0', '0.0', '0.0', 0, 0, 0, 0, 0, 0, 0, 0, 0, 0),
('T-bone Steak', 0, '0.0', '0.0', '0.0', '0.0', 0, 0, 0, 0, 0, 0, 0, 0, 0, 0),
('Tabbouleh Salad', 77, '3.0', '0.0', '0.0', '0.0', 0, 300, 12, 3, 0, 0, 2, 6, 2, 0),
('Taco Meat', 0, '0.0', '0.0', '0.0', '0.0', 0, 0, 0, 0, 0, 0, 0, 0, 0, 0),
('Taco Nacho Bar', 241, '16.0', '6.0', '0.0', '0.0', 40, 540, 13, 2, 0, 0, 6, 10, 11, 2),
('Taco Salad', 0, '0.0', '0.0', '0.0', '0.0', 0, 0, 0, 0, 0, 0, 0, 0, 0, 0),
('Taco Shells', 0, '0.0', '0.0', '0.0', '0.0', 0, 0, 0, 0, 0, 0, 0, 0, 0, 0),
('Taco Toppings', 194, '15.0', '8.0', '0.0', '0.0', 30, 790, 7, 3, 0, 0, 20, 6, 6, 3),
('Taffy Apple Salad', 316, '17.0', '4.5', '0.0', '0.0', 10, 25, 35, 4, 0, 0, 4, 8, 9, 27),
('Tamarind Shrimp', 0, '0.0', '0.0', '0.0', '0.0', 0, 0, 0, 0, 0, 0, 0, 0, 0, 0),
('Tandoori Chicken Curry', 0, '0.0', '0.0', '0.0', '0.0', 0, 0, 0, 0, 0, 0, 0, 0, 0, 0),
('Tapas Platter', 0, '0.0', '0.0', '0.0', '0.0', 0, 0, 0, 0, 0, 0, 0, 0, 0, 0),
('Tapenade Verte', 0, '0.0', '0.0', '0.0', '0.0', 0, 0, 0, 0, 0, 0, 0, 0, 0, 0),
('Tartar Sauce', 0, '0.0', '0.0', '0.0', '0.0', 0, 0, 0, 0, 0, 0, 0, 0, 0, 0),
('Tater-Tots', 237, '16.0', '3.0', '0.0', '0.0', 0, 380, 20, 2, 0, 0, 0, 4, 2, 0),
('Tempeh-Stuffed Bell Peppers', 0, '0.0', '0.0', '0.0', '0.0', 0, 0, 0, 0, 0, 0, 0, 0, 0, 0),
('Teriyaki Sauce', 27, '0.5', '0.0', '0.0', '0.0', 0, 170, 5, 0, 0, 0, 0, 0, 0, 4),
('Tex Mex Quinoa', 112, '7.0', '1.5', '0.0', '0.0', 5, 360, 10, 3, 0, 0, 4, 4, 3, 1),
('Thai Basil Sauce', 0, '0.0', '0.0', '0.0', '0.0', 0, 0, 0, 0, 0, 0, 0, 0, 0, 0),
('Thai Basil Tofu Stir Fry', 0, '0.0', '0.0', '0.0', '0.0', 0, 0, 0, 0, 0, 0, 0, 0, 0, 0),
('Thai Beef Salad', 0, '0.0', '0.0', '0.0', '0.0', 0, 0, 0, 0, 0, 0, 0, 0, 0, 0),
('Thai Chili Chicken', 325, '14.0', '3.0', '0.0', '0.0', 85, 500, 17, 1, 0, 0, 2, 6, 32, 17),
('Thai Chili Chicken Drumsticks', 247, '11.0', '3.5', '0.0', '0.0', 100, 380, 11, 0, 0, 0, 2, 8, 23, 11),
('Thai Chili Sauce', 0, '0.0', '0.0', '0.0', '0.0', 0, 0, 0, 0, 0, 0, 0, 0, 0, 0),
('Thai Sticky Rice', 0, '0.0', '0.0', '0.0', '0.0', 0, 0, 0, 0, 0, 0, 0, 0, 0, 0),
('Thai Tofu Pizza', 0, '0.0', '0.0', '0.0', '0.0', 0, 0, 0, 0, 0, 0, 0, 0, 0, 0),
('Thin Crust Chicken Pesto Pizza', 0, '0.0', '0.0', '0.0', '0.0', 0, 0, 0, 0, 0, 0, 0, 0, 0, 0),
('Thin Ramen Noodle', 0, '0.0', '0.0', '0.0', '0.0', 0, 0, 0, 0, 0, 0, 0, 0, 0, 0),
('Three Cheese Lasagna', 0, '0.0', '0.0', '0.0', '0.0', 0, 0, 0, 0, 0, 0, 0, 0, 0, 0),
('Three Cheese Pizza', 0, '0.0', '0.0', '0.0', '0.0', 0, 0, 0, 0, 0, 0, 0, 0, 0, 0),
('Three Cheese Stromboli', 0, '0.0', '0.0', '0.0', '0.0', 0, 0, 0, 0, 0, 0, 0, 0, 0, 0),
('Three Cheese, Potato, and Spinach Bake', 391, '27.0', '14.0', '0.0', '0.0', 305, 1010, 18, 3, 0, 0, 35, 15, 19, 2),
('Tiramisu', 287, '17.0', '12.0', '0.0', '0.0', 90, 170, 29, 0, 0, 0, 6, 2, 2, 24),
('TLT Sandwich', 0, '0.0', '0.0', '0.0', '0.0', 0, 0, 0, 0, 0, 0, 0, 0, 0, 0),
('Toasted Garbanzo Beans', 0, '0.0', '0.0', '0.0', '0.0', 0, 0, 0, 0, 0, 0, 0, 0, 0, 0),
('Toasted Marshmallow and Chocolate Bar', 316, '13.0', '6.0', '0.0', '0.0', 15, 170, 49, 2, 0, 0, 10, 6, 3, 35),
('Tofu and Vegetable Stir Fry', 0, '0.0', '0.0', '0.0', '0.0', 0, 0, 0, 0, 0, 0, 0, 0, 0, 0),
('Tofu Pizza Casserole', 252, '12.0', '6.0', '0.0', '0.0', 20, 570, 20, 2, 0, 0, 40, 15, 17, 3),
('Tofu Salad with Rice Wine Vinaigrette', 40, '1.5', '0.0', '0.0', '0.0', 0, 5, 5, 0, 0, 0, 6, 4, 2, 4),
('Tofu with Mango Chutney', 264, '14.0', '1.5', '0.0', '0.0', 0, 780, 30, 2, 0, 0, 15, 10, 10, 25),
('Toll House Pie', 364, '19.0', '11.0', '0.0', '0.0', 45, 230, 48, 2, 0, 0, 4, 10, 4, 29),
('Tollhouse Pie', 438, '22.0', '12.0', '0.0', '0.0', 50, 280, 60, 2, 0, 0, 2, 10, 4, 37),
('Tom Yum Soup', 86, '4.0', '1.0', '0.0', '0.0', 30, 800, 4, 0, 0, 0, 2, 2, 8, 2),
('Tomato Basil Soup', 48, '2.0', '0.0', '0.0', '0.0', 0, 590, 7, 2, 0, 0, 2, 2, 1, 4),
('Tomato Basil Tortilla', 0, '0.0', '0.0', '0.0', '0.0', 0, 0, 0, 0, 0, 0, 0, 0, 0, 0),
('Tomato Feta Quinoa', 224, '11.0', '2.0', '0.0', '0.0', 5, 540, 26, 3, 0, 0, 8, 10, 6, 3),
('Tomato Soup', 160, '4.0', '2.0', '0.0', '0.0', 10, 890, 27, 2, 0, 0, 10, 2, 5, 18),
('Top Sirloin Beef Steak ', 364, '24.0', '10.0', '0.0', '0.0', 90, 85, 0, 0, 0, 0, 4, 15, 34, 0),
('Tortellini Salad', 288, '11.0', '3.0', '0.0', '0.0', 25, 670, 38, 3, 0, 0, 20, 10, 12, 5),
('Tortellini with Pesto Cream', 0, '0.0', '0.0', '0.0', '0.0', 0, 0, 0, 0, 0, 0, 0, 0, 0, 0),
('Tortilla Crusted Tilapia', 0, '0.0', '0.0', '0.0', '0.0', 0, 0, 0, 0, 0, 0, 0, 0, 0, 0),
('Tortilla Española', 0, '0.0', '0.0', '0.0', '0.0', 0, 0, 0, 0, 0, 0, 0, 0, 0, 0),
('Tres Leches Fruit Cake', 420, '18.0', '4.0', '0.0', '0.0', 155, 530, 59, 1, 0, 0, 10, 15, 9, 37),
('Tri-Color Rotini', 188, '1.0', '0.0', '0.0', '0.0', 0, 80, 38, 2, 0, 0, 2, 10, 6, 0),
('Tri-Color Tortilla Chips', 0, '0.0', '0.0', '0.0', '0.0', 0, 0, 0, 0, 0, 0, 0, 0, 0, 0),
('Tri-tater Potatoes', 215, '15.0', '3.0', '0.0', '0.0', 0, 330, 17, 2, 0, 0, 0, 2, 1, 0),
('Tropical Chicken Salad', 0, '0.0', '0.0', '0.0', '0.0', 0, 0, 0, 0, 0, 0, 0, 0, 0, 0),
('Tropical Grilled Chicken Breast', 0, '0.0', '0.0', '0.0', '0.0', 0, 0, 0, 0, 0, 0, 0, 0, 0, 0),
('Tropical Island Wrap', 0, '0.0', '0.0', '0.0', '0.0', 0, 0, 0, 0, 0, 0, 0, 0, 0, 0),
('Tuna Salad', 164, '8.0', '1.0', '0.0', '0.0', 80, 520, 5, 0, 0, 0, 2, 8, 19, 0),
('Turkey Bacon Panini', 808, '49.0', '13.0', '0.0', '0.0', 80, 1670, 58, 3, 0, 0, 30, 20, 34, 2),
('Turkey Breast', 0, '0.0', '0.0', '0.0', '0.0', 0, 0, 0, 0, 0, 0, 0, 0, 0, 0),
('Turkey Burger', 320, '13.0', '3.0', '0.0', '0.0', 90, 300, 26, 1, 0, 0, 6, 15, 26, 4),
('Turkey Gravy', 15, '1.0', '0.5', '0.0', '0.0', 0, 240, 1, 0, 0, 0, 0, 0, 0, 0),
('Turkey Pot Pie', 314, '14.0', '5.0', '0.0', '0.0', 65, 450, 28, 2, 0, 0, 4, 10, 23, 4),
('Turkey Sausage Patty', 80, '6.0', '2.0', '0.0', '0.0', 30, 250, 0, 0, 0, 0, 2, 2, 6, 0),
('Turtle Cookie', 170, '9.0', '3.5', '0.0', '0.0', 10, 130, 22, 1, 0, 0, 2, 4, 2, 14),
('Tuscan Soup', 184, '14.0', '7.0', '0.0', '0.0', 50, 610, 10, 1, 0, 0, 6, 4, 6, 2),
('Twice Baked Potato Casserole', 0, '0.0', '0.0', '0.0', '0.0', 0, 0, 0, 0, 0, 0, 0, 0, 0, 0),
('Twice Baked Potato Salad', 220, '17.0', '9.0', '0.0', '0.0', 35, 400, 10, 1, 0, 0, 15, 2, 7, 0),
('Tzatziki Sauce', 0, '0.0', '0.0', '0.0', '0.0', 0, 0, 0, 0, 0, 0, 0, 0, 0, 0),
('Vanilla Donut', 190, '8.0', '1.5', '0.0', '0.0', 35, 350, 27, 0, 0, 0, 2, 8, 4, 10),
('Vanilla Pudding', 130, '3.0', '0.0', '0.0', '0.0', 0, 200, 25, 0, 0, 0, 2, 0, 0, 15),
('Vanilla Sheet Cake', 574, '26.0', '11.0', '0.0', '0.0', 115, 450, 81, 0, 0, 0, 8, 10, 5, 61),
('Vegan BBQ Riblets', 0, '0.0', '0.0', '0.0', '0.0', 0, 0, 0, 0, 0, 0, 0, 0, 0, 0),
('Vegan Breakfast Cookie', 107, '1.0', '0.0', '0.0', '0.0', 0, 100, 23, 3, 0, 0, 2, 6, 3, 9),
('Vegan Brownies', 187, '9.0', '1.5', '0.0', '0.0', 0, 105, 28, 1, 0, 0, 2, 8, 2, 17),
('Vegan Cabbage Rolls', 0, '0.0', '0.0', '0.0', '0.0', 0, 0, 0, 0, 0, 0, 0, 0, 0, 0),
('Vegan Cantonese Almond Chicken', 129, '4.0', '0.0', '0.0', '0.0', 0, 850, 9, 1, 0, 0, 4, 20, 14, 2),
('Vegan Chicken Bang Bang', 318, '15.0', '2.5', '0.0', '0.0', 0, 760, 21, 3, 0, 0, 6, 35, 29, 13),
('Vegan Chicken Sukiyaki', 240, '6.0', '0.5', '0.0', '0.0', 0, 270, 35, 3, 0, 0, 8, 8, 8, 1),
('Vegan Chili', 0, '0.0', '0.0', '0.0', '0.0', 0, 0, 0, 0, 0, 0, 0, 0, 0, 0),
('Vegan Chocolate Cupcake', 309, '8.0', '1.5', '0.0', '0.0', 0, 250, 60, 2, 0, 0, 2, 10, 3, 39),
('Vegan Fajitas', 174, '8.0', '1.0', '0.0', '0.0', 0, 640, 8, 1, 0, 0, 4, 30, 21, 2),
('Vegan Fiesta Wrap', 0, '0.0', '0.0', '0.0', '0.0', 0, 0, 0, 0, 0, 0, 0, 0, 0, 0),
('Vegan Fruit Cake', 153, '5.0', '1.0', '0.0', '0.0', 0, 150, 26, 0, 0, 0, 4, 6, 2, 11),
('Vegan Grilled Ham & Cheese Sandwich', 0, '0.0', '0.0', '0.0', '0.0', 0, 0, 0, 0, 0, 0, 0, 0, 0, 0),
('Vegan Gumbo', 0, '0.0', '0.0', '0.0', '0.0', 0, 0, 0, 0, 0, 0, 0, 0, 0, 0),
('Vegan Illini Salad', 0, '0.0', '0.0', '0.0', '0.0', 0, 0, 0, 0, 0, 0, 0, 0, 0, 0),
('Vegan Jerk Chicken', 0, '0.0', '0.0', '0.0', '0.0', 0, 0, 0, 0, 0, 0, 0, 0, 0, 0),
('Vegan Lighter Side of Italy Panini', 0, '0.0', '0.0', '0.0', '0.0', 0, 0, 0, 0, 0, 0, 0, 0, 0, 0),
('Vegan Meatballs and Marinara', 119, '3.0', '0.0', '0.0', '0.0', 0, 720, 12, 2, 0, 0, 4, 10, 7, 7),
('Vegan Mediterranean Pasta Toss', 580, '10.0', '1.0', '0.0', '0.0', 0, 550, 104, 8, 0, 0, 6, 35, 19, 13),
('Vegan Mousaka', 0, '0.0', '0.0', '0.0', '0.0', 0, 0, 0, 0, 0, 0, 0, 0, 0, 0),
('Vegan Muffaletta Sandwich', 0, '0.0', '0.0', '0.0', '0.0', 0, 0, 0, 0, 0, 0, 0, 0, 0, 0),
('Vegan Sloppy Joe', 0, '0.0', '0.0', '0.0', '0.0', 0, 0, 0, 0, 0, 0, 0, 0, 0, 0),
('Vegan Soo Hwa Wrap', 0, '0.0', '0.0', '0.0', '0.0', 0, 0, 0, 0, 0, 0, 0, 0, 0, 0),
('Vegan Spaghetti & Meatballs', 0, '0.0', '0.0', '0.0', '0.0', 0, 0, 0, 0, 0, 0, 0, 0, 0, 0),
('Vegan Spinach Lasagna', 0, '0.0', '0.0', '0.0', '0.0', 0, 0, 0, 0, 0, 0, 0, 0, 0, 0),
('Vegan Split Pea Soup', 198, '1.5', '0.0', '0.0', '0.0', 0, 370, 35, 13, 0, 0, 4, 15, 13, 5),
('Vegan Strawberry Panzanella Salad', 0, '0.0', '0.0', '0.0', '0.0', 0, 0, 0, 0, 0, 0, 0, 0, 0, 0);
INSERT INTO `nutritional_information` (`food_name`, `calories`, `total_fat`, `saturated_fat`, `polyunsaturated_fat`, `monounsaturated_fat`, `cholesterol`, `sodium`, `total_carbohydrate`, `dietary_fiber`, `vitamin_a`, `vitamin_c`, `calcium`, `iron`, `protein`, `sugar`) VALUES
('Vegan Stuffed Portabella Mushrooms', 0, '0.0', '0.0', '0.0', '0.0', 0, 0, 0, 0, 0, 0, 0, 0, 0, 0),
('Vegan Sweet N Sour Chick''n Nuggets', 0, '0.0', '0.0', '0.0', '0.0', 0, 0, 0, 0, 0, 0, 0, 0, 0, 0),
('Vegan Sweet Potato Soup', 182, '1.5', '0.0', '0.0', '0.0', 0, 540, 40, 5, 0, 0, 6, 6, 3, 13),
('Vegan Tacos', 138, '4.0', '1.0', '0.0', '0.0', 0, 400, 16, 3, 0, 0, 4, 20, 12, 3),
('Vegan Tamale Pie', 0, '0.0', '0.0', '0.0', '0.0', 0, 0, 0, 0, 0, 0, 0, 0, 0, 0),
('Vegan Thanksgiving Day Sandwich', 0, '0.0', '0.0', '0.0', '0.0', 0, 0, 0, 0, 0, 0, 0, 0, 0, 0),
('Vegan Thanksgiving Meat Loaf', 0, '0.0', '0.0', '0.0', '0.0', 0, 0, 0, 0, 0, 0, 0, 0, 0, 0),
('Vegan Tikka Masala', 255, '8.0', '2.0', '0.0', '0.0', 0, 820, 12, 2, 0, 0, 8, 50, 38, 3),
('Vegan Tofu & Vegetable Wrap', 0, '0.0', '0.0', '0.0', '0.0', 0, 0, 0, 0, 0, 0, 0, 0, 0, 0),
('Vegan Warm Cinnamon Pecan Quinoa', 0, '0.0', '0.0', '0.0', '0.0', 0, 0, 0, 0, 0, 0, 0, 0, 0, 0),
('Vegetable Barley Soup', 95, '0.0', '0.0', '0.0', '0.0', 0, 390, 21, 4, 0, 0, 4, 6, 3, 3),
('Vegetable Blend with Edamame', 0, '0.0', '0.0', '0.0', '0.0', 0, 0, 0, 0, 0, 0, 0, 0, 0, 0),
('Vegetable Chow Mein', 431, '30.0', '4.5', '0.0', '0.0', 0, 430, 36, 4, 0, 0, 4, 15, 6, 5),
('Vegetable Crudite', 153, '14.0', '2.5', '0.0', '0.0', 15, 350, 6, 2, 0, 0, 6, 4, 2, 3),
('Vegetable Egg Rolls', 0, '0.0', '0.0', '0.0', '0.0', 0, 0, 0, 0, 0, 0, 0, 0, 0, 0),
('Vegetable Lo Mein', 0, '0.0', '0.0', '0.0', '0.0', 0, 0, 0, 0, 0, 0, 0, 0, 0, 0),
('Vegetable Pad Thai', 0, '0.0', '0.0', '0.0', '0.0', 0, 0, 0, 0, 0, 0, 0, 0, 0, 0),
('Vegetable Pho', 0, '0.0', '0.0', '0.0', '0.0', 0, 0, 0, 0, 0, 0, 0, 0, 0, 0),
('Vegetable Pot Pie', 247, '12.0', '4.0', '0.0', '0.0', 10, 420, 32, 3, 0, 0, 6, 10, 6, 5),
('Vegetable Ramen Broth', 20, '0.0', '0.0', '0.0', '0.0', 0, 1700, 5, 0, 0, 0, 2, 2, 0, 4),
('Vegetable Spread', 106, '10.0', '6.0', '0.0', '0.0', 30, 120, 1, 0, 0, 0, 2, 2, 2, 0),
('Vegetarian Beer Cheese Soup', 196, '14.0', '8.0', '0.0', '0.0', 40, 410, 12, 0, 0, 0, 15, 4, 6, 1),
('Vegetarian Buddha''s Delight', 0, '0.0', '0.0', '0.0', '0.0', 0, 0, 0, 0, 0, 0, 0, 0, 0, 0),
('Vegetarian Buffalo Wings', 0, '0.0', '0.0', '0.0', '0.0', 0, 0, 0, 0, 0, 0, 0, 0, 0, 0),
('Vegetarian Burrito Casserole', 416, '16.0', '8.0', '0.0', '0.0', 35, 1510, 44, 11, 0, 0, 35, 25, 23, 6),
('Vegetarian Chicken Enchilada Casserole', 537, '24.0', '10.0', '0.0', '0.0', 45, 2280, 34, 4, 0, 0, 45, 60, 53, 6),
('Vegetarian Chili', 140, '2.5', '0.0', '0.0', '0.0', 0, 560, 25, 8, 0, 0, 8, 15, 6, 5),
('Vegetarian Corn Chowder', 0, '0.0', '0.0', '0.0', '0.0', 0, 0, 0, 0, 0, 0, 0, 0, 0, 0),
('Vegetarian Cupos', 0, '0.0', '0.0', '0.0', '0.0', 0, 0, 0, 0, 0, 0, 0, 0, 0, 0),
('Vegetarian Eggrolls', 0, '0.0', '0.0', '0.0', '0.0', 0, 0, 0, 0, 0, 0, 0, 0, 0, 0),
('Vegetarian Fried Rice', 0, '0.0', '0.0', '0.0', '0.0', 0, 0, 0, 0, 0, 0, 0, 0, 0, 0),
('Vegetarian Hot Dog', 220, '3.5', '0.0', '0.0', '0.0', 25, 890, 33, 1, 0, 0, 6, 10, 14, 6),
('Vegetarian Meatloaf', 183, '2.0', '0.0', '0.0', '0.0', 55, 970, 27, 3, 0, 0, 6, 20, 16, 14),
('Vegetarian Nuggets', 190, '7.0', '1.0', '0.0', '0.0', 0, 490, 18, 2, 0, 0, 2, 15, 12, 1),
('Vegetarian Paella', 149, '3.5', '0.5', '0.0', '0.0', 0, 500, 26, 4, 0, 0, 4, 6, 4, 5),
('Vegetarian Quiche Lorraine ', 361, '28.0', '15.0', '0.0', '0.0', 170, 320, 14, 1, 0, 0, 20, 10, 13, 1),
('Vegetarian Refried Beans', 0, '0.0', '0.0', '0.0', '0.0', 0, 0, 0, 0, 0, 0, 0, 0, 0, 0),
('Vegetarian Sausage Gravy', 191, '12.0', '5.0', '0.0', '0.0', 25, 360, 13, 2, 0, 0, 15, 6, 7, 4),
('Vegetarian Spanish Rice', 98, '2.0', '0.0', '0.0', '0.0', 0, 260, 18, 0, 0, 0, 2, 6, 2, 0),
('Vegetarian Stroganoff', 263, '17.0', '7.0', '0.0', '0.0', 0, 820, 14, 2, 0, 0, 2, 10, 10, 2),
('Veggie Sausage Patty', 80, '3.0', '0.5', '0.0', '0.0', 0, 260, 3, 1, 0, 0, 0, 8, 10, 1),
('Venezuelan Shrimp with Feta', 236, '11.0', '2.5', '0.0', '0.0', 195, 270, 6, 1, 0, 0, 10, 20, 27, 2),
('Very Berry Pie', 375, '17.0', '8.0', '0.0', '0.0', 0, 520, 54, 3, 0, 0, 0, 10, 3, 25),
('Vietnamese Fresh Rolls', 0, '0.0', '0.0', '0.0', '0.0', 0, 0, 0, 0, 0, 0, 0, 0, 0, 0),
('Vinaigrette Cole Slaw', 62, '0.0', '0.0', '0.0', '0.0', 0, 280, 14, 2, 0, 0, 4, 4, 1, 13),
('Waffle Bar', 268, '4.0', '1.5', '0.0', '0.0', 0, 50, 60, 1, 0, 0, 2, 4, 1, 50),
('Waffle Fries', 213, '15.0', '2.5', '0.0', '0.0', 0, 280, 18, 2, 0, 0, 0, 4, 2, 0),
('Waffles', 95, '3.0', '0.5', '0.0', '0.0', 0, 260, 15, 0, 0, 0, 4, 20, 2, 2),
('Waldorf Salad', 97, '7.0', '3.5', '0.0', '0.0', 0, 65, 8, 0, 0, 0, 2, 2, 0, 7),
('Walnut Brownies', 323, '15.0', '6.0', '0.0', '0.0', 0, 190, 45, 2, 0, 0, 2, 10, 4, 35),
('Warm Roasted Red Potato Salad', 127, '6.0', '1.0', '0.0', '0.0', 0, 220, 16, 2, 0, 0, 2, 4, 2, 1),
('When Grapes Get the Bleus Salad', 334, '16.0', '3.5', '0.0', '0.0', 20, 240, 40, 2, 0, 0, 6, 10, 8, 5),
('Whipped Potatoes', 78, '1.5', '0.0', '0.0', '0.0', 0, 440, 15, 0, 0, 0, 0, 2, 2, 0),
('Whipped Sweet Cream Butter', 0, '0.0', '0.0', '0.0', '0.0', 0, 0, 0, 0, 0, 0, 0, 0, 0, 0),
('White and Wild Rice', 142, '1.5', '0.0', '0.0', '0.0', 0, 410, 29, 0, 0, 0, 4, 10, 3, 0),
('White and Wild Rice Blend (vegan)', 0, '0.0', '0.0', '0.0', '0.0', 0, 0, 0, 0, 0, 0, 0, 0, 0, 0),
('White Bean & Arugula Salad', 0, '0.0', '0.0', '0.0', '0.0', 0, 0, 0, 0, 0, 0, 0, 0, 0, 0),
('White Cheese Sauce', 0, '0.0', '0.0', '0.0', '0.0', 0, 0, 0, 0, 0, 0, 0, 0, 0, 0),
('White Chicken Chili', 223, '6.0', '1.5', '0.0', '0.0', 30, 450, 30, 11, 0, 0, 10, 20, 16, 3),
('White Chocolate Cherry Cookies', 180, '8.0', '6.0', '0.0', '0.0', 25, 150, 25, 0, 0, 0, 2, 4, 2, 17),
('White Chocolate Cranberry Blondies', 214, '9.0', '5.0', '0.0', '0.0', 40, 200, 30, 0, 0, 0, 2, 4, 2, 21),
('White Chocolate Macadamia Nut Cookies', 156, '8.0', '3.5', '0.0', '0.0', 10, 110, 20, 0, 0, 0, 2, 4, 2, 13),
('White Garlic Salami Pizza', 0, '0.0', '0.0', '0.0', '0.0', 0, 0, 0, 0, 0, 0, 0, 0, 0, 0),
('White Pesto Pizza', 250, '9.0', '5.0', '0.0', '0.0', 15, 570, 31, 1, 0, 0, 20, 10, 13, 2),
('White Pesto Thin Crust Pizza', 0, '0.0', '0.0', '0.0', '0.0', 0, 0, 0, 0, 0, 0, 0, 0, 0, 0),
('White Rice', 95, '1.0', '0.0', '0.0', '0.0', 0, 60, 19, 0, 0, 0, 2, 6, 2, 0),
('Whole Grain Dijon Mustard', 0, '0.0', '0.0', '0.0', '0.0', 0, 0, 0, 0, 0, 0, 0, 0, 0, 0),
('Whole Kernel Corn', 69, '0.5', '0.0', '0.0', '0.0', 0, 0, 17, 2, 0, 0, 0, 4, 2, 2),
('Whoopie Pie', 280, '17.0', '10.0', '0.0', '0.0', 65, 290, 30, 0, 0, 0, 6, 6, 4, 19),
('Wild Mushroom Lasagna', 448, '22.0', '13.0', '0.0', '0.0', 80, 950, 36, 3, 0, 0, 50, 10, 22, 10),
('Wild Rice Pilaf', 125, '1.5', '0.0', '0.0', '0.0', 0, 390, 25, 0, 0, 0, 4, 10, 3, 0),
('Wrap Tortilla 12 Garlic and Herb', 0, '0.0', '0.0', '0.0', '0.0', 0, 0, 0, 0, 0, 0, 0, 0, 0, 0),
('Yaki Udon', 0, '0.0', '0.0', '0.0', '0.0', 0, 0, 0, 0, 0, 0, 0, 0, 0, 0),
('Yeast Rolls', 95, '2.0', '0.0', '0.0', '0.0', 5, 35, 16, 2, 0, 0, 2, 4, 4, 3),
('Yellow Rice', 97, '1.5', '0.0', '0.0', '0.0', 0, 220, 19, 0, 0, 0, 2, 6, 2, 0),
('Yogurt Bar', 233, '2.5', '0.5', '0.0', '0.0', 0, 55, 54, 4, 0, 0, 6, 6, 4, 38),
('Yucatecan Chicken', 0, '0.0', '0.0', '0.0', '0.0', 0, 0, 0, 0, 0, 0, 0, 0, 0, 0),
('Zesty Garden Soup', 37, '0.0', '0.0', '0.0', '0.0', 0, 240, 8, 2, 0, 0, 2, 6, 1, 3),
('Zesty Pasta Bean Salad', 243, '3.0', '0.0', '0.0', '0.0', 0, 135, 43, 7, 0, 0, 6, 15, 10, 3),
('Zucchini & Tomato Casserole', 96, '5.0', '0.5', '0.0', '0.0', 0, 310, 13, 3, 0, 0, 4, 6, 2, 6),
('Zucchini Quinoa Lasagna', 278, '11.0', '1.0', '0.0', '0.0', 0, 830, 49, 6, 0, 0, 8, 20, 8, 8);

-- --------------------------------------------------------

--
-- Table structure for table `ratings`
--

CREATE TABLE IF NOT EXISTS `ratings` (
  `user_net_id` char(8) NOT NULL,
  `food_name` varchar(255) NOT NULL,
  `rating` int(11) NOT NULL,
  PRIMARY KEY (`user_net_id`,`food_name`),
  KEY `fk_users_has_food_items_users_idx` (`user_net_id`),
  KEY `fk_users_has_food_items_food_items1_idx` (`food_name`)
) ENGINE=InnoDB DEFAULT CHARSET=utf8;

--
-- Dumping data for table `ratings`
--

INSERT INTO `ratings` (`user_net_id`, `food_name`, `rating`) VALUES
('sgherri2', 'Assorted Danishes', 5),
('sgherri2', 'Assorted Donuts', 3),
('sgherri2', 'Fruit Tray', 4),
('sgherri2', 'Hard Cooked Eggs', 2),
('sgherri2', 'Vanilla Pudding', 5),
('sgherri2', 'Waffle Bar', 5),
('sgherri2', 'Yogurt Bar', 1),
('srwalte2', 'Vanilla Pudding', 5),
('whennes2', 'Chocolate Pudding', 4),
('whennes2', 'Cinnamon Twirls', 4),
('whennes2', 'Fettuccine', 3),
('whennes2', 'French Toast', 5),
('whennes2', 'Ice Cream Sundae Bar', 5),
('whennes2', 'Italian Vegetables', 2),
('whennes2', 'Madras Curry Tofu', 1),
('whennes2', 'Peas', 2),
('whennes2', 'Steamed Spinach', 1),
('whennes2', 'Super Chocolate Chip Cookie', 5),
('whennes2', 'Taffy Apple Salad', 5),
('whennes2', 'Tuna Salad', 3),
('whennes2', 'Turkey Pot Pie', 3);

-- --------------------------------------------------------

--
-- Stand-in structure for view `userBestFriends`
--
CREATE TABLE IF NOT EXISTS `userBestFriends` (
`user_net_id` char(8)
,`friend_net_id` char(8)
,`variance` decimal(23,4)
);
-- --------------------------------------------------------

--
-- Stand-in structure for view `userFood`
--
CREATE TABLE IF NOT EXISTS `userFood` (
`food_name` varchar(255)
,`user_net_id` char(8)
,`rating` int(11)
,`category_name` varchar(255)
);
-- --------------------------------------------------------

--
-- Stand-in structure for view `userFoodFriends`
--
CREATE TABLE IF NOT EXISTS `userFoodFriends` (
`user_net_id` char(8)
,`user_rating` int(11)
,`food_name` varchar(255)
,`friend_net_id` char(8)
,`friend_rating` int(11)
);
-- --------------------------------------------------------

--
-- Stand-in structure for view `userFoodRatings`
--
CREATE TABLE IF NOT EXISTS `userFoodRatings` (
`food_name` varchar(255)
,`user_net_id` char(8)
,`rating` int(11)
,`category_name` varchar(255)
);
-- --------------------------------------------------------

--
-- Stand-in structure for view `userFriendRatios`
--
CREATE TABLE IF NOT EXISTS `userFriendRatios` (
`user_net_id` char(8)
,`friend_net_id` char(8)
,`food_name` varchar(255)
,`diff` bigint(23)
);
-- --------------------------------------------------------

--
-- Table structure for table `users`
--

CREATE TABLE IF NOT EXISTS `users` (
  `user_net_id` char(8) NOT NULL,
  PRIMARY KEY (`user_net_id`),
  UNIQUE KEY `net_id_UNIQUE` (`user_net_id`)
) ENGINE=InnoDB DEFAULT CHARSET=utf8;

--
-- Dumping data for table `users`
--

INSERT INTO `users` (`user_net_id`) VALUES
('jasonsu2'),
('sgherri2'),
('srwalte2'),
('whennes2'),
('zhesun3');

-- --------------------------------------------------------

--
-- Structure for view `bestFriendFood`
--
DROP TABLE IF EXISTS `bestFriendFood`;

CREATE ALGORITHM=UNDEFINED DEFINER=`cs411backend`@`130.126.112.114` SQL SECURITY DEFINER VIEW `bestFriendFood` AS select `u1`.`user_net_id` AS `user_net_id`,`u1`.`friend_net_id` AS `friend_net_id`,`u2`.`food_name` AS `food_name`,`u2`.`rating` AS `rating` from (`userBestFriends` `u1` join `userFoodRatings` `u2`) where (`u2`.`user_net_id` = `u1`.`friend_net_id`) group by `u1`.`user_net_id`;

-- --------------------------------------------------------

--
-- Structure for view `goodFood`
--
DROP TABLE IF EXISTS `goodFood`;

CREATE ALGORITHM=UNDEFINED DEFINER=`cs411backend`@`130.126.112.114` SQL SECURITY DEFINER VIEW `goodFood` AS select `food_items`.`food_name` AS `food_name`,avg(`ratings`.`rating`) AS `avg_rating` from (`food_items` join `ratings` on((`food_items`.`food_name` = `ratings`.`food_name`))) group by `food_items`.`food_name` having (`avg_rating` >= 4) order by avg(`ratings`.`rating`) desc;

-- --------------------------------------------------------

--
-- Structure for view `userBestFriends`
--
DROP TABLE IF EXISTS `userBestFriends`;

CREATE ALGORITHM=UNDEFINED DEFINER=`cs411backend`@`130.126.112.114` SQL SECURITY DEFINER VIEW `userBestFriends` AS select `userFriendRatios`.`user_net_id` AS `user_net_id`,`userFriendRatios`.`friend_net_id` AS `friend_net_id`,avg(`userFriendRatios`.`diff`) AS `variance` from `userFriendRatios` group by `userFriendRatios`.`user_net_id` having (`variance` < 1) order by avg(`userFriendRatios`.`diff`);

-- --------------------------------------------------------

--
-- Structure for view `userFood`
--
DROP TABLE IF EXISTS `userFood`;

CREATE ALGORITHM=UNDEFINED DEFINER=`cs411backend`@`130.126.112.114` SQL SECURITY DEFINER VIEW `userFood` AS select `userFoodRatings`.`food_name` AS `food_name`,`userFoodRatings`.`user_net_id` AS `user_net_id`,`userFoodRatings`.`rating` AS `rating`,`userFoodRatings`.`category_name` AS `category_name` from `userFoodRatings` where (`userFoodRatings`.`rating` >= 4);

-- --------------------------------------------------------

--
-- Structure for view `userFoodFriends`
--
DROP TABLE IF EXISTS `userFoodFriends`;

CREATE ALGORITHM=UNDEFINED DEFINER=`cs411backend`@`130.126.112.114` SQL SECURITY DEFINER VIEW `userFoodFriends` AS select `u1`.`user_net_id` AS `user_net_id`,`u1`.`rating` AS `user_rating`,`u1`.`food_name` AS `food_name`,`u2`.`user_net_id` AS `friend_net_id`,`u2`.`rating` AS `friend_rating` from (`userFoodRatings` `u1` join `userFoodRatings` `u2`) where ((`u1`.`food_name` = `u2`.`food_name`) and (`u1`.`user_net_id` <> `u2`.`user_net_id`));

-- --------------------------------------------------------

--
-- Structure for view `userFoodRatings`
--
DROP TABLE IF EXISTS `userFoodRatings`;

CREATE ALGORITHM=UNDEFINED DEFINER=`cs411backend`@`130.126.112.114` SQL SECURITY DEFINER VIEW `userFoodRatings` AS select `ratings`.`food_name` AS `food_name`,`ratings`.`user_net_id` AS `user_net_id`,`ratings`.`rating` AS `rating`,`food_items`.`category_name` AS `category_name` from (`ratings` join `food_items` on((`ratings`.`food_name` = `food_items`.`food_name`)));

-- --------------------------------------------------------

--
-- Structure for view `userFriendRatios`
--
DROP TABLE IF EXISTS `userFriendRatios`;

CREATE ALGORITHM=UNDEFINED DEFINER=`cs411backend`@`130.126.112.114` SQL SECURITY DEFINER VIEW `userFriendRatios` AS select `userFoodFriends`.`user_net_id` AS `user_net_id`,`userFoodFriends`.`friend_net_id` AS `friend_net_id`,`userFoodFriends`.`food_name` AS `food_name`,((`userFoodFriends`.`user_rating` - `userFoodFriends`.`friend_rating`) * (`userFoodFriends`.`user_rating` - `userFoodFriends`.`friend_rating`)) AS `diff` from `userFoodFriends` group by `userFoodFriends`.`friend_net_id` having (count(`userFoodFriends`.`food_name`) > 5);

--
-- Constraints for dumped tables
--

--
-- Constraints for table `food_items`
--
ALTER TABLE `food_items`
  ADD CONSTRAINT `fk_food_items_categories1` FOREIGN KEY (`category_name`) REFERENCES `categories` (`category_name`) ON DELETE NO ACTION ON UPDATE CASCADE;

--
-- Constraints for table `menus`
--
ALTER TABLE `menus`
  ADD CONSTRAINT `fk_menus_facilities1` FOREIGN KEY (`facility_id`) REFERENCES `facilities` (`facility_id`) ON DELETE CASCADE ON UPDATE CASCADE;

--
-- Constraints for table `menus_have_food_items`
--
ALTER TABLE `menus_have_food_items`
  ADD CONSTRAINT `fk_menus_has_food_items_food_items1` FOREIGN KEY (`food_name`) REFERENCES `food_items` (`food_name`) ON DELETE CASCADE ON UPDATE CASCADE,
  ADD CONSTRAINT `fk_menus_has_food_items_menus1` FOREIGN KEY (`menus_id`) REFERENCES `menus` (`menus_id`) ON DELETE CASCADE ON UPDATE CASCADE;

--
-- Constraints for table `notifications`
--
ALTER TABLE `notifications`
  ADD CONSTRAINT `fk_notifications_facilities1` FOREIGN KEY (`facility_id`) REFERENCES `facilities` (`facility_id`) ON DELETE CASCADE ON UPDATE CASCADE,
  ADD CONSTRAINT `fk_users_has_food_items_food_items2` FOREIGN KEY (`food_name`) REFERENCES `food_items` (`food_name`) ON DELETE CASCADE ON UPDATE CASCADE,
  ADD CONSTRAINT `fk_users_has_food_items_users1` FOREIGN KEY (`user_net_id`) REFERENCES `users` (`user_net_id`) ON DELETE CASCADE ON UPDATE CASCADE;

--
-- Constraints for table `nutritional_information`
--
ALTER TABLE `nutritional_information`
  ADD CONSTRAINT `fk_nutritional_information_food_items1` FOREIGN KEY (`food_name`) REFERENCES `food_items` (`food_name`) ON DELETE CASCADE ON UPDATE CASCADE;

--
-- Constraints for table `ratings`
--
ALTER TABLE `ratings`
  ADD CONSTRAINT `fk_users_has_food_items_food_items1` FOREIGN KEY (`food_name`) REFERENCES `food_items` (`food_name`) ON DELETE CASCADE ON UPDATE CASCADE,
  ADD CONSTRAINT `fk_users_has_food_items_users` FOREIGN KEY (`user_net_id`) REFERENCES `users` (`user_net_id`) ON DELETE CASCADE ON UPDATE CASCADE;

/*!40101 SET CHARACTER_SET_CLIENT=@OLD_CHARACTER_SET_CLIENT */;
/*!40101 SET CHARACTER_SET_RESULTS=@OLD_CHARACTER_SET_RESULTS */;
/*!40101 SET COLLATION_CONNECTION=@OLD_COLLATION_CONNECTION */;
